time,ideal_x,ideal_y,ideal_theta,ideal_speed,noisy_x,noisy_y,noisy_theta,noisy_speed,filtered_x,filtered_y,filtered_theta,filtered_speed,desired_speed,desired_y,steering_cmd,speed_cmd
0.055784972,nan,nan,nan,nan,nan,nan,nan,nan,nan,nan,nan,nan,nan,nan,nan,nan
0.10567605,nan,nan,nan,nan,nan,nan,nan,nan,nan,nan,nan,nan,nan,nan,0.0,nan
0.155991009,nan,nan,nan,nan,nan,nan,nan,nan,nan,nan,nan,nan,nan,nan,0.0,nan
0.205950662,nan,nan,nan,nan,nan,nan,nan,nan,nan,nan,nan,nan,nan,nan,0.0,nan
0.255671443,nan,nan,nan,nan,nan,nan,nan,nan,nan,nan,nan,nan,nan,nan,0.0,nan
0.305767539,nan,nan,nan,nan,nan,nan,nan,nan,nan,nan,nan,nan,0.0,0.0,0.0,nan
0.355871087,nan,nan,nan,nan,nan,nan,nan,nan,nan,nan,nan,nan,0.0,0.0,0.0,0.0
0.406348444,nan,nan,nan,nan,nan,nan,nan,nan,nan,nan,nan,nan,0.0,0.0,0.0,0.0
0.45609317,nan,nan,nan,nan,nan,nan,nan,nan,nan,nan,nan,nan,0.0,0.0,0.0,0.0
0.505679878,nan,nan,nan,nan,nan,nan,nan,nan,nan,nan,nan,nan,0.0,0.0,0.0,0.0
0.555699038,nan,nan,nan,nan,nan,nan,nan,nan,nan,nan,nan,nan,0.0,0.0,0.0,0.0
0.605678448,nan,nan,nan,nan,nan,nan,nan,nan,nan,nan,nan,nan,0.0,0.0,0.0,0.0
0.655606388,nan,nan,nan,nan,nan,nan,nan,nan,nan,nan,nan,nan,0.0,0.0,0.0,0.0
0.705573337,nan,nan,nan,nan,nan,nan,nan,nan,nan,nan,nan,nan,0.0,0.0,0.0,0.0
0.755566883,nan,nan,nan,nan,nan,nan,nan,nan,nan,nan,nan,nan,0.0,0.0,0.0,0.0
0.805568384,nan,nan,nan,nan,nan,nan,nan,nan,nan,nan,nan,nan,0.0,0.0,0.0,0.0
0.855574549,nan,nan,nan,nan,nan,nan,nan,nan,nan,nan,nan,nan,0.0,0.0,0.0,0.0
0.905648591,nan,nan,nan,nan,nan,nan,nan,nan,nan,nan,nan,nan,0.0,0.0,0.0,0.0
0.955589325,nan,nan,nan,nan,nan,nan,nan,nan,nan,nan,nan,nan,0.0,0.0,0.0,0.0
1.005570102,nan,nan,nan,nan,nan,nan,nan,nan,nan,nan,nan,nan,0.0,0.0,0.0,0.0
1.055626887,nan,nan,nan,nan,nan,nan,nan,nan,nan,nan,nan,nan,0.0,0.0,0.0,0.0
1.105565788,nan,nan,nan,nan,nan,nan,nan,nan,nan,nan,nan,nan,0.0,0.0,0.0,0.0
1.155615808,nan,nan,nan,nan,nan,nan,nan,nan,nan,nan,nan,nan,0.0,0.0,0.0,0.0
1.205688725,nan,nan,nan,nan,nan,nan,nan,nan,nan,nan,nan,nan,0.0,0.0,0.0,0.0
1.255647652,nan,nan,nan,nan,nan,nan,nan,nan,nan,nan,nan,nan,0.0,0.0,0.0,0.0
1.305900262,nan,nan,nan,nan,nan,nan,nan,nan,nan,nan,nan,nan,0.0,0.0,0.0,0.0
1.355577017,nan,nan,nan,nan,nan,nan,nan,nan,nan,nan,nan,nan,0.0,0.0,0.0,0.0
1.40557059,nan,nan,nan,nan,nan,nan,nan,nan,nan,nan,nan,nan,0.0,0.0,0.0,0.0
1.455611947,nan,nan,nan,nan,nan,nan,nan,nan,nan,nan,nan,nan,0.0,0.0,0.0,0.0
1.505583672,nan,nan,nan,nan,nan,nan,nan,nan,nan,nan,nan,nan,0.0,0.0,0.0,0.0
1.555684091,nan,nan,nan,nan,nan,nan,nan,nan,nan,nan,nan,nan,0.0,0.0,0.0,0.0
1.605701676,nan,nan,nan,nan,nan,nan,nan,nan,nan,nan,nan,nan,0.0,0.0,0.0,0.0
1.655754719,nan,nan,nan,nan,nan,nan,nan,nan,nan,nan,nan,nan,0.0,0.0,0.0,0.0
1.705582037,nan,nan,nan,nan,nan,nan,nan,nan,nan,nan,nan,nan,0.0,0.0,0.0,0.0
1.755693438,nan,nan,nan,nan,nan,nan,nan,nan,nan,nan,nan,nan,0.0,0.0,0.0,0.0
1.805723856,4.076634572674056e-28,3.55283436793857e-55,1.775088679197769e-27,1.2014321826425383e-26,-0.012643091157638611,-0.017762958965572388,0.005514492872282918,0.0,-0.012643091157638611,-0.017762958965572388,0.005669888570072863,0.0,0.0,0.0,0.00870356887598629,0.0
1.855574017,8.243445369999916e-28,1.5001557936759803e-54,3.74294122040518e-27,1.2423451576751642e-26,0.010153553579631186,-0.01840030981520236,-0.00010346156399904235,0.01182778126398847,-0.0022788792074733537,-0.018045830258167007,0.0031067059563048005,0.01182778126398847,0.12,0.0,0.01817235314885253,0.12
1.905531048,0.0043199999128006325,7.557419140621104e-07,0.00033397665626953583,0.12000000000015054,0.024779691185608185,0.013989969692997786,0.009421411131164265,0.1253515733840243,0.007036525487861576,-0.0014705141216040862,0.0036600422528687607,0.1253515733840243,0.12,0.0,0.006180917543766306,0.12
1.95553751,0.008399999516327765,2.5435390266764856e-06,0.0005065843651622499,0.120000000000327,0.010777260765744446,-0.010963643677465735,-0.0024731394016557348,0.08664662153596205,0.010213604928449879,-0.0038694196289086815,0.002514096519146779,0.08664662153596205,0.12,0.0,0.0017119632384794228,0.12
2.00556149,0.016559998289936692,7.01400150593601e-06,0.0005824604743476,0.11999999996611821,0.02530813993952087,0.013294606888611882,0.001282612568408325,0.128856772988943,0.02224290841780668,-0.002579755625974728,0.0029785805155658363,0.128856772988943,0.12,0.0,0.0022780688122532684,0.12
2.055558537,0.020639997548437244,9.473083685496515e-06,0.0006228684282054368,0.1199999999996891,0.03588780130158281,0.00011087597064951804,0.004486713387901039,0.09700737614085711,0.02789597042179392,-0.001973623929658341,0.002798084921507909,0.09700737614085711,0.12,0.0,-0.0003237220221071816,0.12
2.105657299,0.028799995952238398,1.457667745190545e-05,0.0006058313807918274,0.11999999999970472,0.044404994542997275,0.003241271890758719,0.0032213461670820005,0.1153997851054827,0.034599048827579956,-0.0008293471568255925,0.003428183691663324,0.1153997851054827,0.12,0.0,-0.003105286380666281,0.12
2.155578267,0.03287999526558045,1.6942887601212962e-05,0.0005581210814517395,0.1199999999996995,0.05591313349574821,-0.005810397754581704,0.004749394950675045,0.14051040961630293,0.04479443493039004,-0.003769241580469527,0.0005633507589102855,0.14051040961630293,0.12,0.0,0.0019960600427411435,0.12
2.205577209,0.03695999462046611,1.923715800586719e-05,0.0005744368535985403,0.11999999999969639,0.034957735538950346,-0.010851292034867184,-0.01050090200639421,0.1345166858011391,0.046297718894048955,-0.005297102613609318,-0.0012949092679472984,0.1345166858011391,0.12,0.0,0.007105637083104905,0.12
2.255603833,0.04511999282693314,2.462295437607332e-05,0.0007825126672147359,0.11999999999969328,0.0774931322309664,-0.009749884939440822,0.001689691604058668,0.140227938829477,0.05978480065765151,-0.0056862597813130775,-0.0013115425416350894,0.140227938829477,0.12,0.0,0.008772095300254096,0.12
2.305810047,0.049199991322747307,2.8121722101994102e-05,0.0009364359590360272,0.1199999999996912,0.05589850588202916,0.009531896769204766,-0.0011436691942173025,0.1276169076215761,0.06239367980436595,-0.0024566434495362104,-0.001129709127648242,0.1276169076215761,0.12,0.0,0.00742491399655292,0.12
2.355555233,0.05735998639188321,3.706407629403555e-05,0.0012204530223239212,0.1199999999996912,0.027683553821805405,0.006097690976092164,0.0008513064755066887,0.12614400784725283,0.05855199360268014,0.0035237103300649678,-1.949082697000668e-05,0.12614400784725283,0.12,0.0,-0.0009666664663020954,0.12
2.4055792,0.06143998329641751,4.2089865497379464e-05,0.001228599265264685,0.11999999999968702,0.06468408407296043,-0.019052761929865575,0.0003725834444336852,0.13006098896543938,0.06339333370131653,-0.0012679863911111032,-4.977789332878146e-05,0.13006098896543938,0.12,0.0,-0.0006728786744746627,0.12
2.455558285,0.06959997746059007,5.184808933805329e-05,0.0011858155900126965,0.11999999999968702,0.07868586904829403,0.03786240874415366,0.017689854447889338,0.09320061458037412,0.07210293766175396,0.0067236300179238815,0.003549454151790213,0.09320061458037412,0.12,0.0,-0.006453678857049422,0.12
2.506359366,0.07367997467262433,5.661680187746811e-05,0.0011190819695119521,0.11999999999968702,0.08265174605297275,-0.01353855639174353,-0.0005830212421501337,0.11924601527965328,0.07782373374502943,0.002431370955221818,0.002000385250040535,0.11924601527965328,0.12,0.0,-0.008786454587487402,0.12
2.556433035,0.07775997250120371,6.082068751654051e-05,0.0009434901140716362,0.11999999999968702,0.1014102230434865,0.00625272849831407,0.005802183462690345,0.10266145510967509,0.08662625939136,0.0032557108855385815,0.002789164883111421,0.10266145510967509,0.12,0.0,-0.008424683400839659,0.12
2.605712176,0.08183997095961427,6.436305470852026e-05,0.0007921533772313965,0.11999999999968702,0.06578161558312874,-0.02665540216111155,0.011267425528134072,0.12348560361854523,0.08710348097212961,-0.0030615676761742965,0.0038673900128009244,0.12348560361854523,0.12,0.0,-0.0056820422443805245,0.12
2.655884591,0.08591996991706552,6.72740878779852e-05,0.0006441929659313205,0.11999999999968076,0.0768748424284222,0.015016967710176804,-0.010602034908988032,0.10844818089330553,0.0883846707987303,0.0007650032843392004,0.00033186397007083877,0.10844818089330553,0.12,0.0,-0.002853566996789693,0.12
2.705882828,0.09407996860339368,7.189358294912246e-05,0.0004997828200540771,0.119999999999687,0.09373526090139007,0.010666695922338647,0.004791303905729757,0.12234915225311345,0.09354820616543856,0.0028756656148527715,0.0010547756275648614,0.12234915225311345,0.12,0.0,-0.004843889392972301,0.12
2.755940831,0.09815996817533322,7.37595397392985e-05,0.0004088954440700072,0.11999999999968147,0.11652588148653173,0.0027164039429412325,0.0010772689619164433,0.13924023188238527,0.10676867568121906,0.004178161875494435,0.0020351145595899323,0.13924023188238527,0.12,0.0,-0.007724749415950957,0.12
2.806400482,0.10223996793005528,7.516559492437095e-05,0.00027584311339852127,0.119999999999687,0.10913988375653579,0.019259168651771717,-0.002431018743307558,0.12690428090815395,0.11114367999750586,0.007378584164641454,0.0010057772770216769,0.12690428090815395,0.12,0.0,-0.009874983252212276,0.12
2.855634795,0.10631996784417623,7.59822988187451e-05,0.00011816427518546882,0.11999999999968285,0.12190456155199193,0.02624060666054119,0.005169479587098178,0.10006117731471591,0.11651553500385789,0.011392790035153918,0.0010442581784587109,0.10006117731471591,0.12,0.0,-0.015708734883372308,0.12
2.906376579,0.11447996769744627,7.504817353340221e-05,-0.00039315539683332863,0.1199999999996787,0.11010300354241148,0.002360032683937467,-0.0003511481053779413,0.12165843967389066,0.11730003130324955,0.0070189504312983065,0.0017151016849361342,0.12165843967389066,0.12,0.0,-0.016258546137036395,0.12
2.956037946,0.11855996708110622,7.283351470341086e-05,-0.0006900138122088173,0.11999999999968425,0.120875122409994,0.0002688394787972237,-0.003927449058985453,0.12398667567148053,0.1221610503335797,0.005584382038952355,0.0002981889024793291,0.12398667567148053,0.12,0.0,-0.011745507138422219,0.12
3.006265213,0.12263996570922892,6.949966774621267e-05,-0.0009311848112646843,0.11999999999968702,0.11724500082997225,-0.006476789707138662,-0.00864101215829305,0.10576255104886328,0.12480224904470291,0.003011960740039424,-0.002035589387710305,0.10576255104886328,0.12,0.0,-0.006082811510561192,0.12
3.056398723,0.12671996356830384,6.532483080526078e-05,-0.0010970744843858263,0.11999999999968702,0.13752145260052975,0.021717608600763143,0.011731180013918095,0.09149221247689061,0.13085295587132897,0.0069963076457523095,0.0010250902690208045,0.09149221247689061,0.12,0.0,-0.007496264462765337,0.12
3.108298639,0.13079996089238433,6.0653560127594084e-05,-0.001205352618535225,0.11999999999968565,0.13164805670035928,0.0015405234474097174,-0.0033831861428809625,0.11881265414395836,0.13660872920515268,0.005834427311108153,0.0006319877726586375,0.11881265414395836,0.12,0.0,-0.009379249793656754,0.12
3.156013227,0.13487995747619366,5.537779697904112e-05,-0.0013800834167730983,0.1199999999996801,0.13565334383898545,0.0008765077685115371,-0.006474330494932575,0.10251440014577504,0.13660872920515268,0.005834427311108153,0.0006319877726586375,0.11881265414395836,0.12,0.0,-0.009265912672579962,0.12
3.205844058,0.1389599530868046,4.9396432263389314e-05,-0.0015482499408695112,0.11999999999968425,0.1460541101223564,0.006796987125552243,-0.008517610818408307,0.09825881922000604,0.1452298660436841,0.005184552968388771,-0.00270862006326933,0.09825881922000604,0.12,0.0,-0.00524009525561565,0.12
3.255781753,0.1430399478080994,4.28346866845174e-05,-0.0016606725252000817,0.11999999999968702,0.12990200733430263,-0.02334712691096326,-0.00923345996590708,0.13106251699500784,0.1464814840879661,-0.0008962873187795747,-0.003247886998243009,0.13106251699500784,0.12,0.0,0.0005089312299150156,0.12
3.306262165,0.1471199419228239,3.590518633766783e-05,-0.0017161394969465106,0.11999999999968285,0.16106118250286897,-0.00498845714571217,-0.010572342204376367,0.12011406515597477,0.1534739347832495,-0.0017915037314280898,-0.004340671251665805,0.12011406515597477,0.12,0.0,0.006002059823297452,0.12
3.356039513,0.15527993067716875,2.2363598305398026e-05,-0.0015641764245053484,0.11999999999967037,0.16233773747370409,-0.0014571152665237262,0.0061848236134001795,0.11776432104243834,0.15898330173744443,-0.001718918208053749,-0.0017855660571395645,0.11776432104243834,0.12,0.0,0.005497668037413556,0.12
3.405863594,0.15935992600501034,1.6190194401296705e-05,-0.0014684069999656105,0.11999999999967037,0.1604207261674113,-0.030409999275836642,-0.007224751317802263,0.13504066911361667,0.1646498811703611,-0.005403061112558325,-0.0026659357923427924,0.13504066911361667,0.12,0.0,0.006882083855379328,0.12
3.456620803,0.16343992182805944,1.0353162611024571e-05,-0.0013748458372489691,0.11999999999967037,0.15550834513683984,0.011132386092587706,-0.0047255379204867755,0.1362288541851874,0.1671698929451196,-0.0019128372776258747,-0.0017713113184091656,0.1362288541851874,0.12,0.0,0.007416113530921519,0.12
3.505776788,0.1675199183970945,5.065312435666168e-06,-0.0012205825604894205,0.11999999999967037,0.18686661141302768,0.0006504439126144992,0.0038394276041411823,0.09986242118491202,0.17454602952310402,-0.001365431216164497,-0.0004670278246487142,0.09986242118491202,0.12,0.0,0.00482109615050448,0.12
3.559037691,0.1756799134187161,-3.934591565385211e-06,-0.00100899935761017,0.11999999999968702,0.1748626463618659,-0.0001889390401330246,-0.006998739965441808,0.12962099400842972,0.17838873192940033,-0.001129789195022664,-0.0012094625603177604,0.12962099400842972,0.12,0.0,0.003895786774933071,0.12
3.607674803,0.17975991149399934,-7.89657810645958e-06,-0.0009277137867182121,0.11999999999967315,0.18092187567784068,-0.018424096425600497,0.0012885020106912295,0.12329106426248919,0.1842716347599755,-0.008080089699772797,-0.00015085965971485256,0.12329106426248919,0.12,0.0,0.00847181203326893,0.12
3.656703628,0.1838399099870073,-1.1398648438537455e-05,-0.0007769824393146513,0.11999999999967037,0.176856814453683,-0.0028982849234750413,0.005395401275237871,0.12064420980024412,0.18729353334275375,-0.006972590984969218,0.0016550478334048187,0.12064420980024412,0.12,0.0,0.008619996317607995,0.12
3.706259511,0.18791990901189673,-1.4212465794847269e-05,-0.0006085187935560011,0.11999999999967037,0.21055516466868976,0.0008325052259322421,0.0034351149536748895,0.13451899561472272,0.19711281077018283,-0.005304993894105387,0.0021420584620069814,0.13451899561472272,0.12,0.0,0.006096355102778444,0.12
3.755802202,0.1919999084189174,-1.6406399765712895e-05,-0.0004752570219446222,0.11999999999967037,0.18764728027413288,0.011929400170805963,-0.008561883676430211,0.1244120806372047,0.1990115703225048,-0.0016599699845834441,0.00021349651177291488,0.1244120806372047,0.12,0.0,0.0036795045819033503,0.12
3.806585647,0.19607990804801104,-1.8142582568693254e-05,-0.00038232702797133956,0.11999999999967867,0.17379869282421226,0.009335017860923488,0.005113533837095348,0.10005024206681819,0.19664855407962026,0.0006815807202763934,0.0014292562070364581,0.10005024206681819,0.12,0.0,-0.0011734310244858916,0.12
3.856825044,0.20423990753284185,-2.1041302164634802e-05,-0.00035011440309844774,0.11999999999968702,0.17567579367940642,-0.00038944522130060657,0.004250450515243826,0.11838959932926647,0.20038348489666216,-0.0035516420994459235,0.0019155619631234682,0.11838959932926647,0.12,0.0,0.00346003037669396,0.12
3.905925591,0.20831990731669087,-2.2367528124647673e-05,-0.00029476673781895883,0.11999999999967174,0.20699372084896428,-0.0046966332174964145,-0.0034893557558137887,0.10928714549079979,0.20519137766187787,-0.0037962085349812816,0.00041891397649457176,0.10928714549079979,0.12,0.0,0.0036671983349003483,0.12
3.955725145,0.21239990716978324,-2.34603107900834e-05,-0.00023699598082728925,0.11999999999967037,0.1998990226475006,0.010475310951466279,0.011510884410092528,0.11370922316416875,0.20745118622809183,-0.0007491600214073954,0.0029490233167024245,0.11370922316416875,0.12,0.0,0.0006425029459196999,0.12
4.006251783,0.21647990708659906,-2.427949277563008e-05,-0.0001680354671081356,0.11999999999967174,0.22801631869922204,0.006603784757733785,-0.00101109726569581,0.10857692093825276,0.21493092566282634,0.0008154072587630165,0.0015679191441241576,0.10857692093825276,0.12,0.0,-0.0023700053264074,0.12
4.055757996,0.2246399069558427,-2.5734846457069192e-05,-0.00020898937434702685,0.11999999999967174,0.19878646472543166,-0.01989632525645335,-0.005915593153330297,0.13117314406818337,0.21980959067693714,-0.003783835042262177,-0.0014142267649665061,0.13117314406818337,0.12,0.0,-0.0010477752486239102,0.12
4.106088566,0.22871990685617294,-2.663628901448761e-05,-0.0002270538423868092,0.11999999999967037,0.25396639085853656,-0.003501913141408479,0.0046051572265294,0.12285446968875507,0.23107994997215656,-0.003715911841783493,-0.0015552001221452668,0.12285446968875507,0.12,0.0,0.004987106198537594,0.12
4.156344183,0.23279990677772805,-2.7431226745011244e-05,-0.00015191554069384034,0.11999999999967037,0.20414470958343192,-0.013792939838230763,0.007830667581386485,0.11038331072751553,0.22953963318872744,-0.005845016140954586,0.0008795773403365762,0.11038331072751553,0.12,0.0,0.0065303632612535405,0.12
4.205881846,0.2368799067573688,-2.781471908689321e-05,-3.461444870552043e-05,0.11999999999968702,0.22638767192463438,-0.009557558153756529,-0.006088577110630231,0.1508474805474627,0.23379879619683747,-0.006643851599000412,0.00014727501512323767,0.1508474805474627,0.12,0.0,0.0075668379586726715,0.12
4.255941967,0.24095990675309278,-2.7702400190494804e-05,9.301414453891182e-05,0.11999999999967037,0.230248023299646,0.006340717600643725,0.004738133360733785,0.11131813402023057,0.2366327908813783,-0.0038799289584428194,0.00126015098164123,0.11131813402023057,0.12,0.0,0.004739594111322556,0.12
4.306577957,0.24911990656151864,-2.6000832196022483e-05,0.00029481431873988075,0.11999999999968147,0.25892082096696,0.0015305186566038017,-0.007812730423960626,0.12473867062133812,0.2506920862822304,-0.0027871186241840836,0.0017499661442304103,0.12473867062133812,0.12,0.0,0.0015517148512926523,0.12
4.35627536,0.2531999063630292,-2.4728764576469564e-05,0.0003269632559455564,0.11999999999967037,0.2268326885231265,-0.011159626696695964,0.0065554828888672026,0.1312152603356602,0.2494546254367867,-0.004548506580800143,0.002442434754073507,0.1312152603356602,0.12,0.0,0.0017952950684438007,0.12
4.405817025,0.257279906127012,-2.3341359885718644e-05,0.00035387199526046515,0.1199999999996787,0.26778492910230306,-0.012838326819743612,-0.00571586820908527,0.11673543825285798,0.2569847460696639,-0.006312984263610163,0.0011652403058227455,0.11673543825285798,0.12,0.0,0.005458182445404556,0.12
4.455580436,0.2654399054014897,-1.992265432119295e-05,0.0005093724661546532,0.11999999999968702,0.2742922876100608,0.0112448558681767,0.006629826783093612,0.13398582174369458,0.26412750463081286,-0.0014231149394207218,0.0021904555884774053,0.13398582174369458,0.12,0.0,0.002110323278576972,0.12
4.505670682,0.26951990479017146,-1.7690371803180774e-05,0.0005714117629432512,0.11999999999967037,0.26611498859725885,-0.0015752278200394775,-0.0020565607248690136,0.12019485667798864,0.2678658309847402,-0.0014545380855289383,0.0012610871101832305,0.12019485667798864,0.12,0.0,0.0002638156304507838,0.12
4.555772603,0.27767990340780435,-1.2940777986393218e-05,0.0005711756978416049,0.11999999999967037,0.26957258641337334,-0.005359842353465591,0.007528040170610497,0.08204558780550868,0.27527283987996787,0.0005145504616114939,0.0023355630789321773,0.08204558780550868,0.12,0.0,-0.003520362386866523,0.12
4.605748261,0.2817599028017425,-1.0718092804059313e-05,0.0005129699239638344,0.11999999999967037,0.29641627691134803,-0.02050068671495144,-0.017301901038784432,0.10403309907065465,0.28267788158980844,-0.0039629805159662355,-0.002240291926364097,0.10403309907065465,0.12,0.0,0.002006768450055127,0.12
4.656334549,0.2858399023252399,-8.747071742049155e-06,0.00047851330158845193,0.11999999999968702,0.2987329994609318,0.005317204676027161,-0.00021394180197454725,0.1314038241223261,0.2903775207263404,-0.0020011186865072166,-0.001365189353530394,0.1314038241223261,0.12,0.0,0.0051324829122292685,0.12
4.706317933,0.2899199017858762,-6.6517520432395166e-06,0.0005600914966703259,0.1199999999996676,0.27245807872813754,7.724193671954771e-05,0.004413760737771284,0.11695200934796497,0.29032336380718493,-0.0015567460095992766,0.00018483538815565817,0.11695200934796497,0.12,0.0,0.002878462760742132,0.12
4.756000481,0.2980799001314231,-1.4644290825155986e-06,0.0006864259230553919,0.11999999999967037,0.2918061280793888,0.016561433253761998,0.001306550348570846,0.10257732996744544,0.29347950269836126,0.004370046080139334,9.248342348578141e-05,0.10257732996744544,0.12,0.0,-0.0024431109749555448,0.12
4.805693471,0.30215989918049607,1.3209449120927895e-06,0.0006645069836610775,0.11999999999965372,0.2983815272971548,-0.00376383005908586,0.0003708294759481058,0.0913582611464525,0.29736405282913664,0.002644786615428805,0.00011221593651581136,0.0913582611464525,0.12,0.0,-0.004181076180090167,0.12
4.856758722,0.30623989837494703,3.883133570837274e-06,0.0005891036091510911,0.11999999999968702,0.32892526945468425,0.004787098259857065,-0.006332277467794902,0.11225555068501464,0.3075688617190678,0.0030902664121822757,-0.0011696953858908192,0.11225555068501464,0.12,0.0,-0.0034129670602174554,0.12
4.905934366,0.3103198977555708,6.129433588631348e-06,0.0005132775555146239,0.11999999999965372,0.341581127270583,0.0008677726738229406,-0.004292646809252086,0.14552128262197725,0.31961247383803415,0.0026062909471514144,-0.0011967137277488975,0.14552128262197725,0.12,0.0,-0.002138959591434015,0.12
4.95648269,0.31439989727714585,8.104209314258887e-06,0.00045874723618095166,0.11999999999965372,0.34454350454893085,0.0012872300119074864,-0.015423867799694043,0.1280770550399794,0.3296313407670417,0.002294927738037947,-0.00444179668848376,0.1280770550399794,0.12,0.0,0.0020947941207285214,0.12
5.005846948,0.32255989643076144,1.181793103612091e-05,0.0005091848573322151,0.11999999999965372,0.33711287137234264,-0.0011268818039792522,-0.0024646776689441294,0.12331120191398386,0.33546070231885255,-0.0029793504457021145,-0.004208710575668114,0.12331120191398386,0.12,0.0,0.008370550273364509,0.12
5.055779781,0.32663989574928876,1.416976975766601e-05,0.0006520488488443213,0.11999999999968702,0.3522673611378829,-0.034930408578196806,-0.003884835167506794,0.13545537419113213,0.3431356990863338,-0.009777152862878002,-0.0037757104868582935,0.13545537419113213,0.12,0.0,0.013957873324583632,0.12
5.106692564,0.33071989460621404,1.721436800981733e-05,0.0008599067675353772,0.11999999999965372,0.3208440231072567,0.021948220369693273,-0.0009184589026552442,0.13189610651142422,0.3425503311147186,-0.0030553258058224142,-0.0031454209088590266,0.13189610651142422,0.12,0.0,0.013178779207780506,0.12
5.156375057,0.33479989254230086,2.1303391250340952e-05,0.0011464750049350906,0.11999999999965927,0.3156385932841763,0.025850268444361165,0.014499637299652443,0.13636773535302574,0.3413206004183253,0.0030997299263188045,-0.0003150698529505456,0.13636773535302574,0.12,0.0,0.0013884473699960942,0.12
5.205654447,0.3388798893440815,2.640767405920947e-05,0.001320354528511935,0.11999999999968702,0.34636760899323715,0.013346647742902083,-0.006629828198493833,0.09226604528213547,0.34575665765208147,0.005261581733162499,-0.001339043779426621,0.09226604528213547,0.12,0.0,-0.0034997606228089314,0.12
5.257932961,0.3470398824064853,3.704650725353818e-05,0.0012639268443562456,0.11999999999968702,0.3516780752221729,-0.02137447245772989,0.0038369923370368065,0.10995410000181023,0.35122172505406,-0.0003854776981669335,-0.0010358965101637542,0.10995410000181023,0.12,0.0,0.00048151535535207964,0.12
5.306087982,0.3511198791450446,4.220529985302647e-05,0.0012714150968578936,0.11999999999967037,0.34949363963485736,0.0060454213655271845,0.011679590889550305,0.10738164668235028,0.35922424799424263,0.0016343718303195838,0.0012607942079494382,0.10738164668235028,0.12,0.0,-0.001056887697601019,0.12
5.355541206,0.3551998758044043,4.7426342976635987e-05,0.0012754222912882785,0.11999999999965372,0.3540293799052077,-0.0048715622300899795,0.0029810863132467263,0.1409348908669268,0.36223540191915415,0.000260877241419887,0.0020776721365921656,0.1409348908669268,0.12,0.0,-0.0030544151740837166,0.12
5.405982038,0.359279872585255,5.255130533596445e-05,0.001231431084632462,0.11999999999965649,0.36276388123582287,0.0010417727516441684,0.002274853482793488,0.12241268474181168,0.36610269244119986,0.00043550272486421546,0.0017452964664996698,0.12241268474181168,0.12,0.0,-0.0032962486678090883,0.12
5.455823968,0.3633598696338205,5.7458331354741244e-05,0.0011732535279282163,0.11999999999968702,0.35478118352432636,-0.008052662098959187,0.004856232216633165,0.11984903278456249,0.3678397513720792,-0.0013531058322223382,0.0023834265048091052,0.11984903278456249,0.12,0.0,-0.0023320504767337115,0.12
5.50568959,0.3715198645112594,6.659889818134831e-05,0.0010910031726823408,0.11999999999965649,0.3618264469387051,0.01708643394152747,0.007267844962245083,0.10721353724512564,0.37003313242805314,-0.002983141070756287,0.003907814040699721,0.10721353724512564,0.12,0.0,0.0004401254008545445,0.12
5.556223988,0.3755998620110575,7.111562201688907e-05,0.0011142212598652754,0.11999999999968702,0.37981251484302425,0.01727126159838885,-0.008239564233986977,0.10117140533430147,0.3752832830164005,0.0013092037725456304,0.0011603841097713712,0.10117140533430147,0.12,0.0,-0.002044922609269349,0.12
5.605727977,0.37967985951051575,7.563268622422024e-05,0.0010946333633003766,0.11999999999968425,0.35496465344164757,0.02400171307652042,-0.0035905532249932083,0.12062326453364249,0.37454288425473325,0.006121500660597731,0.00010543338912672396,0.12062326453364249,0.12,0.0,-0.006722187293927453,0.12
5.656098763,0.3878398552906788,8.391763106889358e-05,0.0009067945169904063,0.11999999999968425,0.3901739915300284,0.005011230995685501,-0.013409069941310274,0.15421740227399372,0.3850803424437421,0.004533199343602942,-0.003355376158470955,0.15421740227399372,0.12,0.0,-0.0033574947860410304,0.12
5.70659139,0.3919198537801326,8.742708606975548e-05,0.000823860520305661,0.11999999999965372,0.42073939514519837,-0.018690465147156124,0.005265313310076038,0.10014385722989633,0.3958422067060478,-0.0003918486268721646,-0.001547083686627655,0.10014385722989633,0.12,0.0,0.00019790642143540423,0.12
5.756214979,0.3959998524661505,9.07012556152718e-05,0.0007905480890929879,0.11999999999968425,0.43058343207449684,-0.012363514348191187,-0.010717562573435776,0.1163679288427351,0.40652891511716427,-0.0029517717680215263,-0.0033686565241472875,0.1163679288427351,0.12,0.0,0.006727430681836812,0.12
5.805669915,0.4041598494709451,9.76785528858075e-05,0.0009547645449764807,0.11999999999968702,0.3829719692722151,0.013903474046177816,-0.008675106727316775,0.10885934522376083,0.40009564625673194,0.0005263600951150261,-0.0012991446390795047,0.10885934522376083,0.12,0.0,0.003505434103007789,0.12
5.85558206,0.40823984746036884,0.0001017281858697811,0.0010249405769177608,0.11999999999965372,0.4154311899619269,-0.017045623724128035,0.006060211890705954,0.11507177758184464,0.40683104514962865,-0.0031963848016940523,0.0006986780041839682,0.11507177758184464,0.12,0.0,0.002921683187558056,0.12
5.905688382,0.41231984521440934,0.00010600877360038337,0.0010752231421145948,0.11999999999965372,0.40482488772594405,0.008038945331130854,0.008145534636616074,0.1118791171118779,0.40979496885798244,-0.0007988037637546813,0.002442345630744436,0.1118791171118779,0.12,0.0,0.0004804420078771826,0.12
5.957924707,0.420479840123334,0.0001151227750496383,0.0011257759964459798,0.11999999999965372,0.4250302334563933,-0.006712085357239262,0.00638184472543186,0.12268406780290476,0.41664896458113104,-0.002038743189252797,0.0033331000419441824,0.12268406780290476,0.12,0.0,-0.001587943092227762,0.12
6.005916853,0.4245598375945596,0.0001196652094808535,0.0011007997250873786,0.11999999999965372,0.41820946064689,-0.010725437838515428,0.011047583806438931,0.12022366214036667,0.42613886789315913,-0.004304389617786678,0.004191072440487003,0.12022366214036667,0.12,0.0,-0.0009658282190440437,0.12
6.055983977,0.4286398351684234,0.0001241145528019652,0.0010812871785433867,0.11999999999965372,0.4001536242572118,-0.004820225747481537,0.006398787360222803,0.0822130977573863,0.42290762891990247,-0.004401955812604901,0.005096481799617507,0.0822130977573863,0.12,0.0,-0.0011491592951746567,0.12
6.105792186,0.4327198328181505,0.00012849379714855553,0.001064683098367986,0.11999999999968425,0.4657747223375715,-0.01801148229197475,-0.0033234218071715974,0.1082503153551206,0.4352003415619804,-0.007283447058242727,0.002206747423813755,0.1082503153551206,0.12,0.0,0.00446956604653541,0.12
6.155666029,0.4408798279881689,0.0001373686479848887,0.0011600905734962213,0.11999999999966482,0.45984148264234365,-0.0060392954153124356,-0.001976102375656582,0.10080829266796242,0.44200294509980254,-0.009119918597923597,-0.00017512146667922113,0.10080829266796242,0.12,0.0,0.010809928181445976,0.12
6.205717764,0.44495982482993857,0.0001424409941180544,0.0013363348411340212,0.11999999999968702,0.41937766777353536,-0.012262491371274083,0.01015963661693562,0.11888368926973787,0.4406282206922968,-0.009772588868834194,0.0015815142684503564,0.11888368926973787,0.12,0.0,0.011662705772829685,0.12
6.255832923,0.4531198149412239,0.00015510244890965671,0.0017740882770348777,0.11999999999968702,0.48132688647915645,0.006116738149915059,0.0009859913696485083,0.11956177393201743,0.4565602651576809,-0.004796306344631931,-0.0007810197856149771,0.11956177393201743,0.12,0.0,0.012851177199016477,0.12
6.305668558,0.45719980763704227,0.00016281767015130969,0.002009671558284024,0.11999999999965372,0.4456412131590865,0.010507379575222938,0.006657250600524566,0.12693922670690952,0.457662231985704,-0.0015418715005906009,0.001469679580346245,0.12693922670690952,0.12,0.0,0.005768037097774612,0.12
6.355589303,0.46127979855354373,0.00017142423343582502,0.00218963667425127,0.11999999999965649,0.4571664032736174,0.012058832621103981,-0.008465619376880118,0.11392887165312676,0.4606342711088565,0.0013350492106543376,-0.0009548343056089513,0.11392887165312676,0.12,0.0,0.0014894147287546479,0.12
6.406330263,0.4694397776650887,0.00018988591722269159,0.0022965728720655528,0.11999999999965649,0.4438003814339021,0.0037526163597150644,0.008023640108453276,0.10731608513589122,0.4645669856753471,0.004076878132195994,0.00016900848234341828,0.10731608513589122,0.12,0.0,-0.0031865676534537793,0.12
6.456087384,0.47351976701946225,0.0001992061234834566,0.0022610609946150614,0.11999999999965372,0.4677553926548833,-0.0020031168785091904,0.01154150203719223,0.09982069333385737,0.46830256743929954,0.0028025472300814234,0.0028137919426489116,0.09982069333385737,0.12,0.0,-0.006340169772611561,0.12
6.505845307,0.47759975694552215,0.00020827216492142145,0.0021750683728751536,0.11999999999965372,0.5053537033440376,0.018778217266073167,-0.006002492653140375,0.13614897177982674,0.48051342400883523,0.00619257921469995,8.56588006224279e-05,0.13614897177982674,0.12,0.0,-0.007908545604823274,0.12
6.556404178,0.4857597398830514,0.00022494640906347104,0.0019013226658250342,0.11999999999965649,0.49372566772971505,-0.008122618511769052,0.003964647277157288,0.10939789417169365,0.49083094892556545,0.0015569617321889821,0.0011323741769380797,0.10939789417169365,0.12,0.0,-0.0060316472868119034,0.12
6.606106276,0.48983973300756095,0.00023243525349177308,0.0017770075311270921,0.11999999999965372,0.480626499423365,0.0016418669739607615,0.006566953291846688,0.10735180981926801,0.4920721839082623,0.0015873334297681818,0.0021087904049428966,0.10735180981926801,0.12,0.0,-0.0053676866720295206,0.12
6.657073891,0.493919726915693,0.00023948483746222664,0.0016791698469075282,0.11999999999965372,0.46788751456231253,0.03795490654582527,0.005796825190394169,0.11971440780716872,0.4911156178779622,0.009321070021204312,0.0020916609874943107,0.11971440780716872,0.12,0.0,-0.010418309917530197,0.12
6.706715312,0.49799972154023386,0.0002461060444098861,0.0015453736553326734,0.11999999999965372,0.4829054041508837,-0.005784127409244748,-0.00596276422030165,0.12176819345688883,0.49546057065544824,0.006110897058228737,0.000786154782021775,0.12176819345688883,0.12,0.0,-0.014614722287158741,0.12
6.756330739,0.5020797174269315,0.00025189125058764457,0.001286426261319835,0.11999999999965372,0.5141202277452287,-0.0010651395594875202,-0.00806750582690078,0.09279368138959518,0.502935231096335,0.004574080865493834,-0.0009202633581671118,0.09279368138959518,0.12,0.0,-0.00921944423894517,0.12
6.805714955,0.5061597145945717,0.0002566925691131635,0.0010819416461452479,0.11999999999965372,0.5027889294002363,-0.007471670627579162,0.0075144256699052996,0.11819663867973533,0.5064865338762263,0.00202795529772741,0.0014796638430090363,0.11819663867973533,0.12,0.0,-0.006443196619011514,0.12
6.855702204,0.5102397125216026,0.0002608021006033284,0.0009409532590888257,0.11999999999965372,0.49701622844004867,-0.032531157255057265,-0.0031998812119578227,0.12959370131019754,0.5085652465850816,-0.005306452690624163,-0.00018995913018365437,0.12959370131019754,0.12,0.0,0.003371588267543627,0.12
6.90638464,0.5183997091826628,0.0002681818000708924,0.0009638255154405196,0.11999999999965372,0.5061414618920703,0.0038419790982435888,-0.007345651625055816,0.13374711223236804,0.5127139076982986,-0.005671367694358067,-0.0028682682824817535,0.13374711223236804,0.12,0.0,0.011348744717508005,0.12
6.955964173,0.5224797069106373,0.0002724813805461914,0.0011562699559416524,0.11999999999965372,0.505883082924266,0.018562286102003694,0.010921299011801298,0.09838882712536463,0.5145914210385503,-0.0005164386559475967,0.00033161464340441616,0.09838882712536463,0.12,0.0,0.006592713608469107,0.12
7.006013585,0.5265597036787564,0.0002776121422347021,0.0013353969025177593,0.11999999999965372,0.5447170248597645,-0.0188354599413196,0.0061756973344558475,0.11111061912613968,0.5242921787549683,-0.0043936276401566245,0.0016323891456029862,0.11111061912613968,0.12,0.0,0.00369296788617605,0.12
7.055692355,0.5306396997872604,0.00028324652632846575,0.0014169019043120915,0.11999999999965372,0.5298098786238667,0.026751005861512668,0.009771821843247694,0.11670588118402288,0.5293276904340232,0.002232178113697616,0.004654942340487098,0.11670588118402288,0.12,0.0,-0.006275672412563126,0.12
7.106218463,0.5387996917096883,0.000294723686568922,0.001309709747679295,0.11999999999965927,0.5374503058065636,-0.004076176388149502,0.008494441218951527,0.08679988860902307,0.5423296852816615,-0.00040476704731230197,0.0070741919333215395,0.08679988860902307,0.12,0.0,-0.009689402646946246,0.12
7.155692361,0.5428796886448403,0.00029972035944341027,0.0011359631902021733,0.11999999999965372,0.5323745401453789,0.0024452967442818285,0.007827326717689051,0.12149302200622576,0.5439742088440022,0.00022657015244822813,0.00783928240639774,0.12149302200622576,0.12,0.0,-0.01137013139903234,0.12
7.205665139,0.5469596864280487,0.00030396727955013227,0.000940223244440571,0.11999999999965372,0.5573014854306748,0.017947873655928006,0.004793077592351671,0.13663889052141953,0.5511448380779518,0.004017344483960711,0.006574506255924031,0.13663889052141953,0.12,0.0,-0.013821243505493807,0.12
7.255929694,0.5510396850090562,0.00030736004352488954,0.0007176576321070669,0.11999999999965372,0.5343587038266153,-0.0017640231926152462,-0.001528496397249592,0.09002437759499814,0.5503037205809681,0.002796663956386856,0.004672617631004231,0.09002437759499814,0.12,0.0,-0.012285306536965915,0.12
7.306312167,0.5591996840112037,0.0003112455597244938,0.0002662558413162268,0.11999999999965372,0.5703731367499848,-0.00671756498798446,-0.009102100186093573,0.09981550708993167,0.5648414883433386,-0.0005323041271478336,-0.001151778309627079,0.09981550708993167,0.12,0.0,-0.0032248589712723314,0.12
7.356286906,0.5632796839194292,0.00031210474913037964,0.0001751608285734949,0.11999999999965372,0.5660032950251832,-0.023591293597790126,-6.500792230554386e-05,0.11735496952276671,0.5686923008595184,-0.005428491516911213,-0.0006198273943671944,0.11735496952276671,0.12,0.0,0.0035629914290094523,0.12
7.40598661,0.5673596838582747,0.0003128106972633931,0.00018989802296995632,0.11999999999965372,0.5379831433702308,-0.007488793520063247,-0.009676520695461358,0.11749485653688813,0.5657399593395844,-0.005884077072973165,-0.00145822530327788,0.11749485653688813,0.12,0.0,0.008000198061581332,0.12
7.455667137,0.5714396837470413,0.0003137565121512897,0.0002834246234935734,0.11999999999965372,0.5759713752186438,0.000521692792876874,-0.003351354068070787,0.12033220120402412,0.5719947417306314,-0.004533446577363444,-0.002041568087072944,0.12033220120402412,0.12,0.0,0.009133810708077127,0.12
7.505992633,0.5795996829225051,0.0003173451608871562,0.0005978469418092083,0.11999999999962041,0.5772089981095276,-0.005026562986195776,-0.01783000861846711,0.11380657699534652,0.5841029744491846,-0.002073838419814618,-0.003711728649838357,0.11380657699534652,0.12,0.0,0.007056129800911172,0.12
7.556234293,0.5836796820536798,0.00032000441188481654,0.0007124160955520348,0.11999999999962041,0.6035991932108802,0.010849081985657637,0.009677023993654775,0.1221895513178033,0.5918494923867454,0.0006752839744867912,-0.0007269887999314102,0.1221895513178033,0.12,0.0,0.004431190090036267,0.12
7.606051521,0.5877596808036321,0.0003231938127079819,0.0008488388099361602,0.11999999999960931,0.611215682148249,0.015116004059104108,0.01813112971339932,0.11367619646242498,0.5992513826447659,0.0037655478150176174,0.0032755088131008643,0.11367619646242498,0.12,0.0,-0.006042626246308732,0.12
7.65595682,0.5959196778693405,0.00033010736898671337,0.0007520370052577992,0.11999999999962041,0.5976242536205302,0.03190109702126858,0.006774350238464678,0.10153849376166174,0.6025120195303398,0.011996103590582228,0.004470328752577968,0.10153849376166174,0.12,0.0,-0.016444583750939976,0.12
7.706094017,0.5999996770130768,0.0003327341090388194,0.0005049310764475532,0.11999999999962041,0.5852500928270117,0.012313808074871948,-0.006220558489534291,0.12196642394448555,0.6024777547912805,0.012061979718216766,0.0027886627463012356,0.12196642394448555,0.12,0.0,-0.020649871387153546,0.12
7.756431138,0.6040796767730063,0.0003340636514826728,0.00013808960884548036,0.11999999999964817,0.6136930566777433,-0.027223350936258894,-0.006853163974840636,0.09688204803607457,0.6078849261862209,0.0037220289192538246,-0.0003651718855225002,0.09688204803607457,0.12,0.0,-0.009636713421150236,0.12
7.805663745,0.6122396766212862,0.0003329186875886739,-0.0003386756539595556,0.11999999999965927,0.6054345186846654,-0.03890767976914344,-0.007303730213705013,0.11302323453943605,0.6152511681721807,-0.004471221003211901,-0.00089352949162568,0.11302323453943605,0.12,0.0,-0.0086247428080647,0.12
7.855596497,0.6163196762563136,0.00033120345796127764,-0.0004967566777922288,0.11999999999969813,0.6174905517337458,0.01098136933505058,0.004634991275698071,0.13941696400917705,0.619935837340071,-0.0011867455292843112,0.00016881610708079369,0.13941696400917705,0.12,0.0,-7.947705854251751e-05,0.12
7.906298024,0.6203996757320233,0.00032913520160203735,-0.0005121735031686862,0.11999999999965372,0.6277733007866553,-0.013822529654832372,-0.0008460993762597537,0.10889173757303115,0.62473793980512,-0.0038696895604397267,0.0002686822726523941,0.10889173757303115,0.12,0.0,0.002606878155720028,0.12
7.957917911,0.6244796752005041,0.0003270526494968932,-0.0005059788570175777,0.11999999999965372,0.6361176227266971,0.02890940615987415,0.0027991879638173556,0.10202237971330338,0.6303431134783855,0.003091144254251801,0.0005153260555408935,0.10202237971330338,0.12,0.0,-0.002911119301577221,0.12
8.006351572,0.6285596747093501,0.00032505090331322344,-0.0004970519815142838,0.11999999999964261,0.6103153804626259,0.01960400581870686,-0.01676360673815177,0.12395168940469906,0.6322040539841135,0.006564840200715412,-0.003105995547771245,0.12395168940469906,0.12,0.0,-0.004074646574061675,0.12
8.056586882,0.6326396741343732,0.00032288654657724715,-0.0005675616794916681,0.11999999999965372,0.6478213032283604,-0.009201882613125423,-0.01742565013035099,0.12535745337786564,0.640681713901584,0.003176351287844378,-0.00732869078937428,0.12535745337786564,0.12,0.0,0.0010219731698508485,0.12
8.105547063,0.6407996726073071,0.0003178963611586653,-0.0006025472671840089,0.11999999999965372,0.6311486660020802,0.023431296119497947,-0.01542302010492769,0.118203042539912,0.6421327311479313,0.0074330440243188176,-0.00858825200250154,0.118203042539912,0.12,0.0,0.0025943313911836897,0.12
8.155632991,0.6448796719195815,0.0003155281179541775,-0.0005526279953883345,0.11999999999966482,0.6502887845769161,-0.009758848892006785,-0.005002590733599485,0.10055723371839781,0.6477833582911506,-2.138124354211096e-05,-0.007591615789435762,0.10055723371839781,0.12,0.0,0.008332164393736104,0.12
8.205834845,0.6489596714093975,0.00031349276196695087,-0.00043070936751912195,0.11999999999965372,0.6541975665483872,0.0173802953227567,-0.004721040003940216,0.12194211318655773,0.6529200344836226,0.0036466231247560513,-0.006648593067656027,0.12194211318655773,0.12,0.0,0.008026146174800165,0.12
8.256516252,0.6530396711619735,0.00031208792464864336,-0.00025608233179830425,0.11999999999964817,0.6427459890693878,-0.019248191522341754,-0.010353749396489366,0.13187386997869843,0.6549420159807602,-0.0012471353534723607,-0.006862241452865657,0.13187386997869843,0.12,0.0,0.01128213578641671,0.12
8.306594521,0.6611996710847827,0.0003114577324782629,0.00013905929461484394,0.11999999999965372,0.6525153117743553,-0.0007688291736833825,0.0014951583044741704,0.11707825658779783,0.6609007759698172,-0.004057327130469461,-0.004023832194924646,0.11707825658779783,0.12,0.0,0.015390761724535615,0.12
8.356073797,0.6652796709164663,0.00031258202619481395,0.00041655929563680724,0.11999999999964261,0.68903123348183,0.00915200180435714,0.0037269407884383435,0.10107069761271709,0.670077110762897,-0.0012545264379951533,-0.0027218554063980407,0.10107069761271709,0.12,0.0,0.0104450605000464,0.12
8.405754958,0.6693596703078506,0.00031479246352892086,0.0006521935844325688,0.11999999999965372,0.6760166413408759,-0.017029948527414976,-0.001552686965945601,0.09342291914681503,0.6740214611470532,-0.004608168225296479,-0.002208255902601419,0.09342291914681503,0.12,0.0,0.00933089598387592,0.12
8.456261086,0.67343966918552,0.0003178124032424413,0.0008211993312004693,0.11999999999965927,0.6934222805105387,0.010279397201865041,0.010353366414385692,0.11000474018191679,0.6813878458654176,-0.0014381598079511414,0.00030553058762065486,0.11000474018191679,0.12,0.0,0.003914633276156101,0.12
8.506962881,0.6815996654417497,0.000325611415919536,0.0010582831966747318,0.11999999999965372,0.6523349473454807,-0.0076909363236340065,0.01087217228857011,0.1028516640929542,0.6829713381498814,-0.00514946456060399,-0.0010939181419931125,0.0842720870412087,0.12,0.0,0.00778304348808261,0.12
8.556293317,0.6815996654417497,0.000325611415919536,0.0010582831966747318,0.11999999999965372,0.6523349473454807,-0.0076909363236340065,0.01087217228857011,0.1028516640929542,0.6799959233492953,-0.005677086090595119,0.002382887692601141,0.1028516640929542,0.12,0.0,0.005424892075295841,0.12
8.605920859,0.6897596597457517,0.0003352376035276645,0.0012861295023707709,0.11999999999964817,0.6850547362644481,-0.017029927586772697,-0.008333359780903807,0.11024829370019053,0.6905910887949941,-0.006830995289789768,-0.0013259651660789981,0.11024829370019053,0.12,0.0,0.008113864757021156,0.12
8.656261241,0.6938396560534599,0.00034072429703361855,0.0014164624071420283,0.11999999999965372,0.6974065619652376,0.014351293264396086,0.0068714232354815784,0.17030667336373323,0.6973651493811995,-0.0023270423831857597,0.000319954649477476,0.17030667336373323,0.12,0.0,0.006513770581072937,0.12
8.705824146,0.6979196514478003,0.00034685165089403346,0.001574934685743625,0.11999999999965372,0.6973813306580038,-0.010545754662192043,-0.0004826638900609795,0.11840651245694347,0.7010818759712595,-0.00407149588661279,0.00019736152198513687,0.11840651245694347,0.12,0.0,0.0050230476704381695,0.12
8.756488063,0.7019996460557774,0.00035348391812870786,0.0016707513423878234,0.11999999999965372,0.6949015079814297,-0.017148766581649467,-0.005007633606483061,0.12184491243979172,0.7037306141912482,-0.006854557040550082,-0.0011486407842837634,0.12184491243979172,0.12,0.0,0.00948975168337432,0.12
8.805697036,0.7101596328345364,0.00036815607541457445,0.0019651675414499516,0.11999999999965927,0.696176353651408,0.010327794279388122,0.001664471410651392,0.13700323299180675,0.7095272008992152,-0.00399043482714184,-0.0006076693440496354,0.13700323299180675,0.12,0.0,0.008867559086417856,0.12
8.856251615,0.7142396241812863,0.00037655648998590624,0.002143880587413004,0.11999999999965372,0.7000518848178805,0.02146872338799396,0.014716816322983505,0.11307519395864037,0.710772887078711,0.0014350814204033063,0.0027876654600396417,0.11307519395864037,0.12,0.0,0.001344428229128784,0.12
8.905757704,0.7183196141932005,0.00038558322938379245,0.0022546359020945983,0.11999999999962041,0.7134975236765653,-0.006221998068859222,0.00786710140930576,0.1248147641805728,0.7151509320672681,-0.00017160104628136173,0.00425909417184748,0.1248147641805728,0.12,0.0,-0.004179878271556791,0.12
8.955926047,0.7264795939659886,0.00040374985099217984,0.002136515787373131,0.11999999999962041,0.7164993890540887,-0.00713567873336007,0.0009654175370023379,0.11548231813210272,0.7219039105209372,0.0021216764344352294,0.004965814672815368,0.11548231813210272,0.12,0.0,-0.011809001940571676,0.12
9.006819018,0.730559585463805,0.0004120756107633795,0.0019339583753330608,0.11999999999966482,0.7487881643328683,0.038039339755856334,-0.0013531126655255126,0.12058871261245738,0.7311829109695953,0.009749419153647148,0.004299509410142649,0.12058871261245738,0.12,0.0,-0.01552801331470165,0.12
9.056147858,0.7346395787067515,0.0004194951971904523,0.0016840509271638046,0.11999999999965372,0.7313338662746274,0.026597476331812173,0.002900163745811007,0.10920423899759307,0.7351002991905397,0.013338208332213816,0.00438011119857478,0.10920423899759307,0.12,0.0,-0.021522167609009518,0.12
9.105877848,0.7387195739499148,0.00042571280774768316,0.0013452396900423959,0.11999999999963151,0.7362095450278118,-0.008229616340440936,0.005781479070792279,0.13443818866191967,0.7394929817254797,0.008782363316798023,0.0045247680982214225,0.13443818866191967,0.12,0.0,-0.019944769173221744,0.12
9.15630775,0.7468795699887352,0.0004335547949154133,0.0005898166772392401,0.11999999999965372,0.7486098160814332,-0.004033007082344986,-0.008234267828723529,0.1324879995578592,0.7474422761704588,0.0075234000978915555,-0.0007359531455048064,0.1324879995578592,0.12,0.0,-0.01933685651771041,0.12
9.205821726,0.7509595696247731,0.00043522531162453463,0.00023236636677026974,0.11999999999968702,0.7692628368977246,-0.0024916049940824758,-0.010566466693507817,0.1322571943758554,0.75591986595672,0.005379186713252342,-0.003024476124485344,0.1322571943758554,0.12,0.0,-0.00926341245218172,0.12
9.256098696,0.7550395695930496,0.0004356503361400848,6.505646654287887e-07,0.11999999999965372,0.7627016834444935,0.02258136998607833,0.00812360001207617,0.13947927662780862,0.7618727091233272,0.00903917874435643,-0.002025198081747551,0.13947927662780862,0.12,0.0,-0.007495564360196008,0.12
9.305777289,0.7591195695804338,0.00043536672204371363,-0.00013377753729612433,0.11999999999964817,0.7563128472369021,-0.002011124073561429,-0.001286610268524184,0.1240442450272409,0.7650784402465193,0.006686888393824785,-0.0019551863352147113,0.1240442450272409,0.12,0.0,-0.007287132750414584,0.12
9.355969171,0.7631995694902295,0.0004345266785320005,-0.00027958743857882417,0.11999999999965372,0.7668593616509274,0.0030380705101517268,0.0013363959101922538,0.12716667332879686,0.7696397146432433,0.005910498803100407,-0.0012661047739255915,0.12716667332879686,0.12,0.0,-0.006505478600958419,0.12
9.405921435,0.7713595687873773,0.000431191712860582,-0.0005294538004798759,0.11999999999965372,0.7486587544814087,-0.027523294646485574,-0.010201032210723136,0.10103493093043475,0.7690594440622542,-0.004753239816192325,-0.0013870257677994272,0.10103493093043475,0.12,0.0,0.0009350676164746573,0.12
9.457032729,0.7754395681348988,0.0004288850524275969,-0.0005665391493878441,0.11999999999967037,0.7582766596812582,0.028555575890542764,0.00792418832369344,0.13447982089229513,0.7717901538804471,0.002322858137359416,0.0016112818924377938,0.13447982089229513,0.12,0.0,-5.079595591646205e-05,0.12
9.50696058,0.7754395681348988,0.0004288850524275969,-0.0005665391493878441,0.11999999999967037,0.7582766596812582,0.028555575890542764,0.00792418832369344,0.13447982089229513,0.7717901538804471,0.002322858137359416,0.0016112818924377938,0.13447982089229513,0.12,0.0,-0.0040311700944587695,0.12
9.556088044,0.7795195675364232,0.0004266755290714491,-0.0005455788381610785,0.11999999999962041,0.7765786124568009,0.015018326630145658,0.011940051054956912,0.12286216555073526,0.7800435654567507,0.005053467191080602,0.003653976031579652,0.12286216555073526,0.12,0.0,-0.010219546032638992,0.12
9.606649637,0.7835995668009862,0.00042423108845157165,-0.0006782611856133218,0.11999999999964261,0.7452557216516977,0.002996145317934032,-0.019476759638690937,0.10748470837434602,0.777937306654009,0.0045804490768984255,-0.000700109528324137,0.10748470837434602,0.12,0.0,-0.008738741056160286,0.12
9.655991163,0.7876795655582367,0.00042105544652137845,-0.0008723829668747056,0.11999999999967037,0.7917810919645528,-7.968953727692057e-05,-0.005895788190782933,0.11936686647186649,0.7856973709151562,0.0035760966277801095,-0.0017147555721679479,0.11936686647186649,0.12,0.0,-0.005019481159834393,0.12
9.706938216,0.7917595637388067,0.000417205480150628,-0.001002895091887269,0.11999999999967592,0.808120203969496,-0.01698222977146202,0.015425777306664917,0.10601800920362467,0.7941833013314379,-0.0007567367558281536,0.0012385202970965688,0.10601800920362467,0.12,0.0,-0.0024847210029540633,0.12
9.757084618,0.7958395615115732,0.00041294332950351993,-0.0010804859825080209,0.11999999999965927,0.7587675761690184,0.01454147939302377,0.004398143046947817,0.12461715824436198,0.7905974568959002,0.0025016062753289844,0.0015305135475268995,0.12461715824436198,0.12,0.0,-0.004888934574120309,0.12
9.810245289,0.8039995561596037,0.00040360476322364846,-0.0012455567762026352,0.11999999999961486,0.79551272014686,0.035249887094585555,0.00473502039232469,0.1151160556290758,0.7952738590810727,0.009460983446911111,0.002862282238753917,0.1151160556290758,0.12,0.0,-0.014014499993303318,0.12
9.856009668,0.808079552363759,0.00039804695785657985,-0.001481817839903319,0.11999999999967592,0.8396335845407679,-0.0015618096980468588,0.002617365332606826,0.10838420168805692,0.8143455264048263,0.004974818474680123,-0.0008114124210863928,0.10838420168805692,0.12,0.0,-0.008729885389120718,0.12
9.906041159,0.8121595472743935,0.00039160622819063204,-0.0016644369655166755,0.11999999999965372,0.8121687767296452,0.004124296749545823,-0.008195507058804456,0.10267687428367905,0.8172946306647426,0.004779516099293033,-0.002595844447642737,0.10267687428367905,0.12,0.0,-0.00532768520757351,0.12
9.955831049,0.8162395411523732,0.000384539992739048,-0.00179183658674868,0.11999999999965372,0.8328455266900336,0.011034134829709436,0.0046535312555440545,0.14776755899509325,0.8248132796733617,0.0061078650923606734,-0.0007356903529716146,0.14776755899509325,0.12,0.0,-0.006491995770281059,0.12
10.00587298,0.8243995263594084,0.00036901222459256937,-0.002031285281793271,0.11999999999965372,0.8475748456885418,0.006998673938450786,-0.005330329455454913,0.10795367153678101,0.833380039170097,0.007039989924799056,-0.0010570854107452836,0.10795367153678101,0.12,0.0,-0.00939302195846077,0.12
10.056292376,0.8284795172479563,0.00036039191236339414,-0.002198263489203991,0.11999999999965927,0.8288671034960492,0.01490085154383933,-0.0006444521690413562,0.12596313578257107,0.836458956770736,0.008705838820137956,-0.0015983925442876958,0.12596313578257107,0.12,0.0,-0.009211356528451023,0.12
10.106083492,0.8325595066231114,0.0003510828044328135,-0.0023662153051466728,0.11999999999965372,0.8380443984225364,0.011110761895129358,-0.004579360519720345,0.13002377871351023,0.84052141018494,0.009205489408828212,-0.0023247777742975454,0.13002377871351023,0.12,0.0,-0.009185520498506338,0.12
10.15774053,0.8407194804210676,0.00033041738190492945,-0.002652139566255731,0.11999999999965372,0.8466650638142804,-0.035919484055435554,-0.013009942147179255,0.13365342947355302,0.8459976243063086,-0.00039744113075844065,-0.005026566502908177,0.13365342947355302,0.12,0.0,0.0032110005544968515,0.12
10.205597815,0.8447994662253195,0.00031965484081790255,-0.002597986168903609,0.11999999999968147,0.8303597938695443,0.008679453159617084,-0.0029490392703607877,0.1373691941577071,0.8534174675936939,-0.000738354161765366,-0.0038608378881271567,0.1373691941577071,0.12,0.0,0.006985965762714989,0.12
10.256650338,0.8488794531225698,0.0003093158283567563,-0.0024694329386133213,0.11999999999959265,0.8425333713070463,0.017907158436540793,0.003342829635313584,0.11000378308883287,0.8547751828077933,0.003217680568481113,-0.0027804874022689533,0.11000378308883287,0.12,0.0,0.0038245133764518574,0.12
10.305663542,0.8529594412750602,0.00029948427488822707,-0.002364821266050193,0.11999999999965372,0.8397351517036885,0.013150065873314291,-0.00159838287394757,0.15504525461505794,0.856936045571085,0.005312361580221341,-0.002309996883429348,0.15504525461505794,0.12,0.0,-0.00037726439739083203,0.12
10.355595989,0.8570394300384396,0.00028990879836948523,-0.0023425557345285396,0.11999999999965372,0.8530523520170402,-0.01380459548114653,0.006450390128784643,0.09610971687911507,0.8594101419240434,0.0012629086136680436,-0.00018205591635815773,0.09610971687911507,0.12,0.0,-0.0016392346449659169,0.12
10.406575797,0.8611194187464776,0.0002803097813898364,-0.002367515255017846,0.11999999999965372,0.8723942540720088,0.0024084553959227667,-0.007397146697693479,0.1478614782886706,0.8665028009148843,0.0014903936625691985,-0.0010052186726847443,0.1478614782886706,0.12,0.0,-0.0007650665951392735,0.12
10.455819563,0.8692793954581557,0.00026081470326753286,-0.002386730121284547,0.11999999999968147,0.8671121552218476,0.006892208631937106,-0.016839256425517264,0.12108971559068304,0.8784630666716277,0.0005907852440995775,-0.007375574576335118,0.12108971559068304,0.12,0.0,0.005614743004153129,0.12
10.505802618,0.8733593842302005,0.0002512435325152329,-0.002292238111554005,0.11999999999965927,0.8599468374016217,-0.005993377945780479,-0.017283165098758824,0.12066157154126585,0.8784078043086161,-0.0008517317866097227,-0.009947889486255603,0.12066157154126585,0.12,0.0,0.012114151195362926,0.12
10.556088748,0.8774393742571439,0.00024222497037537592,-0.0021099360410382828,0.11999999999965372,0.8416862407403582,0.005446918007993506,-0.01536275191156601,0.12334163347558925,0.874454128680929,0.0004347426985547711,-0.009995843494872467,0.12334163347558925,0.12,0.0,0.014823449888876539,0.12
10.605924684,0.8815193662308677,0.0002341381747700153,-0.001847175980514194,0.1199999999995982,0.8934999505204654,-0.011573694149546425,0.015364681774467832,0.1235705914802411,0.8829909045493173,-0.0021119783741085406,-0.0045389924736923114,0.1235705914802411,0.12,0.0,0.012885960071062658,0.12
10.656115945,0.8855993602560326,0.0002271631488157221,-0.0015783533694104363,0.11999999999964261,0.8850765086824794,-0.01585302437991023,-0.012524233590288788,0.13869756178428724,0.888547880855445,-0.005068890700539244,-0.005565863791803379,0.13869756178428724,0.12,0.0,0.014914004945422533,0.12
10.705574481,0.8937593530326888,0.00021637723609003684,-0.0010603225867894606,0.11999999999965372,0.8910087849660325,0.009922041879465408,-0.004671890728869946,0.12904844278179683,0.8936736129687425,-0.0027827131107558203,-0.0026640319781515956,0.12904844278179683,0.12,0.0,0.012671776959351407,0.12
10.75668758,0.8978393512213111,0.00021254278585558107,-0.0008240749263732955,0.11999999999963706,0.9079642433694385,0.005333251592021907,0.0026933597608603047,0.15200705322585212,0.9008141053907864,-0.0010631480151952046,-0.0008226833682083847,0.15200705322585212,0.12,0.0,0.0070677800005061134,0.12
10.806541044,0.9019193501255031,0.00020955949635670715,-0.0006542690487976498,0.11999999999965372,0.8945246208384976,-0.009292150124150106,-0.005733610964366887,0.10304184576288287,0.9030639435263542,-0.0028207661293203927,-0.0019289331878462974,0.10304184576288287,0.12,0.0,0.006038441211201794,0.12
10.855584793,0.9100793488852238,0.0002050888844927745,-0.0004312217917887978,0.11999999999965372,0.9383177493223767,0.017363945108217083,-0.0052759692154588055,0.12382243732369308,0.9142042746366683,-0.000399134357843221,-0.0015442429197714959,0.12382243732369308,0.12,0.0,0.008071032456257557,0.12
10.90580275,0.9141593486179397,0.00020362232079625326,-0.00028507842957983516,0.11999999999965372,0.9076903037902123,0.0012834475739859257,0.01555301589532909,0.12201821584512676,0.916312186526305,-2.130192050194468e-05,0.00222326210420396,0.12201821584512676,0.12,0.0,0.0016033882575784179,0.12
10.955678286,0.9182393485041473,0.00020266494442461642,-0.00020038715392408214,0.11999999999963151,0.9322506683945733,0.03506414237080934,0.0009629709184554028,0.14484868203532897,0.924398374733789,0.007430967662698047,0.002554418675372866,0.14484868203532897,0.12,0.0,-0.006724236443147051,0.12
11.005586578,0.9223193484231523,0.00020185215211662033,-0.00021122092899364606,0.11999999999962596,0.9357468895802598,0.00028365549112582047,-0.0029639616460122513,0.12848961508320142,0.9310530852965867,0.005917067698952633,0.0005644969976354563,0.12848961508320142,0.12,0.0,-0.008371422934492372,0.12
11.055830473,0.9304793478924174,0.0001989898866118759,-0.0004918431939634778,0.11999999999965372,0.9264021031914692,-0.001603468477064815,0.005527133814852687,0.13493207808902444,0.93705248931679,-0.00012511943074309563,0.0026891036222323247,0.12749880902603014,0.12,0.0,-0.005412500213189338,0.12
11.106573543,0.9345593472824038,0.00019676211997737202,-0.0005955847076594248,0.11999999999965372,0.9270380336207019,0.009699972503199782,0.0005793542925549635,0.1284233066551138,0.940938073324346,0.0017356165654161988,0.002042004159572531,0.1284233066551138,0.12,0.0,-0.004667902987577287,0.12
11.156418603,0.938639346447057,0.00019415341345970608,-0.0006850985916898983,0.11999999999965372,0.9427351453694311,0.002465072816755619,-0.004234256261205584,0.11812558958434552,0.9444689360503336,0.0018862971450000255,0.0007393926878373988,0.11812558958434552,0.12,0.0,-0.0046785227498042535,0.12
11.205636293,0.9427193453466305,0.00019115911479108407,-0.0007835207278577741,0.11999999999965372,0.9183358974967806,0.0085557562750782,0.0016055423381328702,0.12573469917633648,0.9426179336225561,0.003306147335320013,0.0007350915835130842,0.12573469917633648,0.12,0.0,-0.0054398989052222985,0.12
11.256341274,0.9508793421876606,0.00018399412103481508,-0.0009914814743146967,0.11999999999962041,0.9538627863207145,0.002892539043531913,0.0037224607776302297,0.10758443762320796,0.9517054337465164,0.008600573823353849,0.0015387685781659945,0.10758443762320796,0.12,0.0,-0.012203126153317222,0.12
11.305685861,0.9549593397484909,0.00017953977649442674,-0.0012015708337649732,0.11999999999965372,0.934161675432392,-0.009931478503844801,-0.005423401898980896,0.09991627963661573,0.9510616019699516,0.004662037256016849,0.00029135231298539345,0.09991627963661573,0.12,0.0,-0.010616440760493676,0.12
11.357076813,0.9590393361788107,0.00017414980734137576,-0.0014311293325060897,0.11999999999965372,0.9678814875969762,-0.011613086248686724,-0.016067386983784418,0.14372483815797893,0.9601744591462479,0.0011772816006976028,-0.00215366597597768,0.14372483815797893,0.12,0.0,-0.004168606607001398,0.12
11.405659472,0.96311933147147,0.0001679552392119249,-0.0015951476571786293,0.11999999999968147,0.9563924741475038,0.012638073137203186,0.002533064353517157,0.13280860670267128,0.9632731864416455,0.0036096504164595776,-0.0012757534446441478,0.13280860670267128,0.12,0.0,-0.0032932316062194863,0.12
11.455688821,0.9712793201521723,0.00015436724248507773,-0.0017305928088172712,0.11999999999964817,0.9468453649707299,0.010796148816390337,-0.007523621685003868,0.12440950916152559,0.964468037675413,0.004201874135834532,-0.0010971368343167887,0.12440950916152559,0.12,0.0,-0.004183613700695673,0.12
11.505841127,0.9753593137608602,0.00014714612928245526,-0.0018088403703095668,0.11999999999965372,0.9583797939516125,0.004119196764361257,-0.00027447660911911393,0.13294323173208378,0.9665904358857794,0.00418193675071679,-0.0009256452059250642,0.13294323173208378,0.12,0.0,-0.004195540644065658,0.12
11.555681179,0.9794393067974025,0.00013960866034732502,-0.0018860184014634137,0.11999999999965372,0.9614923154059494,-0.02082473038411511,-0.005239520677647331,0.09064085304142308,0.9686881605239717,-0.0011318928378699668,-0.002981163935158473,0.09064085304142308,0.12,0.0,0.003226062991859256,0.12
11.605828418,0.9875992921390898,0.00012414236559451293,-0.0018626885898460652,0.11999999999964261,0.9929877217116463,0.02535609890420543,-0.00880810364056649,0.1346288732376369,0.9843544216041623,0.007592354483327803,-0.00355034457066308,0.1346288732376369,0.12,0.0,-0.001248517643443278,0.12
11.655552856,0.991679285116531,0.00011657244554935946,-0.0018611378296229328,0.1199999999995871,0.9816073155654703,0.004041588788464346,-0.012527436574034337,0.11063100935677739,0.9881997516691919,0.006809100405957882,-0.006147256325042495,0.11063100935677739,0.12,0.0,-0.001489188799818907,0.12
11.705693982,0.9957592778900576,0.00010889351466005526,-0.001897957808498915,0.11999999999965372,0.9768359233228091,-0.020534634541899195,-0.009827495869342196,0.13408215490474049,0.9897604527542583,0.0009756423661277901,-0.006867761405237385,0.13408215490474049,0.12,0.0,0.003922565721972746,0.12
11.760485614,0.9998392705168397,0.00010113692732059334,-0.0018830451466674272,0.11999999999964817,1.0020681598356493,-0.010284298401471518,-0.0006322321717786798,0.1394758220380522,0.9972371730309428,-0.0014360177266482498,-0.005305301282780032,0.1394758220380522,0.12,0.0,0.008272282686895692,0.12
11.80834352,1.003919263647401,9.36511140042541e-05,-0.0017765458456442335,0.11999999999965372,1.0084706588284156,0.00601467759948894,0.003653285661191402,0.11539375521877757,1.0031984494260815,0.00014076496833662425,-0.00286376172916717,0.11539375521877757,0.12,0.0,0.005559399444694016,0.12
11.8556624,1.0079992577246863,8.670111577703437e-05,-0.0016384048285739774,0.11999999999965372,1.0234033260139572,0.012076120773394471,-0.0010740376970791148,0.10580102908907188,1.0109190506103911,0.0026651573423856346,-0.0017693060106779399,0.10580102908907188,0.12,0.0,0.0009805751953956361,0.12
11.910367324,1.0161592477410009,7.393890776162509e-05,-0.0015364885644932479,0.11999999999965372,1.0055725504286674,0.010139590126640416,-0.008808555569502828,0.11973753955017627,1.0142442898536117,0.004229818497081823,-0.0028131062874207557,0.11973753955017627,0.12,0.0,-0.0007065778869717574,0.12
11.95666283,1.0202392428872589,6.764558651674023e-05,-0.0015569055595617695,0.11999999999964261,1.020564681192403,0.007144590996572942,-0.006165622331313802,0.13071599385756116,1.0273810772337284,0.004901739819240093,-0.0016694876786905524,0.13071599385756116,0.12,0.0,-0.0036342623194528484,0.12
12.006212785,1.02431923776162,6.117876738109185e-05,-0.0016175050531091197,0.11999999999965372,1.04619065676732,-0.010266714162855945,-0.0018697697308482654,0.1107764415337361,1.0351888584748097,0.0016744874712275324,-0.0010874190852880035,0.1107764415337361,0.12,0.0,-0.0024015332297565957,0.12
12.057514317,1.0283992322151867,5.4451625371714745e-05,-0.0016736652767728932,0.11999999999965372,1.0396415463495399,0.004670678367002682,0.0020509181156855836,0.12340184739513195,1.039688150358351,0.0023136442239215776,-0.0011114323234051831,0.12340184739513195,0.12,0.0,-0.001539419350107916,0.12
12.105929182,1.032479226384539,4.755404248305948e-05,-0.001705447113137479,0.11999999999966482,1.0184205914136841,-0.009586580794184634,-0.0014339790518083976,0.10874657247665756,1.038827880176951,-0.00021331238865422925,-0.002541738390756953,0.10874657247665756,0.12,0.0,0.0011430254008648402,0.12
12.155844793,1.0365592203534704,4.053889086810242e-05,-0.001730519216265411,0.11999999999966482,0.9999077992476567,-0.024008120925751025,0.006519734755226805,0.11694009268152641,1.035149022758222,-0.005258729169891184,-0.00023056949968165748,0.11694009268152641,0.12,0.0,0.004933061167819429,0.12
12.205708804,1.0406392143546321,3.3542592347596366e-05,-0.001692676308630341,0.11999999999965372,1.0385887230389101,-0.00942412857034251,0.001022850348900313,0.11375558993057817,1.0395523879668895,-0.006141521226115134,0.00013045333232340474,0.11375558993057817,0.12,0.0,0.007425331345861548,0.12
12.255614031,1.044719208847413,2.6840159019826787e-05,-0.0015854023679361432,0.11999999999965372,1.0387180988205549,-0.02324367823679704,0.01774037552367653,0.12278336814792559,1.0448345155383134,-0.009734231922261556,0.003599430295397231,0.12278336814792559,0.12,0.0,0.0077116085948477405,0.12
12.306508084,1.0528792002849239,1.5037816563146003e-05,-0.0013026287536830473,0.11999999999966482,1.0663861154727305,-0.01809167603482383,-0.010138534995833394,0.11953231444075513,1.057075153277108,-0.009945761287384612,-0.0005910306307561398,0.11953231444075513,0.12,0.0,0.011280147882696273,0.12
12.356266785,1.0569591972620453,1.0076277437746476e-05,-0.0011161379597948219,0.11999999999965372,1.0630923811213484,0.016177508719078408,0.006765757801689681,0.1286777956219936,1.0623823173819962,-0.004391448755016431,0.0008663844462102136,0.1286777956219936,0.12,0.0,0.009211872751273638,0.12
12.40592975,1.0610391952064766,5.989640469696559e-06,-0.0008963277916662493,0.11999999999963151,1.0559601038049125,0.010151223303442479,-0.01007311631572525,0.12501603356080251,1.064944496315651,-0.0013211412363446028,-0.0014225949217410972,0.12501603356080251,0.12,0.0,0.00579745356263766,0.12
12.456085556,1.065119193835062,2.6486915714859993e-06,-0.0007514353260740098,0.11999999999965372,1.0557366574874134,-0.0017843523808102676,-0.018799269187747825,0.12894433460947094,1.0670674394798438,-0.0014562331419839735,-0.004956735394433807,0.12894433460947094,0.12,0.0,0.008688995842603332,0.12
12.506653907,1.0732791922104168,-2.4620329264029396e-06,-0.0005066079491833694,0.11999999999965372,1.0779862866753191,0.019563970370434718,0.006879161559826154,0.13635972184800793,1.0741829496923454,0.0030014434766992074,-0.0017330176729445127,0.13635972184800793,0.12,0.0,0.0017062084891378887,0.12
12.555904239,1.0732791922104168,-2.4620329264029396e-06,-0.0005066079491833694,0.11999999999965372,1.071626227108431,0.0251459519087279,-0.003714018831560773,0.11461080193286437,1.0777926935697184,0.007689897195834738,-0.002173421526849694,0.11461080193286437,0.12,0.0,-0.004657892045493288,0.12
12.606902307,1.0814391911644226,-6.588713014583112e-06,-0.0005636194179669472,0.11999999999965372,1.067753922597986,0.013801703997112516,-0.007485227960975639,0.13291329763341153,1.0846813477759671,0.005569265353452471,-0.0032469929699513456,0.13291329763341153,0.12,0.0,-0.0031749659213396383,0.12
12.655636467,1.0855191904350372,-9.027085165584813e-06,-0.0006289893615029557,0.1199999999995871,1.0946319473529096,0.018384048381026145,0.007943334174087113,0.11336903234574366,1.0908413252060754,0.008295883131961631,-0.0009272831741485204,0.11336903234574366,0.12,0.0,-0.006199597161689042,0.12
12.706674315,1.0895991895446835,-1.1721055222829756e-05,-0.0007059283560353877,0.11999999999965372,1.089704639764994,-0.0063925832378402886,0.005962577104534117,0.13191666533688778,1.0960288311642348,0.005186639259872382,0.0009476140875120801,0.13191666533688778,0.12,0.0,-0.008314603162098217,0.12
12.75781423,1.0936791882986285,-1.4904706108131072e-05,-0.00085690259708575,0.11999999999965372,1.0799824303374077,0.007859820517258366,-0.0015581725301856597,0.1196377771066886,1.0971928365643229,0.005752337556883255,0.0007486086241860328,0.1196377771066886,0.12,0.0,-0.00882945680218036,0.12
12.807276057,1.0977591865068013,-1.872382509882633e-05,-0.0010169827884685253,0.11999999999965372,1.099632944695698,0.028440138633326464,-0.004561055682655919,0.10979206447200701,1.1012977094062262,0.010559582966080406,-0.00028822839959393907,0.10979206447200701,0.12,0.0,-0.009030485864653085,0.12
12.856009483,1.1018391840238313,-2.3220206734510395e-05,-0.0011974360036371692,0.11999999999964261,1.1102496902290162,0.012549037350562472,-0.005131832615821348,0.11867456770233903,1.1076662804450719,0.010972730457910035,-0.0019145506801070192,0.11867456770233903,0.12,0.0,-0.012681541082721855,0.12
12.905828079,1.1059191805028081,-2.8573163729045728e-05,-0.0014305974187934995,0.11999999999966482,1.0864638012711347,0.028856507662983612,-0.005610289326059604,0.12274696160944686,1.107803982140186,0.014753334477034084,-0.0033062347213134954,0.12274696160944686,0.12,0.0,-0.01378956900438637,0.12
12.955648295,1.1099991756047214,-3.488908803890956e-05,-0.0016691856830513248,0.11999999999965372,1.1131120446615377,-0.009079345881585663,-0.0005782926187520877,0.1450006121080713,1.114539349486252,0.00968462510900258,-0.003370956119902671,0.1450006121080713,0.12,0.0,-0.011393796598899959,0.12
13.006498902,1.114079168986236,-4.223150592223519e-05,-0.001925512649785614,0.11999999999966482,1.1308493738390046,0.007522491411829965,-0.017247276319922424,0.09745297004631989,1.1219612488328474,0.009185174077297631,-0.006489843557150153,0.09745297004631989,0.12,0.0,-0.006701357519094525,0.12
13.055655648,1.1181591606662018,-5.0468478684749125e-05,-0.002100199293192615,0.11999999999966482,1.110140651099823,-0.009235645069728205,0.009650705650933376,0.08887764669617898,1.1230981675238862,0.005283773328316049,-0.0037251305976794408,0.08887764669617898,0.12,0.0,-0.003626715752198178,0.12
13.105726816,1.1222391512160077,-5.924919912828383e-05,-0.002194755925095745,0.11999999999966482,1.102559226250932,-0.010285926928172597,-0.009842539701064005,0.10247064516703785,1.122279755645272,0.0019545159487543997,-0.0043848974159303115,0.10247064516703785,0.12,0.0,0.0003202224769210944,0.12
13.1574845,1.1263191411119844,-6.832908111431865e-05,-0.0022465585861130588,0.11999999999967592,1.129954542999116,-0.007473092372554969,-0.011894826736885435,0.12510595264835273,1.1285863691927744,-8.083888398972188e-05,-0.005884577514174117,0.12510595264835273,0.12,0.0,0.004463621018786847,0.12
13.207504194,1.130399130952276,-7.743396497609153e-05,-0.002197678931732007,0.11999999999965372,1.133288331366026,0.01154471402627543,0.016448501610932118,0.12360324177763439,1.1346682087062359,0.002400330262483855,-0.0008281221437043062,0.12360324177763439,0.12,0.0,0.0034875062085980503,0.12
13.256045677,1.1385591130118304,-9.453833947521543e-05,-0.002020658767240923,0.11999999999964261,1.1418253592253926,0.019802480847979805,0.008781095886644464,0.13338497837794774,1.1417837452067439,0.0035255221236156686,0.0025932898153081265,0.13338497837794774,0.12,0.0,0.00015003295675451245,0.12
13.305680516,1.1426391047289173,-0.00010275955244858109,-0.0020194344901307932,0.11999999999963151,1.1308830366027713,-0.008793024775949494,-0.005267945339841165,0.11717047084426449,1.143686956703471,0.0009059225324035114,0.001908512027402875,0.11717047084426449,0.12,0.0,-0.004127249852039267,0.12
13.355974742,1.1467190960987748,-0.00011115085186408031,-0.002094700912136369,0.11999999999965372,1.1647322443822639,-0.005596303178232001,-0.003795614984828023,0.10599624437596777,1.1516205776207995,-0.00047654322317297864,0.00050422537638767,0.10599624437596777,0.12,0.0,-0.0023750095557434465,0.12
13.405778466,1.1507990868230826,-0.00011985041489164273,-0.0021627878959178297,0.11999999999966482,1.1559585281128286,-0.011380715789044307,-0.0036890693438227148,0.15237517249859509,1.1573790278929006,-0.002793318768071162,-0.0014743824939003254,0.15237517249859509,0.12,0.0,0.001982522266249856,0.12
13.456552471,1.1548790771314357,-0.00012874325160815527,-0.0021893554427392732,0.11999999999967592,1.1251036236327208,-0.008618528715872592,-0.0025520124160201127,0.13118713407007582,1.1542100422330788,-0.00403523274509294,-0.0024039749472428164,0.13118713407007582,0.12,0.0,0.007156751644078096,0.12
13.506980765,1.1630390588937012,-0.0001459883981771507,-0.0019917698055248578,0.11999999999965372,1.1717691476125311,0.0003171290991797435,-0.002020959227491923,0.13692074846278235,1.1633220626208662,-0.0031232858811113553,-0.0025174673576390375,0.13692074846278235,0.12,0.0,0.007664510427207316,0.12
13.555819292,1.1671190513825027,-0.00015381523286211657,-0.0018379292183039345,0.11999999999966482,1.1724222221308958,-0.0063522043196881615,-0.011444970843746056,0.12627012646357783,1.1720807923637862,-0.0070300653060727195,-0.0038224248926297263,0.12627012646357783,0.12,0.0,0.010482102548009246,0.12
13.607258447,1.17119904516037,-0.00016093721014730008,-0.0016494227998243172,0.1199999999995871,1.1572170538695743,-0.002983866199891108,-0.0030661943661205266,0.09506176943877952,1.1723676575848443,-0.006185070986366123,-0.0028478386618933688,0.09506176943877952,0.12,0.0,0.01323531187573775,0.12
13.655599369,1.175279040373298,-0.0001671806810951743,-0.0014083047780258456,0.11999999999965372,1.1760870535578214,0.010549317438732338,-0.0024254276408299923,0.12039747060094565,1.1764642518601631,-0.0026434456499830985,-0.0023802801704997587,0.12039747060094565,0.12,0.0,0.010760338209363484,0.12
13.708409822,1.179359036991784,-0.00017242577941574438,-0.0011703279803738692,0.11999999999963151,1.190229813178337,0.01411136137164803,-0.01427018172690479,0.12810156046457474,1.1839055185341585,0.0008781523295193624,-0.004077930068994226,0.12810156046457474,0.12,0.0,0.007504458646760151,0.12
13.755771099,1.1834390346108983,-0.00017682879149364438,-0.0009983296977255178,0.11999999999965372,1.1814334358214587,0.012550661239485223,-0.003930713482106543,0.0925380249213604,1.1866810912061005,0.003343078134598344,-0.004601796055902307,0.0925380249213604,0.12,0.0,0.003967377338126667,0.12
13.809378112,1.1875190328210938,-0.00018064809545831147,-0.0008854181431024905,0.11999999999963151,1.2034648611700982,-0.014759181759085088,0.0002137543307421406,0.1091969429016915,1.1942772787858644,-0.0005106036902341824,-0.0026908129154959498,0.1091969429016915,0.12,0.0,0.004712589527463552,0.12
13.856232788,1.1915990313535496,-0.00018410741087070075,-0.0008080252117481109,0.11999999999965372,1.176596461996524,-0.012569776821457013,-0.01593790183469323,0.13258965118646268,1.1953948514616561,-0.003107362210794837,-0.005600363836146137,0.13258965118646268,0.12,0.0,0.010651754539162856,0.12
13.90648735,1.195679030187459,-0.0001871885156298044,-0.000680496868220239,0.11999999999966482,1.205249044275103,0.0012062090620141666,-0.005461431985981043,0.11930092203719599,1.2026194955342315,-0.002222020524687261,-0.004949169937581614,0.11930092203719599,0.12,0.0,0.010923334571754616,0.12
13.955772951,1.2038390291898184,-0.00019111043103436364,-0.0002771821493822647,0.11999999999970923,1.1973571787488986,0.0037315768655244294,-0.007238326654910481,0.13160868597211656,1.206261901553828,-0.0009840851027289443,-0.006483009706397576,0.13160868597211656,0.12,0.0,0.011483486039588191,0.12
14.008623685,1.207919029122292,-0.00019180854571674953,-6.13127392827678e-05,0.11999999999965372,1.2132945322034654,-0.009759809438348171,-0.008573986357336288,0.10572108524375459,1.2110867041398035,-0.002872921605124019,-0.006452176189293672,0.10572108524375459,0.12,0.0,0.012822572246405855,0.12
14.056947401,1.21199902910418,-0.00019155967616495665,0.00018614382404213915,0.1199999999995871,1.2178699528726527,0.001354007014392076,0.011529976888003331,0.10999479019086189,1.2176058405141494,-0.0017228226160619941,-0.0017507917576343166,0.10999479019086189,0.12,0.0,0.013478611360122286,0.12
14.106942379,1.2160790289079437,-0.0001903209453977679,0.00040283299043443417,0.1199999999995871,1.2103426546311125,-0.0023638072977535673,-0.010400529097093016,0.12729112538356466,1.2208742025206973,-0.0018860316825155916,-0.002431056714681337,0.12729112538356466,0.12,0.0,0.007187806757584002,0.12
14.156074813,1.2201590284465402,-0.00018838760859805066,0.0005417116791994305,0.11999999999970923,1.2221022104714603,0.006762339029767555,0.006577771231202636,0.11873451220359285,1.2260545354339607,-4.2179598519513075e-05,-0.0016082037026056407,0.11873451220359285,0.12,0.0,0.004968487618588941,0.12
14.206375463,1.224239027707449,-0.0001859352523943727,0.0006510054677149954,0.1199999999995871,1.229428785286742,0.017177894916167495,0.00013168909935781664,0.09007830459805068,1.2303445734717504,0.0036084250136979366,-0.0007653456742573543,0.09007830459805068,0.12,0.0,0.0003003045324701419,0.12
14.256656401,1.228319026761529,-0.00018315758258024274,0.0006940599145106722,0.11999999999972033,1.240110071215534,-0.006253672382820595,0.004731680001171879,0.128438088457229,1.236731449038128,0.001522506257561017,0.00038121205962942544,0.128438088457229,0.12,0.0,-0.002150992621540691,0.12
14.308677344,1.232399025819582,-0.00018038549438399671,0.0006606225827048703,0.11999999999972033,1.22267811807128,-0.010877821407159989,-0.0010587017968793843,0.12660593795252917,1.2384222212218314,-0.001109240433974116,-0.00023661758515671318,0.12660593795252917,0.12,0.0,-0.0004598792124861907,0.12
14.356135748,1.2364790249826783,-0.00017777265528485923,0.0006257547749367484,0.11999999999962041,1.2513169465765714,0.017446414031512297,-0.0004881822552342275,0.13590695377151565,1.245926953860112,0.002826853884913332,-0.0002623838706484685,0.13590695377151565,0.12,0.0,-0.0012124970613940711,0.12
14.405740909,1.2405590241841382,-0.0001752200279272463,0.0006300643844127954,0.1199999999995871,1.2493177539744404,-0.012043633501405838,0.002343568377304265,0.10039626779224484,1.2493012604298026,-0.0003241323461157918,-0.00015369354797807047,0.10039626779224484,0.12,0.0,-0.0003442074390680675,0.12
14.455588959,1.2487190226177711,-0.00017016435064032718,0.0006390133004166732,0.11999999999965372,1.2592996707001651,-0.013212634346497113,0.0035310176359943245,0.1129999903360657,1.2562514375631681,-0.009574607967564581,0.0015234461506526322,0.1129999903360657,0.12,0.0,0.008461517244756585,0.12
14.508107649,1.252799021613309,-0.00016730616091470665,0.0007756480250787304,0.1199999999995982,1.2455007657448844,-0.009539266405712607,0.0019946951450455913,0.11360269924913484,1.2579858820078944,-0.009560179880700664,0.00162984075057121,0.11360269924913484,0.12,0.0,0.010256069488540827,0.12
14.555803093,1.2568790200760624,-0.00016377106644753083,0.0009600489911431204,0.1199999999995982,1.2491620779328085,0.01763440490097139,0.01098745298220538,0.1306947777502165,1.2608730799303307,-0.0037650842721874715,0.0041458050011050525,0.1306947777502165,0.12,0.0,0.005164589480414233,0.12
14.605657926,1.2609590178559487,-0.00015951793544304876,0.0011000872546858618,0.11999999999972033,1.241990057447263,0.01909787468098825,0.004527058546462164,0.13257744008309505,1.2625962433006328,0.001108823174918561,0.005192870081624216,0.13257744008309505,0.12,0.0,-0.003219734051673343,0.12
14.656761773,1.2650390153212123,-0.00015497013459763787,0.0011039608260437342,0.1199999999995871,1.2707271841920023,0.002873742247624384,-0.004432675218875876,0.12188709267336818,1.2679581725511981,0.0014814783021993554,0.004056727325105272,0.12188709267336818,0.12,0.0,-0.007260625765932775,0.12
14.707243168,1.2691190130717727,-0.00015068819747387645,0.0009858019550093736,0.11999999999972033,1.2591394417808277,-0.008220350152866322,-0.011641509706581775,0.10064174446138724,1.2700257212201846,-0.0005923932026579732,0.0015313722013412798,0.10064174446138724,0.12,0.0,-0.005031014941603718,0.12
14.757000164,1.2731990113545095,-0.00014694810507729405,0.0008581314989723013,0.1199999999995871,1.2978145630398683,-0.015114360616658723,0.0068058112400980605,0.13321679591895355,1.2808145201478276,-0.0036553089448077593,0.0022561341333423926,0.13321679591895355,0.12,0.0,-0.0012834293744250274,0.12
14.805669681,1.2772790099893623,-0.0001436115848093268,0.0007882102476076099,0.1199999999995871,1.2842687028833784,-0.009189240674174818,0.0025490160387383306,0.09433672181267243,1.284881994550204,-0.004821872330082765,0.0024308525704150306,0.09433672181267243,0.12,0.0,0.001397991111406178,0.12
14.855649068,1.2813590087459896,-0.00014042635436589595,0.0007806704129389198,0.11999999999968702,1.2876637964106346,-0.015930134889213625,0.0004261536392602644,0.12314449468123997,1.2901055979513345,-0.007170444859781093,0.0014876161675616538,0.12314449468123997,0.12,0.0,0.005743456054885233,0.12
14.906891904,1.285439007428104,-0.0001371478667153962,0.0008387101964466902,0.1199999999995871,1.2881607638507746,-0.005134980816981543,0.0020335062038629795,0.11413121590135633,1.2932008140876974,-0.0067313031220992536,0.0011429928053509244,0.11413121590135633,0.12,0.0,0.006631392630176057,0.12
14.956267915,1.2935990036996659,-0.0001293679139489598,0.00106821498657706,0.119999999999576,1.30247277481515,0.00623200538966157,-0.00506180507864616,0.10411490628858407,1.3007815453052873,0.001073046087973965,-0.0021825510037834124,0.10411490628858407,0.12,0.0,0.0031848126654118233,0.12
15.006349956,1.2976790012067918,-0.0001248584171821459,0.0011361135104388674,0.1199999999995871,1.3174423061559914,0.0009226757886328036,0.008896697903054994,0.10077303540976076,1.3077413029052956,0.0010528434140715953,-0.0003897454545430637,0.10077303540976076,0.12,0.0,0.0010367190404417088,0.12
15.055746749,1.3017589984747724,-0.00012013704317150273,0.0011709432842850803,0.11999999999972033,1.3176195777086173,-0.02937278991721088,0.0010932726949993408,0.11828199435564316,1.3134166834234835,-0.005403285814111186,0.0002678205061523214,0.11828199435564316,0.12,0.0,0.0033194769725020594,0.12
15.105822345,1.3058389956550531,-0.00011534029772103012,0.0011824627441348566,0.11999999999974253,1.3102993780114565,0.006250401277901413,0.009660299406138958,0.10259535401068472,1.3158717450833992,-0.002915806380533173,0.0025428261863160856,0.10259535401068472,0.12,0.0,0.0011106546290783775,0.12
15.155737345,1.3099189926829304,-0.00011041586064442386,0.0012235811067226048,0.119999999999576,1.3159664305563785,0.011499693286596158,0.0069868517302137,0.1109932976068862,1.320534750450692,0.00016301709114266427,0.0033316220575065674,0.1109932976068862,0.12,0.0,-0.003544264467162367,0.12
15.205938361,1.313998989620424,-0.00010541693613956536,0.0012074853073423136,0.11999999999972033,1.3098955716281604,-0.007475124957188867,-0.00046367042016056716,0.10269135044146224,1.3222595948793674,-0.0014502401840000767,0.0021134118480798463,0.10269135044146224,0.12,0.0,-0.001966539904490805,0.12
15.261532294,1.3221589841339692,-9.595617703139725e-05,0.00114323951139726,0.1199999999995871,1.3331529783408411,-0.024334277140461057,0.002134878309055334,0.14183391170041718,1.3298764682140278,-0.006294382558368162,0.001764102149446829,0.14183391170041718,0.12,0.0,0.00337078630438159,0.12
15.305942687,1.326238981359369,-9.119845179305904e-05,0.0012011964195573846,0.11999999999965372,1.3278020446610121,-0.0010862494473781754,0.008017435619640084,0.12541595990743218,1.3339586255901608,-0.006747179443130736,0.004343286898649016,0.12541595990743218,0.12,0.0,0.006652436432841942,0.12
15.356520259,1.3303189781296199,-8.606668465754096e-05,0.001315745492633613,0.11999999999966482,1.3489056690743855,-0.01689875792289552,0.016204136967051662,0.10669977989485746,1.3408347119137105,-0.00886405073069231,0.006345951829490901,0.10669977989485746,0.12,0.0,0.00377675306084434,0.12
15.406245139,1.3343989743722986,-8.053032145453748e-05,0.0013928950829701235,0.11999999999968702,1.3571187380789207,0.0066675913785031625,0.002771575475500965,0.12561821956648395,1.3490628331585381,-0.005544570305067003,0.005651525166296897,0.12561821956648395,0.12,0.0,0.0011804429348064747,0.12
15.45655408,1.3384789702551658,-7.473444190381109e-05,0.0014395007727789817,0.1199999999995871,1.3494119745500368,-0.02240357446943298,-0.0013036154654469186,0.129075198983524,1.352810779673411,-0.009114528684746666,0.004552745466822493,0.129075198983524,0.12,0.0,4.7731707634411104e-05,0.12
15.505857258,1.342558965997024,-6.883985071524915e-05,0.0014537469027397108,0.11999999999973143,1.3343424223751472,0.009339936224291703,0.00018876058556538874,0.09853661011596995,1.3525909796822242,-0.005188780742687513,0.003522115048477292,0.09853661011596995,0.12,0.0,0.002913121665382575,0.12
15.558659234,1.346638961521125,-6.279684433012304e-05,0.0015128272163318004,0.11999999999968702,1.3391385919207979,0.0033152280074970997,0.00035808264526225337,0.12260919207786782,1.3546331159248182,-0.0033733718205666645,0.0030715501782411165,0.12260919207786782,0.12,0.0,0.0012686809937058753,0.12
15.605747699,1.3507189567002449,-5.652505283242745e-05,0.0015573100094339255,0.11999999999972033,1.3462969595699221,0.01523814994152204,-0.0021459146162389484,0.12241398771073447,1.3567227899387373,0.0005757884490479948,0.003168991963904715,0.12241398771073447,0.12,0.0,-0.0037141083988070436,0.12
15.655940821,1.35887894706296,-4.3985868483437225e-05,0.0014809894792918233,0.1199999999995871,1.3409919206933294,-0.014452726919598823,0.008045831071642149,0.10659926432882481,1.3576364630279774,-0.0025910268508765053,0.0042219262822432635,0.10659926432882481,0.12,0.0,-0.0032376521102368853,0.12
15.705638222,1.35887894706296,-4.3985868483437225e-05,0.0014809894792918233,0.1199999999995871,1.3714507431062681,0.025863700518488797,-0.0005208732450703899,0.11022631086022502,1.36380317240449,0.0034515456627741813,0.0038617070349121142,0.11022631086022502,0.12,0.0,-0.008726856372270643,0.12
15.758420937,1.367038939234209,-3.2698585823069394e-05,0.0012210902680206389,0.11999999999967592,1.3883662388977733,-0.01289448440247936,-0.007279662910510785,0.14407131421740985,1.374221936391248,0.005996697772377365,0.001476844290790072,0.14407131421740985,0.12,0.0,-0.01500702396643242,0.12
15.806847309,1.3711189368823,-2.833420363422819e-05,0.0009031811157474463,0.11999999999972033,1.3627540987740092,0.009681708434624783,-0.00799037262317038,0.11316043098955177,1.3750023106451597,0.0067678921351566005,-0.0013229893194850089,0.11316043098955177,0.12,0.0,-0.011541619606683772,0.12
15.855671269,1.3751989356743708,-2.5210256970950233e-05,0.0006420242768027655,0.11999999999970923,1.373069129489908,0.04243470623487818,0.001817818172201023,0.09734532236992652,1.3775244124041746,0.014336255616134067,0.00010613035584476296,0.09734532236992652,0.12,0.0,-0.018222969517779596,0.12
15.906838168,1.3792789351149726,-2.3098554409636406e-05,0.0003684725815254712,0.11999999999963151,1.3707428275596425,0.020474092379568824,-0.0005131526433135882,0.11761301401532863,1.3805270104763168,0.015640174740060717,-0.0009398631426372939,0.11761301401532863,0.12,0.0,-0.019836366330761235,0.12
15.955568149,1.3874389349386758,-2.2956883341338032e-05,-0.000344236810493866,0.1199999999995871,1.3936483864335636,-0.014821059041851683,-0.0023142800023549354,0.1324982392900041,1.3852838697348862,0.007360578275064211,-0.00019146530502244338,0.1324982392900041,0.12,0.0,-0.01927984246365112,0.12
16.006993103,1.3915189343593553,-2.509081140327172e-05,-0.0006911693747417728,0.11999999999974253,1.4030581805067546,-0.02171223686358429,-0.011595510002412586,0.10661857854795857,1.3852838697348862,0.007360578275064211,-0.00019146530502244338,0.1324982392900041,0.12,0.0,-0.012669249929080894,0.12
16.055930725,1.3955989329840028,-2.8428906604975516e-05,-0.0009266279391080826,0.11999999999965372,1.4234335117684647,-0.004535888399588926,-0.013503636337339657,0.14135038377199285,1.4041718288767453,-7.273517440435596e-05,-0.005171075738150613,0.14135038377199285,0.12,0.0,0.0005058143678198217,0.12
16.105787175,1.399678931057741,-3.239262337728951e-05,-0.0009874597927913985,0.1199999999995871,1.3967237998226272,0.013197574755730851,0.008128916161754778,0.12823008465767938,1.4061739640254658,0.00274928509639724,-0.002766141820502433,0.12823008465767938,0.12,0.0,0.0025050627632506946,0.12
16.155851252,1.407838927454969,-4.0056432732579164e-05,-0.0009087412414082959,0.1199999999995871,1.3976201802840167,0.010820543536671947,0.008767313752094597,0.1591143972495391,1.4089855481695799,0.0044703125113055705,-7.89106359419382e-05,0.1591143972495391,0.12,0.0,-0.0012074224374718967,0.12
16.20667614,1.4119189256807638,-4.386070626420181e-05,-0.0009685854875089413,0.11999999999965372,1.3987629585600738,-0.002429020517008733,0.0023534313170973987,0.09804470185096628,1.414038517477339,0.0032293609922407407,0.0022125006911112824,0.09804470185096628,0.12,0.0,-0.005955504390672613,0.12
16.258710596,1.4159989235252821,-4.8052060884503026e-05,-0.0010921800768424494,0.11999999999964261,1.3816000351130016,0.010808774841106657,-0.0024763400212519772,0.11671416217175323,1.412265548356736,0.004840161373065253,0.0012656120662068659,0.11671416217175323,0.12,0.0,-0.007871568838491702,0.12
16.306239861,1.4200789207611353,-5.2798280001723046e-05,-0.0012362595284717741,0.11999999999968702,1.4296533428654423,0.018318420123090547,-0.005867407484536597,0.12215091874625385,1.419884418175264,0.007693175524892676,-0.0006109290426630247,0.12215091874625385,0.12,0.0,-0.008973899191220849,0.12
16.356304582,1.4241589172294418,-5.816323222949683e-05,-0.0013973713403522708,0.11999999999963151,1.4312891933941951,-0.014465834975197787,-0.01558713885215739,0.12982742872751613,1.427499595904143,0.0029576311622542695,-0.0038140911074396365,0.12982742872751613,0.12,0.0,-0.004225055434035276,0.12
16.406999286,1.4282389128058304,-6.416938399907542e-05,-0.0015231236385847703,0.11999999999972033,1.4329934827759376,0.009215571802045353,0.0007845138506460709,0.12390060705331832,1.433143404205196,0.004277514188760628,-0.0027511300860568874,0.12390060705331832,0.12,0.0,-0.001480048849337748,0.12
16.458731693,1.4323189079459533,-7.04666235808958e-05,-0.001557517410208254,0.11999999999972033,1.4257635489746536,-0.02400962459620576,-0.002719787737463669,0.09834199160767136,1.434607830957469,-0.0017323846398394653,-0.0032672608314484298,0.09834199160767136,0.12,0.0,0.002655754340643132,0.12
16.50691248,1.4363989029163988,-7.68728954934547e-05,-0.0015717277098997958,0.11999999999975364,1.4306776361031694,-0.012426124117379641,0.008395396701575492,0.11119792323320454,1.4375669360279435,-0.003994205935597902,-0.0007275331635351401,0.11119792323320454,0.12,0.0,0.005586695184121873,0.12
16.555805143,1.4445588937293796,-8.911076987375701e-05,-0.001407591753163506,0.1199999999995982,1.444955331045953,0.011933497423487732,-0.014186956106470224,0.09384648803250507,1.446629744859795,-0.002815617340224154,-5.270910749954634e-05,0.12664594974139032,0.12,0.0,0.004473358650572627,0.12
16.606013503,1.4445588937293796,-8.911076987375701e-05,-0.001407591753163506,0.1199999999995982,1.444955331045953,0.011933497423487732,-0.014186956106470224,0.09384648803250507,1.449454920031577,0.0002908420664245715,-0.00281595265123135,0.09384648803250507,0.12,0.0,0.0042953098355250855,0.12
16.659662346,1.4527188865602696,-9.992094260210552e-05,-0.001253920356148388,0.1199999999995871,1.4841780008141794,0.0029221861897012953,0.0022391122591635566,0.10930878230552217,1.4627314240130305,0.0027213516304628858,-2.406053463472735e-06,0.10930878230552217,0.12,0.0,0.0006605498175745364,0.12
16.708469631,1.4567988834182721,-0.00010498434490720379,-0.0012334555628975474,0.1199999999995871,1.4250202733419848,0.002689483549984717,0.008717727630691327,0.11397881763927227,1.4580867524920795,0.0027292325679693845,0.0015547080656689903,0.11397881763927227,0.12,0.0,-0.001386558762642299,0.12
16.755599433,1.4608788802227195,-0.00011009046297834082,-0.0012799183498067492,0.1199999999995871,1.4458409476919667,-0.06059869754496242,-0.00919422497910018,0.12048763963567502,1.460034322488135,-0.010719149481012744,-0.0016542641401738323,0.12048763963567502,0.12,0.0,0.005037223093215863,0.12
16.805596141,1.464958876712886,-0.0001154417264715486,-0.001303191066804245,0.1199999999995871,1.4836434713064224,0.006208601489717678,0.000998016199250284,0.12018577508598507,1.4697950714732226,-0.007128491316461933,-0.0016214800666377205,0.12018577508598507,0.12,0.0,0.011566933437282836,0.12
16.858478687,1.469038873710303,-0.00012038593300132268,-0.0011085365135204692,0.11999999999972033,1.4917938394955192,-0.016435906640574958,-0.005860708880604899,0.12018976677155155,1.4787991337192599,-0.009119302920746244,-0.0022691217136338263,0.12018976677155155,0.12,0.0,0.014007523280204891,0.12
16.905730616,1.4731188716778743,-0.00012444906801079372,-0.0008737422621935205,0.1199999999995871,1.4778543479234294,-0.0030263601625737688,-0.004265729282893127,0.08407979937536597,1.4816787913838243,-0.007837057485705973,-0.00253037444529651,0.08407979937536597,0.12,0.0,0.01540662587013426,0.12
16.956641997,1.477198870552769,-0.00012746145050612326,-0.0005982643730470849,0.11999999999967592,1.4768646721340715,0.015178392631697747,-0.005965945969480691,0.11121073800894318,1.4847407156068921,-0.002970498680328339,-0.002717145252212167,0.11121073800894318,0.12,0.0,0.012429659984316931,0.12
17.006007717,1.4812788701166013,-0.00012931738807468802,-0.0003139917563785612,0.119999999999576,1.5035021764015224,0.02133057734472231,0.004115156062904289,0.10387648140228542,1.49203500835072,0.0021870275835750666,-0.0005967920716754989,0.10387648140228542,0.12,0.0,0.002222689784302965,0.12
17.055833544,1.4853588700223093,-0.00013016462727252594,-0.00013016490142161736,0.1199999999995871,1.4878555073105848,-0.005596971041889682,-0.006574032265062041,0.14267346968413208,1.496703039697846,0.0005198014254654501,-0.001678069539978933,0.14267346968413208,0.12,0.0,0.0020556981215816283,0.12
17.105665421,1.4935188699883764,-0.0001308858459082489,-5.735746875958714e-05,0.11999999999964261,1.4794151608268502,0.005696853600354199,0.010414069061500162,0.12578533768024686,1.4990037254978001,0.005157716252846539,0.0022903100207720536,0.12578533768024686,0.12,0.0,-0.005738709401706625,0.12
17.156144894,1.497598869972953,-0.00013122865833263995,-0.0001309491786966248,0.11999999999969813,1.468218017412125,-0.022204292031041448,-0.00248786987289277,0.12932691350380074,1.4974304505653029,-0.0006452873716465482,0.000736768279890005,0.12932691350380074,0.12,0.0,-0.004546002681618532,0.12
17.205594882,1.5016788698886967,-0.00013204438616835662,-0.00025326658640590385,0.1199999999995871,1.517497496577371,-0.0014392922255230503,-0.00279323069633342,0.07742390076251948,1.5047527829128515,-0.0008180311376536996,0.00022713362888520077,0.07742390076251948,0.12,0.0,-0.001051561184796987,0.12
17.255734145,1.50575886973146,-0.0001331762124464772,-0.0002913992978673202,0.1199999999995871,1.515805606083866,0.012554892546394933,0.006156190011518846,0.11588445680872171,1.5105044483629622,0.00202966947060479,0.0017207957386636908,0.11588445680872171,0.12,0.0,-0.0026311344086973063,0.12
17.305595652,1.509838869552016,-0.00013438614043916584,-0.0003078508710947077,0.1199999999995871,1.5241629764212745,-0.00485620758907541,0.004858743004307558,0.1133014272087542,1.517740708371041,0.0005814139211126226,0.0023547125306821815,0.1133014272087542,0.12,0.0,-0.004254490453610773,0.12
17.35584726,1.5139188693157477,-0.00013577207844767827,-0.00037694755821208347,0.11999999999967592,1.4956569476567911,-0.0034658063666131323,0.0015155596707753757,0.1023208843802903,1.5167600373291459,-0.00027070656366131164,0.0024469378361667766,0.1023208843802903,0.12,0.0,-0.004009166066933427,0.12
17.408859109,1.5179988689595207,-0.00013747430506963056,-0.00045757757926324097,0.11999999999970923,1.5455634756013195,0.02702966977109285,-0.01001780809172409,0.12679452293813262,1.5266559730352065,0.005511854859726352,-0.0006747193722046947,0.12679452293813262,0.12,0.0,-0.005791936231719963,0.12
17.45638792,1.5261588677288387,-0.00014193231828586822,-0.0006448114320402827,0.11999999999972033,1.5278024414475013,0.006872197025697377,0.0035599795983660113,0.1345979205946645,1.5315201653254347,0.00360443072246978,0.00023285400269496643,0.1345979205946645,0.12,0.0,-0.004432659905463085,0.12
17.505941195,1.5302388667613267,-0.000144740326207949,-0.0007307192648751859,0.11999999999965372,1.5546420641634269,-0.01823773122277661,-0.0022264182524496918,0.1107384005192035,1.5402332726548236,-0.0010334449488852877,-0.0005870016639033302,0.1107384005192035,0.12,0.0,-0.0015677568136568862,0.12
17.555975989,1.534318865560633,-0.00014786967226234794,-0.0007882232817779621,0.11999999999972033,1.541626984687828,0.01984809863483123,0.0033967149247125764,0.0976676637759092,1.5441828769991024,0.0034023949138605966,0.00026617491506241255,0.0976676637759092,0.12,0.0,0.00022385708702706182,0.12
17.606693119,1.5383988642723683,-0.00015111184528136378,-0.0008082693717765388,0.1199999999995871,1.5446266220570364,-0.0224247272886324,-0.008505683156641627,0.09869707348515573,1.547582333867254,-0.0020913450544379317,-0.0016622468208794586,0.09869707348515573,0.12,0.0,0.0005362045326073412,0.12
17.656384158,1.5424788628408803,-0.00015452889269348274,-0.0008553095862856769,0.11999999999972033,1.547364771489409,0.027697916243955855,0.002892050361534399,0.11740440978004145,1.551578929465504,0.0042313797999238185,-0.000877485648169071,0.11740440978004145,0.12,0.0,-0.00047773272226643505,0.12
17.70639652,1.5465588614149588,-0.00015793956235945363,-0.0008213049043994329,0.1199999999995871,1.5434832036710278,-0.0074761195877712525,-0.013999913431200052,0.12831417419051522,1.5546209356144463,0.0017178397187382374,-0.003305012437339789,0.12831417419051522,0.12,0.0,3.667359717005351e-05,0.12
17.755636116,1.5506388599979781,-0.00016133968573778994,-0.0008493725020281196,0.11999999999972033,1.5432441900385874,0.02207384353967994,-0.013462703469124093,0.10971759360010254,1.5564408406976196,0.006003745528514769,-0.005000657035983052,0.10971759360010254,0.12,0.0,0.00047080516191121016,0.12
17.806929126,1.5547188585431797,-0.0001647850652598574,-0.0008338729968710067,0.11999999999972033,1.5516317803734796,-0.00980387401053977,-0.0028193004046654694,0.09893974660020473,1.5581236420311901,0.0026387176695337558,-0.0042597470843690685,0.09893974660020473,0.12,0.0,0.002214039811008428,0.12
17.860316662,1.5628788558451785,-0.00017141927110072959,-0.0007834949303366577,0.11999999999970923,1.5680087269600131,0.019020468264988998,0.002308863856070946,0.1270406700492997,1.57227746495155,0.008095365998524978,-0.002748946566032269,0.1270406700492997,0.12,0.0,0.00038837275477476754,0.12
17.906613426,1.5669588546135944,-0.00017458936504837432,-0.0007762997034730613,0.119999999999576,1.5643273485428741,-0.01185511525746793,-0.01637549307390137,0.13770262978368503,1.5748767178893401,0.0038232393865439947,-0.005026024185905673,0.13770262978368503,0.12,0.0,-0.0002947658494270632,0.12
17.955996794,1.5710388533117674,-0.000177848333473187,-0.0008097225861978002,0.1199999999995871,1.5677087202457278,-0.0042892074448825784,-0.0010104496071378442,0.1041726184307742,1.5771390921746857,0.002091497595998584,-0.0049060787781914856,0.1041726184307742,0.12,0.0,0.0011146941371987223,0.12
18.005942013,1.5751188520083708,-0.00018110932529223723,-0.0007784444147106523,0.11999999999972033,1.5813401583129882,0.003625707231868232,-0.01137015416271047,0.12204625106833539,1.5820868325727695,0.002386612299555544,-0.006705510592667315,0.12204625106833539,0.12,0.0,0.005364574510170434,0.12
18.056815529,1.57919885086892,-0.0001841575162042437,-0.0007105045092067701,0.1199999999995982,1.5842421484345033,-0.0169339703366161,0.003493786656982255,0.13779016931405547,1.5866347488367771,-0.0017221324820834976,-0.0047249216496790146,0.13779016931405547,0.12,0.0,0.008530645341449688,0.12
18.106549566,1.5832788499859016,-0.00018683833742736368,-0.0005936891706151961,0.11999999999960931,1.5647165027766796,0.014509703153173535,0.0027922173027021325,0.12323528354496208,1.5869168650008998,0.0017135968426726653,-0.003084661939484452,0.12323528354496208,0.12,0.0,0.004354952764685583,0.12
18.155944508,1.591438849072075,-0.00019066859293798618,-0.00038689562923554995,0.11999999999965372,1.5769404337120085,-0.011668997797160293,-0.01128393592738465,0.10287449926299681,1.5910055666860596,-0.002506120670804269,-0.0010464680428763668,0.10287449926299681,0.12,0.0,-0.0005852297843828265,0.12
18.206629101,1.595518848775832,-0.00019222331211743573,-0.0003805170788327103,0.11999999999960931,1.5956289511048527,-0.013661738172992394,-0.0034975472183937334,0.12183399446729858,1.5965933294793502,-0.004882589035559506,-0.0016309600441730802,0.12183399446729858,0.12,0.0,0.0035201692536813147,0.12
18.255579545,1.599598848516398,-0.00019367673194864055,-0.00032556346645132306,0.11999999999972033,1.6090959969397916,0.00400023047726637,-0.004317287486403375,0.13374239695908013,1.6036086169608486,-0.0030102357607625,-0.001962918890003874,0.13374239695908013,0.12,0.0,0.006671037439543384,0.12
18.306635668,1.6036788483647415,-0.00019478064407038787,-0.00021085849650335424,0.1199999999995871,1.618841634832846,0.01766098683713253,0.006545294412306003,0.09016330035187882,1.6097766000134275,0.0013854455963650506,-0.0005902817074547209,0.09016330035187882,0.12,0.0,0.0033179958848442636,0.12
18.355818576,1.6077588483175247,-0.00019538275367538566,-8.53166694519176e-05,0.11999999999968702,1.619309863019695,0.009437011079796843,0.0016166167263400118,0.13547906540215923,1.6154922188140004,0.0030951401484832315,3.120504509576016e-05,0.13547906540215923,0.12,0.0,-0.001980985319339929,0.12
18.405693715,1.611838848309901,-0.000195627245865279,-4.98892124650408e-05,0.11999999999972033,1.6246994600248932,0.0007024622743801992,-0.0033869057705331568,0.12407747740770593,1.6220742583435215,0.0025807528968136138,-0.00040087179754961556,0.12407747740770593,0.12,0.0,-0.0026603412627440167,0.12
18.458499763,1.6199988482744285,-0.00019635933906244832,-0.00013202353542049724,0.11999999999970923,1.5851920178329495,-0.00913827528943776,-0.000934496477263065,0.11394214923568878,1.6181798029069636,9.119329631463021e-05,-0.00043674468499405093,0.11394214923568878,0.12,0.0,-0.0012069459791876236,0.12
18.507411803,1.6240788482344655,-0.00019693014667796621,-0.00014245755179652218,0.11999999999966482,1.657038333996124,0.0006326832808694602,0.01288648349265026,0.12665006274027651,1.6315157128658515,0.001532068028917551,0.0017453822707294425,0.12665006274027651,0.12,0.0,-0.0020412081328838156,0.12
18.555647256,1.628158848188882,-0.0001975389074687602,-0.00016984901797969124,0.1199999999995871,1.6293860737420138,0.01832604551481148,0.0015635753587491515,0.14183742257826717,1.6368481133052826,0.005107630946423662,0.0009859790808889044,0.14183742257826717,0.12,0.0,-0.004047827603264083,0.12
18.605659882,1.632238848103685,-0.0001983684363116019,-0.000240957555276754,0.119999999999576,1.6224828237803035,-0.014726690023410618,0.004590176945075088,0.1317104746315346,1.6378041990955325,0.0009104677724953488,0.00135673293054356,0.1317104746315346,0.12,0.0,-0.004863956827523158,0.12
18.655840721,1.6363188479234758,-0.00019957461258546277,-0.00034531156650510314,0.11999999999972033,1.6175721949905075,-0.018848829365433487,-0.010476331976700008,0.13927006769207603,1.638786463629789,-0.0033018795100283353,-0.0006063486359165486,0.13927006769207603,0.12,0.0,0.00013524532458232714,0.12
18.706145765,1.6403988476212847,-0.00020114267610859345,-0.0004086466752650728,0.11999999999965372,1.6436768123759837,-0.0024315098651654923,0.006631207147327212,0.12107779816779436,1.6432009897855935,-0.0031046470073077936,0.0004674331785593663,0.12107779816779436,0.12,0.0,0.002552787113770545,0.12
18.755987476,1.6444788472909793,-0.00020278416715980132,-0.00038771977441470377,0.11999999999962041,1.6647343498039358,-0.015115432753647308,-0.011490655034723221,0.12472367623636287,1.6529871659145206,-0.005675926291613864,-0.0018478005186381842,0.12472367623636287,0.12,0.0,0.008345013388153601,0.12
18.806367923,1.6485588470295005,-0.00020424196680656403,-0.00030980163961533835,0.1199999999995871,1.691775161469217,-0.008145450560092051,0.012930591670542542,0.14028440032970876,1.6662854114441348,-0.006178728581680682,0.0014672469099837064,0.14028440032970876,0.12,0.0,0.007923236855076097,0.12
18.855653172,1.6526388469178162,-0.0002051752211344833,-0.00014282109358353402,0.11999999999969813,1.666159786382779,0.009704429177024574,-0.001641978898457523,0.10730721504416364,1.6698629742572202,-0.0028090863611633194,0.0009479378084433779,0.10730721504416364,0.12,0.0,0.004151443628457525,0.12
18.906178655,1.6607988469014074,-0.0002053802686937422,7.013029501423816e-05,0.1199999999995982,1.6755156119583317,0.006092594741334446,0.0007506610025674887,0.1147820878382836,1.6739331743767456,-0.003321423830756059,-0.001916316672885844,0.11915236942619006,0.12,0.0,0.0066507389769202025,0.12
18.960630607,1.6648788468662994,-0.00020486341996321902,0.0001859412987050605,0.11999999999970923,1.6789759575527248,-0.01549709593533671,-0.021720648909528455,0.13575066925765586,1.681795800460564,-0.004374298992019773,-0.0055485262345948165,0.13575066925765586,0.12,0.0,0.009714584010669922,0.12
19.006141443,1.6689588467466956,-0.0002038851243895152,0.0003087883089153239,0.11999999999963151,1.6659293030869364,0.011204974980061087,-0.0006944056327333269,0.12269438428531522,1.6819770998920247,-0.001079923930041336,-0.004442385655489764,0.12269438428531522,0.12,0.0,0.010491860517047896,0.12
19.055808694,1.6730388464001875,-0.00020222190819740884,0.0005133514786356277,0.1199999999995871,1.6861498348005037,-0.01168376561117991,0.00565939251456762,0.09999234540324146,1.6862232788027645,-0.0033288620123346187,-0.002250882309628326,0.09999234540324146,0.12,0.0,0.009063074897234163,0.12
19.106586402,1.6771188456376478,-0.00019973727252322771,0.0007003922044180787,0.11999999999972033,1.6650676977917847,-0.010140416541140864,-0.0054833655913662125,0.08245733879070372,1.684360290926921,-0.004783905024832465,-0.0034432849409085048,0.08245733879070372,0.12,0.0,0.011597594900652148,0.12
19.155847314,1.6852788423734273,-0.00019249839164092654,0.0010934571362011983,0.11999999999963151,1.6920764857127242,-0.014853275074933246,-0.004169442064178597,0.1363726493884217,1.6932536407680638,-0.006103444106811005,-0.00400063422980619,0.1363726493884217,0.12,0.0,0.01298169284570823,0.12
19.206005996,1.6893588394098205,-0.00018758801514593714,0.001320192769033896,0.11999999999972033,1.71100829155894,-0.00668635015854778,-0.015480032419464634,0.11433598720039986,1.7010649230230417,-0.006263535574768717,-0.006400011086622108,0.11433598720039986,0.12,0.0,0.016175635003482167,0.12
19.256286492,1.693438835107965,-0.0001816718705991176,0.0015922119539539278,0.1199999999995871,1.6995969621325815,-0.0034518794661444452,0.006083418158485754,0.1135441522231974,1.7042852931083547,-0.0056679748165791265,-0.004012870731549137,0.1135441522231974,0.12,0.0,0.016135039384490103,0.12
19.306153685,1.6975188288352203,-0.00017452756485644255,0.001910945160124703,0.11999999999966482,1.7222200649790844,0.02364218180414256,0.009656280711090575,0.13220166829998647,1.712026215642439,0.0005572348662132446,-0.00018419423205939724,0.13220166829998647,0.12,0.0,0.004552339232797482,0.12
19.355782867,1.7056788105397935,-0.00015726307363154586,0.0022240559463952898,0.11999999999972033,1.6973274716747166,-0.007833544756158408,0.005458149519224793,0.10302435235771945,1.7145412056288007,-0.0038322130971426326,0.0027324274072081066,0.10302435235771945,0.12,0.0,0.0024870027597573494,0.12
19.405571516,1.7097588002160105,-0.0001480848991773532,0.0022704709759320345,0.1199999999995871,1.7280716617170093,0.009967234397568286,0.001569299556312846,0.1284171203780301,1.7222980820195113,-0.0008925331536181408,0.0024360632406122238,0.1284171203780301,0.12,0.0,0.0015695818637435901,0.12
19.457324098,1.7138387895496117,-0.00013875557344595414,0.0022994548950330466,0.1199999999995982,1.6920547160877084,-0.005807329811949103,0.0017701678698245512,0.14235889195201676,1.720190277796279,-0.001925247494966577,0.0018709268138869734,0.14235889195201676,0.12,0.0,-0.00036137717733071843,0.12
19.506620801,1.7179187787931223,-0.00012938686489804985,0.002292938655651628,0.11999999999972033,1.7156059206919674,-0.03195132888076858,0.010057829744376641,0.12899501315066214,1.7239073153606899,-0.0082759811876034,0.005033020520997086,0.12899501315066214,0.12,0.0,0.0013150551068875748,0.12
19.556614564,1.721998768093828,-0.00012004309667478095,0.002292449156359319,0.11999999999966482,1.7473816407153944,-0.02268145439462956,-0.007531417325249344,0.10348984276224055,1.7320378986777156,-0.011339204230946429,0.002512692892569288,0.10348984276224055,0.12,0.0,0.0068001857452803394,0.12
19.606588028,1.7301587455140894,-0.00010085169731052655,0.0024759282975068296,0.11999999999972033,1.713477869509834,-0.004848959107076754,-0.009970745448839689,0.128623552090892,1.7322929075554276,-0.009973997136489299,5.099143904086162e-05,0.128623552090892,0.12,0.0,0.009908478627822286,0.12
19.65579293,1.7342387320010735,-9.035347662408153e-05,0.002659859844371574,0.11999999999968702,1.7305231978440871,0.025933304520914868,0.004759214894497283,0.1254965083207491,1.7376583639915946,0.0035820753376269014,0.0022776176980130883,0.1254965083207491,0.12,0.0,0.0037281033996788586,0.12
19.707114401,1.738318717034411,-7.930276653291977e-05,0.0027457979183392652,0.11999999999972033,1.724908530244416,-0.005284188453493277,-0.008527611939906437,0.12045569968446414,1.7391690950937264,0.0016904921124771442,0.00012766800496256036,0.12045569968446414,0.12,0.0,-0.0018301651230246594,0.12
19.755995448,1.7423987017584561,-6.813810504063295e-05,0.0027170944874511066,0.11999999999970923,1.7658772437370638,-0.013010920111522299,0.01058522243380211,0.10575219082096067,1.7491604443743025,-0.001411508242855841,0.0031897902471606505,0.10575219082096067,0.12,0.0,-0.002674640603524128,0.12
19.805744108,1.7464786869410347,-5.714233132629419e-05,0.002671745998035799,0.11999999999969813,1.7264680551764748,0.005882946972746791,0.0027847808296408254,0.12008635574595651,1.7478702597113147,0.00014691595985752816,0.0031281078342202183,0.12008635574595651,0.12,0.0,-0.0039143654781490615,0.12
19.85795101,1.7505586726639673,-4.634897878315768e-05,0.0026158438838956347,0.11999999999965372,1.7560101058455484,-0.003751907464497195,0.0008554582084970845,0.08178226079441346,1.7519195313475413,-0.0006753034589122762,0.0020161251990299784,0.08178226079441346,0.12,0.0,-0.002725494494033368,0.12
19.905955274,1.7546386590702279,-3.581718466755645e-05,0.002550362222502918,0.11999999999972033,1.7428042234143901,0.01719798940973171,0.004897855897139629,0.12483662384646596,1.7543321052735956,0.003131391019176666,0.0024084930573316137,0.12483662384646596,0.12,0.0,-0.00655199552677551,0.12
19.96045882,1.7627986341128907,-1.5640627996420307e-05,0.0023580999342235932,0.11999999999960931,1.759276787749431,0.01867152880849112,-0.0008350331454330513,0.1452643158024266,1.7577388221403758,0.0051630800804036035,0.0035725829806472643,0.118964146706708,0.12,0.0,-0.009442629345365309,0.12
20.005749889,1.7668786236465803,-6.40210065486465e-06,0.00215833846453604,0.1199999999995871,1.7904786022428008,-0.0023529745360301594,0.014302433552272734,0.09120852191110537,1.7722614990314791,0.0058628395569993875,0.005386938065266921,0.09120852191110537,0.12,0.0,-0.014925878276372961,0.12
20.058514486,1.7709586152097085,1.8894195492257183e-06,0.0018973074458484682,0.1199999999995871,1.7856818849712421,-0.009155270975361068,0.0012495232240282619,0.13965369125543886,1.7790907345885354,0.0026907940684465443,0.0042059731502273375,0.13965369125543886,0.12,0.0,-0.013464257570120122,0.12
20.106791259,1.7750386088999621,9.057618502962206e-06,0.0016257081192417734,0.11999999999972033,1.7713852949634525,-0.009223769603483974,0.007895959584246773,0.10606519141942354,1.7812698639842037,0.00018536651860746357,0.004747000761061678,0.10606519141942354,0.12,0.0,-0.010179889823190309,0.12
20.155662192,1.7791186042528129,1.5209725039478992e-05,0.0013969893508721264,0.1199999999995982,1.764003991053679,0.017366550054433168,0.0062636692139091095,0.11382093233356032,1.7817647334428113,0.0038543100940344925,0.004820157076648081,0.11382093233356032,0.12,0.0,-0.010956700894288147,0.12
20.207895339,1.7831986007693728,2.0537005780644518e-05,0.0012127682988730243,0.119999999999576,1.803685886321727,-0.01450784992216319,0.019906233649074307,0.12811782921336445,1.7909489789199966,9.80219126084543e-06,0.007024986824764945,0.12811782921336445,0.12,0.0,-0.011090279932389598,0.12
20.255749081,1.787278598245801,2.5068444885615504e-05,0.0010079600256466287,0.1199999999995871,1.786413172007799,0.000446031470215135,2.2401297022198088e-06,0.11164917731544936,1.7940365090564752,0.0001191942963176086,0.005020098484648076,0.11164917731544936,0.12,0.0,-0.009830932440187597,0.12
20.305874259,1.7913585965493783,2.878245443205402e-05,0.0008201903006852798,0.1199999999995982,1.792800022520304,-0.03125120319658522,0.00616469647620805,0.13695934876700433,1.7999148333545882,-0.006507215536300444,0.006099320386550487,0.13695934876700433,0.12,0.0,-0.003372950444325976,0.12
20.358423903,1.7954385953984593,3.184372995113337e-05,0.0006991099219398044,0.1199999999995982,1.7841759868351343,0.005285135411137594,0.02381275606734986,0.13617207278192772,1.801526883365936,-0.0039371352688149334,0.01026379328081751,0.13617207278192772,0.12,0.0,-0.0062125623435787996,0.12
20.406269478,1.8035985937769723,3.697077333622209e-05,0.0005071470995516919,0.11999999999967592,1.7953820133720613,-0.00491090356637973,0.011731993864005414,0.11627712244268767,1.8091051618885994,0.002296055089696379,0.008950998952961033,0.11627712244268767,0.12,0.0,-0.014297438154953926,0.12
20.45681797,1.8076785934550517,3.856514912541937e-05,0.00026239740795548075,0.1199999999995871,1.7999601258426465,-0.001207597086124856,-0.006177181939101983,0.13923285168409247,1.811844952675207,0.0015667241736627266,0.005272006695146446,0.13923285168409247,0.12,0.0,-0.013425443641368055,0.12
20.506440424,1.8117585934122595,3.905039722705861e-05,-1.82224204069138e-05,0.11999999999960931,1.8333269391525906,0.001638541846862303,-0.0031588631199822204,0.09577959456304108,1.8189651686158015,0.0015825731653982252,0.0031456858406717593,0.09577959456304108,0.12,0.0,-0.009189787336825336,0.12
20.556991839,1.81991859314165,3.715560055516453e-05,-0.00040601005309038663,0.1199999999995871,1.8196991085126695,0.001718538064098859,0.009210979616377355,0.1235439351505982,1.829831256673,0.0015653303740328374,0.004207454510076582,0.1235439351505982,0.12,0.0,-0.006927360688907659,0.12
20.606234636,1.8239985926809184,3.522294794047978e-05,-0.0005414022949029877,0.11999999999966482,1.8157201132129983,0.0013736462084578246,0.01022223681350933,0.13022721672076482,1.831647166301581,0.0015565279515232775,0.0050415439699894584,0.13022721672076482,0.12,0.0,-0.00889771690147092,0.12
20.655593924,1.8280785919024796,3.27092244281199e-05,-0.0006975283944448557,0.1199999999995982,1.831426024518425,0.004836462996719468,-0.003045285585690214,0.13410415592685426,1.8375193335428577,0.002265950810278832,0.003172642276804077,0.13410415592685426,0.12,0.0,-0.00981482095589008,0.12
20.706302548,1.8321585906337179,2.9498653870251426e-05,-0.0008776018291889974,0.1199999999995871,1.8484004750262462,0.02638679538846882,0.0006337191988978897,0.1364489169471161,1.8438615736826003,0.007393360293348205,0.002302873796804585,0.1364489169471161,0.12,0.0,-0.011189895188122105,0.12
20.755937451,1.8362385887236599,2.5556858399561302e-05,-0.0010644050849051324,0.11999999999972033,1.8043993466893047,0.01229508774957771,-0.011058736167320718,0.08979662094745527,1.8384387773857915,0.008418125295604165,-0.0008558818946757211,0.08979662094745527,0.12,0.0,-0.011790654053052844,0.12
20.807439731,1.8403185858990037,2.0763315485217734e-05,-0.0012878134217589956,0.11999999999967592,1.8458781435401075,0.02490210752437733,-0.003051773731922914,0.12817282138254904,1.844283413940995,0.011908150231106088,-0.001117050115354873,0.12817282138254904,0.12,0.0,-0.012925069364170668,0.12
20.856373334,1.844398581911997,1.5065258569651246e-05,-0.0015089161822521126,0.11999999999960931,1.8714030256817353,0.013916456917419981,-0.0027085721966162326,0.10332905361306169,1.854241328409484,0.01232719337548202,-0.0016436627650748751,0.10332905361306169,0.12,0.0,-0.014381033383012758,0.12
20.905773104,1.8484785764701925,8.40806575006312e-06,-0.001759166308251924,0.11999999999969813,1.8291932136544826,-0.005344434257870879,-0.014445579353464058,0.11556532181743963,1.8529410677686302,0.008547231564144631,-0.004205441378867369,0.11556532181743963,0.12,0.0,-0.008089478127463495,0.12
20.955901299,1.852558569255608,7.397055875615506e-07,-0.001981599938833088,0.1199999999995871,1.8652865372683343,0.03413848027284557,0.007900433867557241,0.10273339427521636,1.8590968290159515,0.013984163044243356,-0.0018956720081563599,0.10273339427521636,0.12,0.0,-0.014446978122957845,0.12
21.005871111,1.8607185499054533,-1.700047147151991e-05,-0.002415468493247152,0.11999999999973143,1.8569804384525996,0.01878611162382198,0.004451548993510719,0.12060235801348797,1.865793918365589,0.011029518390770095,-0.0012770112184090905,0.12060235801348797,0.12,0.0,-0.012895161504369009,0.12
21.055620231,1.8647985368106303,-2.7333700704979e-05,-0.002652359352329622,0.11999999999965372,1.8578426556333791,0.009814352775463267,-0.001184127349602552,0.11812649185122964,1.8696018655887425,0.010766139194207724,-0.0018087458111763334,0.11812649185122964,0.12,0.0,-0.01326070201297693,0.12
21.106580717,1.8688785210951597,-3.865423617838038e-05,-0.002896787841903852,0.11999999999968702,1.8577352735100732,0.012613094726939033,-0.0077692720837162395,0.10934590988217105,1.870588381251468,0.011142717355418351,-0.0037481442325181394,0.10934590988217105,0.12,0.0,-0.011519242196627947,0.12
21.156768593,1.872958502597814,-5.093717598615133e-05,-0.003117729895639405,0.11999999999972033,1.8835209036720306,-0.0028486783001925122,-0.01912709454719142,0.12745190825002362,1.8784849264122547,0.00812596382523109,-0.007747205928183606,0.12745190825002362,0.12,0.0,-0.010807864252215926,0.12
21.206269641,1.8770384816325316,-6.401554984009221e-05,-0.0032683228751143197,0.11999999999972033,1.8767714000503253,-0.010914867227284755,-0.005503083266255953,0.1301703320857727,1.8826555903640598,0.004054332287652933,-0.007192522587349748,0.1301703320857727,0.12,0.0,0.0013014291980943857,0.12
21.255617142,1.8811184595386903,-7.744250680808229e-05,-0.0032993624133795855,0.11999999999970923,1.8762161286407082,0.00023371093839377643,0.0032338036752289213,0.15168671440067538,1.8852934368269187,0.003234767087631832,-0.005093516121529972,0.15168671440067538,0.12,0.0,0.003078164720914923,0.12
21.305845187,1.8851984374944994,-9.085441206726603e-05,-0.003273288537086744,0.11999999999972033,1.8823088494499627,-0.026964750352541603,-0.010248306443950568,0.12056738550166671,1.889013507473712,-0.0032063006555611475,-0.006036929063200247,0.12056738550166671,0.12,0.0,0.010804014832129748,0.12
21.356306844,1.88927841611875,-0.00010406097665218575,-0.003178138293838515,0.11999999999972033,1.8941049608953775,-0.019190885777883436,-0.015092513233012994,0.1014890778414816,1.8937140569881923,-0.0066363532685624355,-0.007983701435039015,0.1014890778414816,0.12,0.0,0.018892520432117976,0.12
21.405880777,1.8974383808820625,-0.0001280022966991528,-0.0026135183947248323,0.11999999999964261,1.8921547640771732,-0.023405304691867298,0.005259939460865725,0.11650250188652371,1.8965932246054307,-0.009791728664737763,-0.004188405875918754,0.11650250188652371,0.12,0.0,0.0197784254842875,0.12
21.457096439,1.9015183687722477,-0.00013793378239689632,-0.00225202639593778,0.11999999999972033,1.9054201996211573,-0.025723730024579915,-0.00773657907471448,0.10656048331288374,1.902689144719435,-0.013197669909701807,-0.004498801991080798,0.10656048331288374,0.12,0.0,0.02283846302391242,0.12
21.507434697,1.9055983601014825,-0.00014633202185140414,-0.0018521752889710313,0.1199999999995871,1.9383570330015252,-0.012126040027791725,-0.011154934830063653,0.10150102130254608,1.913235666199874,-0.012993425145579182,-0.006369161353180644,0.10150102130254608,0.12,0.0,0.02433591669477036,0.12
21.555729658,1.9096783546748008,-0.00015296344461630798,-0.0013852247963608744,0.11999999999972033,1.9169330535300177,-0.000638702040600833,-0.004578305879692342,0.11317144405566164,1.9188653287639468,-0.01040031876171992,-0.005532599266065163,0.11317144405566164,0.12,0.0,0.02581927727399297,0.12
21.60609154,1.913758352017103,-0.00015758277907435087,-0.000887421937153954,0.11999999999968702,1.9431342956502502,-0.013241823717501102,0.002839392265371696,0.14209632805239503,1.9300932085999676,-0.011021419202111598,-0.0028891804240084524,0.14209632805239503,0.12,0.0,0.022438360781676887,0.12
21.655772852,1.9178383510796426,-0.00016030213242184898,-0.0004577023634655377,0.119999999999576,1.9392050135405903,-0.011087369665489389,0.0023563376500348085,0.13314623853654547,1.9378719799950097,-0.011040898449623887,-0.0015436338811396213,0.13314623853654547,0.12,0.0,0.019543958343883942,0.12
21.705958468,1.9219183509122144,-0.0001613819631740202,-7.884425335029337e-05,0.11999999999972033,1.9240356262354064,-0.0034694904003212917,0.012203679010897285,0.12587104880027722,1.9386943689058764,-0.009411954973670656,0.001503786863345113,0.12587104880027722,0.12,0.0,0.01507256580863614,0.12
21.75575541,1.9259983508727525,-0.0001609867535954634,0.0002630027567454221,0.11999999999967592,1.9382947285268182,0.010737626039817084,-0.003171543350248619,0.10144941316005368,1.941876587770079,-0.005140898866548131,0.0010815333376834328,0.10144941316005368,0.12,0.0,0.009777192583354855,0.12
21.805846001,1.9300783505464987,-0.00015938081803524494,0.0005035767754679753,0.119999999999576,1.9024862901997615,0.02053411883311183,-0.023682257195971553,0.06799136525112201,1.9363372878483347,0.0002689045793868019,-0.00322225113769423,0.06799136525112201,0.12,0.0,0.006508272760912989,0.12
21.855992737,1.9382383487882715,-0.00015406141691153214,0.0007716958233399039,0.1199999999995871,1.9471355065785545,0.006035798527367612,-0.01209569008515562,0.1014577672963094,1.941320616740879,0.0005241520695572896,-0.004182810041994096,0.1014577672963094,0.12,0.0,0.004528576822793685,0.12
21.906305636,1.942318347423689,-0.00015072611908355317,0.0008602790261235751,0.11999999999972033,1.929022855111402,0.02150656133353313,0.0033584904242560647,0.11933046501665688,1.943179690890868,0.0049702203302640574,-0.00236407319233456,0.11933046501665688,0.12,0.0,0.00550754023753031,0.12
21.956009476,1.946398345747429,-0.00014702947266602518,0.0009538743143553708,0.11999999999969813,1.974813478182969,0.0020058144358540146,-0.004444431701911894,0.11720705138445223,1.9535337855397878,0.004330603575111488,-0.003513713216846131,0.11720705138445223,0.12,0.0,0.0006550258774879994,0.12
22.00580961,1.9504783438419662,-0.00014308639622069225,0.0009746784208923738,0.11999999999972033,1.9522349822280483,-0.002852800031394201,0.005640433453651837,0.11322008275210262,1.9573620335070667,0.002809503802295931,-0.002499872280401587,0.11322008275210262,0.12,0.0,8.200634024719987e-05,0.12
22.056806576,1.9545583418967603,-0.00013910232923751802,0.0009775393347498814,0.11999999999972033,1.9691691475829307,0.0011808460641357834,-5.322067695552255e-05,0.09704000175090843,1.9637876711610558,0.0024587228965861356,-0.0021771811734654796,0.09704000175090843,0.12,0.0,-2.3395922561984562e-05,0.12
22.105732631,1.9586383399456573,-0.00013511222729039468,0.000978113776398237,0.11999999999972033,1.9565460154504115,-0.02298497015660745,0.0035561570307678105,0.11023738785007463,1.9655971671429406,-0.0029378845090730814,-0.0012508041848736397,0.11023738785007463,0.12,0.0,0.002753568345061125,0.12
22.158944595,1.9627183379940036,-0.0001311215665901971,0.0009833465142721634,0.11999999999960931,1.9653439301164628,0.005837492175179836,0.005292197168657923,0.09783198566435866,1.9689310170511083,-0.0010696782144873163,0.00014309924913121874,0.09783198566435866,0.12,0.0,0.002114354388067979,0.12
22.205761466,1.9708783336713527,-0.0001227250554891229,0.0010864833987933645,0.1199999999995871,1.9881624467093286,-0.023974017439692318,-0.009254355651064647,0.11765010754958546,1.9809229759842413,-0.010696998045133264,-0.0020639385225509235,0.11765010754958546,0.12,0.0,0.007872277848225345,0.12
22.255563578,1.9749583309537357,-0.00011801951192313909,0.0012450461189014161,0.11999999999973143,1.9668378616185054,-0.0035087065358216287,-0.0013126569146144457,0.140940133746813,1.983463502656227,-0.009181283437352729,-0.0020116854212988387,0.140940133746813,0.12,0.0,0.015199070984182494,0.12
22.307468754,1.9790383270958753,-0.00011241785266789525,0.0015118899155156145,0.1199999999995982,1.966372294875488,0.015744577144887622,0.00824470058242044,0.10985608123564015,1.9834390102023751,-0.003882517675328055,0.0009591638714363799,0.10985608123564015,0.12,0.0,0.010276384817490918,0.12
22.356044409,1.9831183216008983,-0.00010572719617062403,0.0017444112247471549,0.1199999999995871,1.991782139690573,-0.017980694757562234,0.0023815227636602735,0.14480284576916333,1.9912744458422775,-0.006866294211944655,0.001530801705105216,0.14480284576916333,0.12,0.0,0.007155341786964447,0.12
22.405842458,1.9871983148927317,-9.833037852710077e-05,0.00188008361801493,0.1199999999995871,1.9887776269196824,0.02894490619359207,-0.011168609872336194,0.11035545932485652,1.9940885031142834,0.000714100704115565,-0.0009754474602018806,0.11035545932485652,0.12,0.0,0.004087452673901837,0.12
22.456153071,1.9912783071883273,-9.040269803642421e-05,0.0019944163869397577,0.11999999999970923,1.9917397556757028,-0.0006647500106699967,0.0014852709167930784,0.11444444420866076,1.9975436377371032,0.0004220453416658937,-0.0004163761180954709,0.11444444420866076,0.12,0.0,0.001401018584709905,0.12
22.506854792,1.9953582988424483,-8.215046876744296e-05,0.0020410450114988527,0.11999999999972033,2.009644174703172,-0.039304127279281544,0.008616193078295616,0.13152587457833118,2.0052912907537412,-0.007993344562267647,0.0018116477906348451,0.13152587457833118,0.12,0.0,0.004084427069285278,0.12
22.557812426,1.9994382902478502,-7.377604908679785e-05,0.0020717111639018005,0.11999999999973143,2.024871321144245,0.006311759433420025,0.005231575567849185,0.1396128397395031,2.0143035104225793,-0.00494145553282342,0.002430966486443438,0.1396128397395031,0.12,0.0,0.003199023648610561,0.12
22.606544259,2.007598271630003,-5.634702258705761e-05,0.002169524775697958,0.1199999999995871,2.0119306182120344,0.02121212042988007,0.006714083706832774,0.11619578730857678,2.0181335644405136,0.0006267095122228349,0.003790184968803141,0.11619578730857678,0.12,0.0,-0.003879779387753863,0.12
22.656866164,2.011678262268006,-4.760703125587959e-05,0.002107264608046579,0.1199999999995871,2.0173378293284143,0.006560948005605773,0.010823286105081932,0.10533272529815192,2.0228218636600035,0.0005599612720992829,0.005253924640080294,0.10533272529815192,0.12,0.0,-0.0038175947664572576,0.12
22.705546202,2.0157582535764895,-3.918631198396719e-05,0.0020070646457317773,0.11999999999969813,1.9995481537646072,0.0047769403200053195,-0.01683801048272913,0.13704842202528075,2.0230829551159215,0.001440276520477407,0.00033919279743509136,0.13704842202528075,0.12,0.0,-0.005296918124953191,0.12
22.755615747,2.0198382458845927,-3.126512591473293e-05,0.001887090141162108,0.11999999999960931,2.035538728263763,-0.011935366640806865,-0.0018412948328796642,0.11489294941271298,2.0302027799241165,-0.001399255182733751,-0.0008035412792251697,0.11489294941271298,0.12,0.0,-0.0007521363434904716,0.12
22.80749084,2.023918238847516,-2.3687571519803954e-05,0.0018426467713391183,0.1199999999995871,2.01333761537728,0.02610753052179688,0.003003540634765182,0.1191097591357199,2.030076097777226,0.00444253721905581,-0.0002548402521537255,0.1191097591357199,0.12,0.0,-0.0020455486751976204,0.12
22.857571296,2.0279982319472136,-1.6183834811722938e-05,0.0018286869265623546,0.1199999999995871,2.024077416685475,0.015854737398862784,0.005937014435733553,0.13050373065779616,2.034080448835785,0.006875729693740537,0.0009038540268745193,0.13050373065779616,0.12,0.0,-0.006978091060205296,0.12
22.905753791,2.0320782253561895,-8.85072080439582e-06,0.0017506138675938423,0.11999999999967592,2.005269574909702,0.023709003271349487,-0.0007368653948261047,0.11325235592509283,2.031969180118968,0.010449834819185658,-1.2786576364872586e-05,0.11325235592509283,0.12,0.0,-0.01148318793745946,0.12
22.955855981,2.0402382149358713,4.16392300973307e-06,0.0014100058946169265,0.11999999999974253,2.0445225813432453,0.010118281866012694,-0.0017600724803039953,0.12064286583076453,2.043744629959284,0.0017323514099267588,0.0017825293127712806,0.12064286583076453,0.12,0.0,-0.00593908930696366,0.12
23.007650707,2.044318211250197,9.64610196479499e-06,0.0012863959980578834,0.11999999999969813,2.0560343420997254,-0.020668326836917054,0.007602150946275466,0.1283390848815967,2.0507986048971074,-0.003003367011184987,0.0031779609431449238,0.1283390848815967,0.12,0.0,-0.003522171366266899,0.12
23.056817334,2.048398208089974,1.472353112513312e-05,0.0012145976931564337,0.11999999999967592,2.0560343420997254,-0.020668326836917054,0.007602150946275466,0.1283390848815967,2.0507986048971074,-0.003003367011184987,0.0031779609431449238,0.1283390848815967,0.12,0.0,-0.0023558244282894407,0.12
23.105755636,2.0524782051707358,1.96040361291003e-05,0.0011795171275272244,0.11999999999969813,2.0604110785770686,0.0013174560589395666,0.007287038472884934,0.13822550395492803,2.0659182945410817,2.1517980163702187e-05,0.0028027045540895395,0.13822550395492803,0.12,0.0,-0.0030970651759608266,0.12
23.155719026,2.0565582024255034,2.4336731447378772e-05,0.0011353560991665195,0.1199999999995871,2.055456474247077,-0.00430914091176684,-0.010890591998502846,0.099341975417405,2.0672159019696137,-0.0009132585925112827,5.810490877012709e-05,0.099341975417405,0.12,0.0,-0.001497326885656387,0.12
23.20566064,2.060638199929666,2.884919370414999e-05,0.0010863177099901065,0.11999999999972033,2.0997655959944814,0.030435017949452633,-0.009171954929042868,0.13533858514174862,2.07922432197468,0.005722462380756143,-0.002401482262210136,0.13533858514174862,0.12,0.0,-0.001937123536889654,0.12
23.256179545,2.064718197550521,3.32552428913315e-05,0.001067271382906498,0.11999999999972033,2.0484532518020817,0.022003684769226265,0.0021551683110028435,0.09916989960672491,2.0762944546494975,0.00917821051902555,-0.001837904491385789,0.09916989960672491,0.12,0.0,-0.00626365350932095,0.12
23.306027857,2.068798195396907,3.744539430832065e-05,0.0009643578884767502,0.11999999999969813,2.0640672930067105,-0.0020226971550771434,-0.007744155013150128,0.11954745921643063,2.079674204837058,0.006779543642171397,-0.0038325572131862997,0.11954745921643063,0.12,0.0,-0.008137996439486508,0.12
23.35709742,2.072878193757354,4.110005408620762e-05,0.0008367396137511229,0.1199999999995871,2.061380975833156,0.000590693543485773,-0.0016108289782020158,0.1323516720460602,2.080210075111771,0.005454051627523165,-0.0034505725322447325,0.1323516720460602,0.12,0.0,-0.004826499081201089,0.12
23.405659324,2.0769581924684943,4.434182355644017e-05,0.0007608045677261107,0.11999999999960931,2.0703402553371157,-0.012452312668864726,0.002062516099196725,0.1486434536740229,2.0845340622764765,0.0016432019413939606,-0.0017970403856242183,0.1486434536740229,0.12,0.0,-0.0012535696829467835,0.12
23.455649018,2.081038191356605,4.7353605563409054e-05,0.0007228917086642645,0.1199999999995871,2.0996560064559917,-0.010632048466813778,-0.0024703046960692764,0.11274538937750617,2.0913479567152655,-0.0009714197404483808,-0.0012925545992030726,0.11274538937750617,0.12,0.0,0.0013410150741357861,0.12
23.506177855,2.0851181903059905,5.02815502586624e-05,0.00071904736696325,0.11999999999972033,2.0873004295748254,0.022657455174449177,0.009091671070122077,0.11234724966055597,2.095122476283616,0.004057864849199444,0.0011351209596070781,0.11234724966055597,0.12,0.0,-0.0021556980635528194,0.12
23.555702347,2.0891981892010363,5.328404838461171e-05,0.0007381348872551242,0.11999999999967592,2.1175225924966647,-0.003452137069361755,0.013844902421707033,0.1252862476987218,2.103697467942339,0.0024939263974035845,0.003369988264438812,0.1252862476987218,0.12,0.0,-0.006517370269589406,0.12
23.60569454,2.0932781881709714,5.618207563858823e-05,0.0006714841104366846,0.11999999999972033,2.0956060847974896,0.014215107581874269,-0.0017746307178365965,0.11520248255607987,2.105715993176296,0.004983030024963461,0.002942438376872894,0.11520248255607987,0.12,0.0,-0.010174714488968952,0.12
23.656774069,2.1014381870253462,6.04340374285862e-05,0.0003526808392575256,0.11999999999974253,2.0903268070724144,0.007261225718714811,-0.014894751855492015,0.1260142757487367,2.1119499707756466,0.0012041596436061608,0.0005327037593261036,0.1260142757487367,0.12,0.0,-0.006669131239264282,0.12
23.706039587,2.1055181868572723,6.159513354355928e-05,0.00022153303777504527,0.1199999999995871,2.0921714609835287,0.0035415214013295036,-0.006696340354321967,0.14742176264642645,2.1124083291754943,0.001688882236306584,-0.000932838144918238,0.14742176264642645,0.12,0.0,-0.0029883393947216235,0.12
23.756178149,2.1095981867901137,6.233035053947204e-05,0.0001488024398115221,0.11999999999960931,2.1201606416532432,-0.008033574825520622,4.147669011087018e-05,0.14292877089061268,2.1196772647166324,-0.00037678784450529074,-0.001027932774634678,0.14292877089061268,0.12,0.0,-0.0001254237543936651,0.12
23.807686646,2.1136781867530217,6.287982290051058e-05,0.00012918996961195,0.1199999999995871,2.1124879194323687,0.012492876453388702,0.011445402803764637,0.13316096744213074,2.1222551747955247,0.0023751850718970492,0.0015537853673193791,0.13316096744213074,0.12,0.0,-0.0020900384930772837,0.12
23.856503564,2.1177581867186253,6.340930162677784e-05,0.00011969111990707941,0.11999999999972033,2.1168251475541986,-0.014554318169628808,-3.552118927031297e-05,0.11655838928194841,2.125966523604614,-0.0012131782250011667,0.0011847535501794493,0.11655838928194841,0.12,0.0,-0.003734503205608483,0.12
23.905736712,2.12183818670139,6.377665529196061e-05,6.189247203347417e-05,0.11999999999969813,2.119411171490003,0.004053210567871882,0.012204372402349985,0.14053009910885214,2.1291866353796753,-6.902602170866788e-05,0.00408232716002195,0.14053009910885214,0.12,0.0,-0.0035885575087973255,0.12
23.955780613,2.1259181866970733,6.396097254289197e-05,3.1074990767080866e-05,0.11999999999969813,2.138536342097017,-0.022734988534917257,0.015230474678983155,0.10384509680379121,2.134479929580507,-0.004843897071984077,0.00588768103734568,0.10384509680379121,0.12,0.0,-0.0027760347041551094,0.12
24.007414172,2.134078186690029,6.373500225781161e-05,-6.444721054888063e-05,0.11999999999972033,2.130846612862407,-0.027273333999212026,0.0007495851063740713,0.09442732238993176,2.136786270123273,-0.009593939620124088,0.004818007838410021,0.09442732238993176,0.12,0.0,0.003615819783150144,0.12
24.057707904,2.1381581866862955,6.35772077517456e-05,-5.948319749795355e-06,0.1199999999995871,2.1410475432732463,0.006258314505166519,0.000764389232999426,0.11396411767464278,2.1403572214934954,-0.0054769883343617765,0.004185923886192945,0.11396411767464278,0.12,0.0,0.0036390950587669776,0.12
24.105745145,2.142238186684132,6.368686515498541e-05,5.372618205686598e-05,0.11999999999969813,2.161389069052932,0.008589231534875352,0.0018376539041304557,0.12996252968295005,2.1499895885197016,-0.002473125480747986,0.002984374374611345,0.12996252968295005,0.12,0.0,0.00040294846306527935,0.12
24.156078315,2.1463181866751344,6.395683899093798e-05,7.093542993191369e-05,0.11999999999969813,2.1733053023779934,-0.015980718445425743,-0.004407346086100787,0.11376610819790418,2.1594045362483207,-0.005340818498379375,0.0015006360107699044,0.11376610819790418,0.12,0.0,0.002114328981353843,0.12
24.205678455,2.150398186664554,6.424988109259864e-05,8.417205577273104e-05,0.1199999999995871,2.145601572826123,-0.011142932588921529,-0.002449288288246671,0.13095552226030127,2.1603271800364103,-0.006573360358339867,0.000558889465991145,0.13095552226030127,0.12,0.0,0.005591837354665994,0.12
24.256071326,2.154478186637688,6.471185328792587e-05,0.00014862331930082814,0.11999999999967592,2.147223797501753,-0.013552368725720715,0.01741555196907383,0.12062179703433068,2.1607838454367174,-0.008024093034499951,0.004132476937063874,0.12062179703433068,0.12,0.0,0.004925960675620404,0.12
24.306809649,2.162638186377896,6.672263241922809e-05,0.00033398751721360804,0.11999999999969813,2.185495488764428,0.011932673324353207,-0.0061689939093800645,0.14013088234088036,2.1710154475525583,-0.003787521840688028,0.001825677528842302,0.14013088234088036,0.12,0.0,0.0030339179824206025,0.12
24.355688623,2.166718186104923,6.821345537831389e-05,0.00039259599278293684,0.11999999999963151,2.167413309232434,-0.0034201033817728597,-0.0008425377589352078,0.1382327857833149,2.1786579418157723,-0.0035725534149568085,0.0011172864292531256,0.1382327857833149,0.12,0.0,0.0018366251329180374,0.12
24.407091617,2.1707981857576164,6.989629981142545e-05,0.00043036484011373913,0.11999999999972033,2.160009428373569,-0.014008502362748762,0.006551749225994109,0.13958660079340623,2.178939630890164,-0.005771380264660375,0.0020967292510919782,0.13958660079340623,0.12,0.0,0.0023920924026647424,0.12
24.455581069,2.174878185338487,7.174470799580377e-05,0.00048025997717727835,0.11999999999972033,2.16826617458021,-0.016158999168654674,-0.0027130690282847563,0.13847358102213658,2.1814219390723983,-0.007974492678405151,0.0006720158995304668,0.13847358102213658,0.12,0.0,0.00650952224753791,0.12
24.506557759,2.178958184792095,7.38539328902211e-05,0.0005658762131196559,0.11999999999972033,2.1694423940450838,-0.016630815037200257,-0.005742240509621547,0.11084026637783212,2.1833270612528666,-0.009823402339688488,0.00014688359835291926,0.11084026637783212,0.12,0.0,0.010585448562577635,0.12
24.556437596,2.1830381839658597,7.644442236039452e-05,0.0007179732073391978,0.11999999999965372,2.18281479733394,-0.010752577676338575,-0.0021469434423623222,0.13639603202139794,2.1877412603422877,-0.010026115985761409,0.00030193823893834087,0.13639603202139794,0.12,0.0,0.012549225429460558,0.12
24.606711361,2.191198180363556,8.404030447238742e-05,0.0011526789740160645,0.11999999999972033,2.17687940566795,0.0023597684573592854,0.004694335710860304,0.1557760819261195,2.1961249692011147,-0.007835758189758107,0.0007454531390192124,0.11403202195137749,0.12,0.0,0.01071585477188268,0.12
24.655824955,2.195278177158627,8.914926363265809e-05,0.0013399974854350408,0.1199999999995871,2.1868395895989683,0.04344920834559141,0.014217131946380905,0.1306376563235872,2.1991908233940296,0.004791122375886747,0.005316239583875771,0.1306376563235872,0.12,0.0,-0.0018477439766544203,0.12
24.705722155,2.199358173260078,9.478911669198678e-05,0.001380597596278371,0.11999999999972033,2.206702758928761,-0.0205759240030069,-0.01564844695489241,0.1378439431077448,2.205508561731593,-0.000608983530704715,0.0007492830259022108,0.1378439431077448,0.12,0.0,-0.007814442808861835,0.12
24.756907367,2.20343816973438,0.00010015097448805843,0.0012630820866419822,0.1199999999995871,2.2064254786910156,-0.0012216153959589244,-0.0013091484173892586,0.13019575710567777,2.20956046099102,-0.000738747925684531,-0.0002087237473188048,0.13019575710567777,0.12,0.0,-0.0008334419903999886,0.12
24.805721184,2.2075181666306873,0.00010518314848617206,0.0012152253897197642,0.11999999999972033,2.197471443531507,0.03681654858436634,0.0022445680207493057,0.12789769446478727,2.2116385238736687,0.007235618072037189,3.2590606032439173e-06,0.12789769446478727,0.12,0.0,-0.00442696044814334,0.12
24.855543482,2.215678160845889,0.0001148965630727084,0.0011126253167034724,0.11999999999972033,2.215961458878321,0.009706352567668115,0.00974465373104786,0.10601320796690959,2.21873554775523,0.00770276263782535,0.0029076548319552737,0.10601320796690959,0.12,0.0,-0.00905628764055298,0.12
24.90586173,2.219758158660764,0.00011911442681671207,0.0009403603165915462,0.11999999999967592,2.2117963383832344,0.004794983700516475,0.0121793949947471,0.10774977957550227,2.2210753290001155,0.007112536056280885,0.004995425582247111,0.10774977957550227,0.12,0.0,-0.013714440106093993,0.12
24.957969963,2.223838157268255,0.00012247311169291894,0.0006986280340845928,0.1199999999995871,2.2203742390517647,-0.0057801773443153116,0.005240438580847971,0.10357875245663284,2.2243395459053894,0.004394837862728245,0.004688229550395524,0.10357875245663284,0.12,0.0,-0.014885165767695548,0.12
25.007479216,2.22791815662595,0.00012473744193400635,0.00041397258959445147,0.1199999999995871,2.2284564586832984,0.017640706725955527,-0.0038519757637163277,0.11855108214405197,2.2289442602881073,0.007209805758807209,0.0025531695314488043,0.11855108214405197,0.12,0.0,-0.014420352509158036,0.12
25.056788139,2.2319981564558247,0.00012587220599253235,0.00014436093994218442,0.1199999999995871,2.242463962821148,0.028082889092954443,0.0006631549303769092,0.12271276404104065,2.2367085557080593,0.011647958334096896,0.0022940824130814517,0.12271276404104065,0.12,0.0,-0.016830844753623175,0.12
25.10574417,2.236078156443265,0.000125916978251341,-0.00012912763392169998,0.11999999999963151,2.214061239717365,0.008827160934029995,-0.004709576099415554,0.12756395118033256,2.2361384806863045,0.01104584863188674,0.0009275404433764852,0.12756395118033256,0.12,0.0,-0.016797323250551013,0.12
25.157025803,2.240158156260885,0.00012475369515696489,-0.000441021382687699,0.11999999999972033,2.2402877234924334,-0.011345530644044963,0.008759900295961014,0.11098068807611022,2.240662675704955,0.00631368046543827,0.00154971197102933,0.11098068807611022,0.12,0.0,-0.013090632801587208,0.12
25.205948125,2.248318153997846,0.0001188115584135328,-0.0009881659954601978,0.1199999999995871,2.240897213126388,-0.0009615040676950292,-0.01503517268581555,0.12319593385982325,2.2481645251043147,0.009031673019501783,-0.0045152907716528,0.12319593385982325,0.12,0.0,-0.010288866912669777,0.12
25.256501554,2.252398151470002,0.00011427775501258932,-0.0012114111094638507,0.11999999999972033,2.2333442950835183,0.0015942058805878418,0.010266329197677187,0.12761005600981293,2.2495827387307705,0.007460194422284995,-0.0015197113939101749,0.12761005600981293,0.12,0.0,-0.007999254368431748,0.12
25.306681111,2.256478148091463,0.00010903009937129817,-0.0013606007153397904,0.11999999999972033,2.2795122694858776,-0.008590421029022348,-0.0013244280025124983,0.14308792814283466,2.2610798990574694,0.0040464093421274175,-0.001405999106577662,0.14308792814283466,0.12,0.0,-0.00581896822069835,0.12
25.358230695,2.260558143916578,0.00010319541388918249,-0.0014895857638059784,0.1199999999995871,2.2552594846250797,-0.004157122129591322,0.0035395940488555343,0.1289247550649816,2.2639745726325926,0.002311911406753612,-0.0014423444780105991,0.1289247550649816,0.12,0.0,-0.002953477963825337,0.12
25.406804784,2.26463813910022,9.692716778321266e-05,-0.0015755900101750426,0.11999999999963151,2.2390127701296465,-0.01002053637191372,0.004145695081335092,0.11531214762824338,2.2625723990060096,-0.00030008993323420684,-0.0004131455523051701,0.11531214762824338,0.12,0.0,-0.00013614830795422375,0.12
25.456662674,2.268718133885623,9.040421644164011e-05,-0.0016135092794570675,0.11999999999972033,2.271475730962754,0.020612089266809613,0.00821442122031002,0.13086736940394675,2.2682487651547554,0.004150466770185362,0.0018571752892465084,0.13086736940394675,0.12,0.0,-0.006100821806805927,0.12
25.506141499,2.276878122602446,7.683929219763969e-05,-0.0017509413884998725,0.11999999999972033,2.2748756751223658,0.0006145009827193389,0.0004154768616918918,0.10583900943768484,2.276600999667227,0.001245884486113018,-0.00014321269026017623,0.10583900943768484,0.12,0.0,-0.0032952361731429735,0.12
25.556817171,2.2809581160613157,6.953393290024425e-05,-0.0018236426062627085,0.11999999999972033,2.2741328240353123,0.016089420389195693,0.01714542552393256,0.1101802227398716,2.2795166494714794,0.004422709772368112,0.0033245312217961617,0.1101802227398716,0.12,0.0,-0.0066197835744747835,0.12
25.605908037,2.2850381090612966,6.19765155147352e-05,-0.0018934264935382156,0.1199999999995649,2.2596578778481136,-0.0153731863270068,-0.0039839526277324205,0.12063151961863852,2.278576008793213,0.00022252662390929382,0.0013892626481526577,0.12063151961863852,0.12,0.0,-0.006022875521795305,0.12
25.655822119,2.289118101198324,5.396817453729619e-05,-0.002028292984388729,0.11999999999972033,2.270780272296416,0.0011644053408279222,-0.0035381817865120825,0.11242154728401875,2.2821767924071668,0.00042287300803579603,-0.000584705428198455,0.11242154728401875,0.12,0.0,-0.002298969562616833,0.12
25.706157719,2.2931980924312296,4.551062213110938e-05,-0.002108111387869634,0.11999999999974253,2.2454063460480875,0.018545031644174044,-0.0059824672649256595,0.12811040116921057,2.2785100937548117,0.004255921070066683,-0.0015662866856209893,0.12811040116921057,0.12,0.0,-0.0021352504097074203,0.12
25.756605339,2.301358073700871,2.8027797423325676e-05,-0.0021956333694901848,0.11999999999969813,2.3140373842896325,0.0333048030590262,-0.009277344464645088,0.09703836271549374,2.285132457718602,0.008118717619150749,-0.0015291153966193723,0.07142306850211971,0.12,0.0,-0.007627202855730677,0.12
25.809832622,2.305438063320785,1.882576414543722e-05,-0.002328247026757248,0.1199999999995871,2.288172526519481,0.011400513564962078,-0.003990441432805756,0.1090175340496061,2.2942810522010118,0.013447701984444959,-0.003296249011786573,0.09703836271549374,0.12,0.0,-0.01234401603023252,0.12
25.856737046,2.309518051241093,8.9008306273952e-06,-0.0025448458307252377,0.11999999999969813,2.3081371877545873,0.00918240636702259,-0.0008506206438238498,0.09989838751064603,2.302946149189737,0.012180796100395701,-0.002969655690968113,0.09989838751064603,0.12,0.0,-0.012773966768701569,0.12
25.905620673,2.313598036774458,-1.9606025826326614e-06,-0.0027801165078239665,0.11999999999972033,2.3239686542415914,0.009763980718347358,0.00440598046586762,0.10539935171173435,2.311341090974109,0.01166857736962578,-0.0015680257297146108,0.10539935171173435,0.12,0.0,-0.013507253278696861,0.12
25.955677607,2.317678019608221,-1.3792546898204862e-05,-0.0030227316153662196,0.11999999999972033,2.3158941111310587,-0.011083184382070737,0.0034583208120421405,0.1224270195173747,2.3163244254963327,0.0068443527285286495,-0.0012721413209049656,0.1224270195173747,0.12,0.0,-0.011012813022332002,0.12
26.005716382,2.3217579993611044,-2.6642743765645308e-05,-0.003269539764975655,0.11999999999960931,2.324768013512657,-0.007577628670267562,0.010770849724121106,0.11030736603792533,2.3213892966933183,0.003799126576261078,0.0012009951338367807,0.11030736603792533,0.12,0.0,-0.008455131036818123,0.12
26.057654394,2.325837976204873,-4.0386949457702715e-05,-0.0034602832803736095,0.11999999999972033,2.3307557044275176,0.027546328123347678,0.0032368008094763104,0.12155016280071464,2.327140305422356,0.008846101458259247,0.0016560396615878244,0.12155016280071464,0.12,0.0,-0.013041756471689552,0.12
26.106304058,2.3339979218997757,-7.014086544054889e-05,-0.003866793288006977,0.11999999999969813,2.3605997535707597,0.015754237998289525,-0.006529211946508145,0.1509096752002899,2.34101935929102,0.00870662743618014,-0.0010256351349972742,0.1509096752002899,0.12,0.0,-0.010735605534331023,0.12
26.155764369,2.338077889728319,-8.63414998630929e-05,-0.004071061589914024,0.11999999999967592,2.3482582137683905,-0.018472577408696324,-0.016948835793447532,0.13697027497197312,2.346672421304745,0.0029067625364345576,-0.005264514966723534,0.13697027497197312,0.12,0.0,-0.003702390704364391,0.12
26.207449337,2.34215785452988,-0.00010328820876017858,-0.004205309148249624,0.1199999999995871,2.347156810774846,0.0011881576741487173,-0.01849024664838166,0.10337696127846595,2.351060641846421,0.002496661390993386,-0.00894568209129004,0.10337696127846595,0.12,0.0,0.004800947251342767,0.12
26.257616965,2.3462378184812174,-0.00012043915222611416,-0.0041815006005636104,0.11999999999972033,2.3578556488997267,0.013886782767423863,-0.015522565689151424,0.11747698162886247,2.3554902998587015,0.004876547984560586,-0.010597690541692375,0.11747698162886247,0.12,0.0,0.008484276091350579,0.12
26.306776503,2.3503177836952323,-0.00013728649787792018,-0.0040644006649217575,0.1199999999995871,2.359078845125337,0.005833097438217513,-0.003975274762598278,0.11586824164891134,2.360738791662,0.005042702556036222,-0.008703778425471494,0.11586824164891134,0.12,0.0,0.007307409312090937,0.12
26.355855435,2.3584777209644683,-0.0001692763807005904,-0.0037979433687426027,0.1199999999995871,2.38055199951886,0.009506611261929927,-0.0028331254952209776,0.13835566453566167,2.369720802798838,0.005957774299187597,-0.006700331261947504,0.13835566453566167,0.12,0.0,0.004037796139447836,0.12
26.406422979,2.3625576921372966,-0.00018461334468814858,-0.0037345925321109696,0.1199999999995649,2.3904825110008963,-0.017350671905130004,-0.012494460354251667,0.13567282038170392,2.381817834601826,0.003550719713842467,-0.0071746181513406585,0.13567282038170392,0.12,0.0,0.003486534849311209,0.12
26.456090537,2.366637663980047,-0.00019977112133957517,-0.0036838183496013324,0.11999999999960931,2.3629817328013285,-0.005774631820018371,0.00595914234670626,0.12459914508645481,2.382220835723701,0.0015658642702267099,-0.004516625848658247,0.12459914508645481,0.12,0.0,0.004966354582428681,0.12
26.505737014,2.370717636975596,-0.00021461510644637342,-0.0035923580470766043,0.1199999999995871,2.38521336216693,0.010561239787185364,-0.012727399848672017,0.10918983376114974,2.386572570932064,0.003442428529773037,-0.005991076933248849,0.10918983376114974,0.12,0.0,0.004848726146738603,0.12
26.5577874,2.3747976113185794,-0.00022908399796635914,-0.003500857206138669,0.1199999999995871,2.37351335165165,-0.007559640356065922,-0.011029075943118943,0.11112238629647272,2.3876122336873076,0.0010768578739598195,-0.007458722996727268,0.11112238629647272,0.12,0.0,0.007299708212032099,0.12
26.606786682,2.378877586994559,-0.0002431718713372439,-0.0033941537347438057,0.11999999999972033,2.385397075453296,-0.014248736958356828,-0.010573413977259489,0.1038945123690465,2.391307324619979,-0.00221325681824932,-0.007576235152933928,0.1038945123690465,0.12,0.0,0.011675207492724628,0.12
26.655867192,2.3829575645646566,-0.00025669919154057706,-0.003223705339733977,0.11999999999974253,2.388149618662269,0.0002579875283010089,-0.005266256338997554,0.12771180452390588,2.3951855778829163,-0.00171894479599674,-0.0070947377881290154,0.12771180452390588,0.12,0.0,0.013502473252868848,0.12
26.70629405,2.3870375448508385,-0.00026937925236521026,-0.002985707146113435,0.11999999999972033,2.3624874074117335,-0.003174781673079486,0.004879319944049148,0.12853073942768592,2.39215343906991,-0.002035603113881771,-0.0038021118021375005,0.12853073942768592,0.12,0.0,0.010291013936299623,0.12
26.758500402,2.3911175280797345,-0.00028107453752240633,-0.002756758282264406,0.1199999999995871,2.3780803543792164,-0.005298080293080686,-0.0014699166634719527,0.11545019464402462,2.3937912281707834,-0.0027420301418585014,-0.002918831319481348,0.11545019464402462,0.12,0.0,0.009076335905428732,0.12
26.805774336,2.3951975136182506,-0.0002919353125721262,-0.0025701749594530085,0.11999999999960931,2.405765228855149,-0.0015686753128691855,-0.009090758869410886,0.11299303376930467,2.4004984628277684,-0.002517081446105012,-0.004095281184014999,0.11299303376930467,0.12,0.0,0.009810672902314313,0.12
26.856433647,2.403357490157669,-0.00031148507300188065,-0.0022252708324445366,0.11999999999972033,2.4181970281845393,-0.002139410945744094,0.00796396653151223,0.11564834633518423,2.3987679054201814,-0.0016333421257688197,-0.0022417744829290953,0.13401034292098976,0.12,0.0,0.007030143472196297,0.12
26.90740222,2.4074374806652483,-0.0003202847212181094,-0.0020937286797823285,0.11999999999969813,2.380080747772141,0.020408651017729994,0.006530908587621575,0.13427957260570927,2.4056781048273193,0.0029802670453453464,0.0018076187342567838,0.13427957260570927,0.12,0.0,-0.0005842672207130805,0.12
26.955777962,2.4115174719591232,-0.0003287132358462674,-0.0020617978887700946,0.11999999999972033,2.422696973144147,0.016121076246156284,0.0043582703503006436,0.11741843324126426,2.4133274629836627,0.005781250222838092,0.002228675738142129,0.11741843324126426,0.12,0.0,-0.007174995287649038,0.12
27.005656627,2.4155974629743144,-0.00033727494652932176,-0.002155243064704419,0.11999999999945388,2.4165094409326313,-0.012319654321272562,0.0036893287242875084,0.1161374337913124,2.418062600953529,0.001952995581706442,0.0020149077823860637,0.1161374337913124,0.12,0.0,-0.007762924412874489,0.12
27.055913169,2.41967745279863,-0.0003463853191834667,-0.0023087273337426546,0.11999999999972033,2.4231519432207254,-0.011900011591270791,-0.010309940765762445,0.13509915842257555,2.4245044867445285,-0.001001040461482432,-0.0006381532534257583,0.13509915842257555,0.12,0.0,-0.002753833473953998,0.12
27.108149816,2.4237574413642067,-0.00035604404082449507,-0.0024051609675146963,0.11999999999945388,2.4345380827007475,-0.0030266252004182963,0.003671172575954462,0.12315972985746369,2.4312517640627025,-0.0014249133961395013,0.00021260087017070228,0.12315972985746369,0.12,0.0,0.0005003403802779474,0.12
27.155820202,2.4278374294558605,-0.00036590160753258394,-0.0024193441335302593,0.11999999999952049,2.4125535235454763,-0.004843922401736425,-0.010132832053915077,0.1435762871028978,2.431557759484984,-0.002170154733958309,-0.001934231598931661,0.1435762871028978,0.12,0.0,0.004350035053165812,0.12
27.20566645,2.4359974065147743,-0.0003852482665777857,-0.0022889205373744044,0.11999999999972033,2.4215839388627254,0.003214649672246363,0.00020981220509366533,0.16354157031056632,2.438735266940614,-0.0012037720134518365,-0.0019472289009260847,0.16354157031056632,0.12,0.0,0.006522966568625348,0.12
27.255594979,2.440077396340804,-0.00039435874576820244,-0.0021752194740890683,0.11999999999972033,2.429790069836867,-0.012137152844724056,-0.0024393910605145703,0.14281883862929062,2.4415730667399353,-0.0035359474967139384,-0.0013994866774516377,0.14281883862929062,0.12,0.0,0.0062876592360203345,0.12
27.308696473,2.44415738716121,-0.000403012542157477,-0.002064097321497416,0.11999999999972033,2.4421314363302744,-0.011077784559401659,-0.009245448635939268,0.11166952373093368,2.4450238914651803,-0.005155322185354293,-0.0030872820656969533,0.11166952373093368,0.12,0.0,0.009164270598786004,0.12
27.35602918,2.448237379024724,-0.0004111588822656877,-0.0019169357561994618,0.11999999999945388,2.484271176174281,-0.0059121372915040315,-0.010452341282915003,0.13852786830453948,2.459040668869334,-0.005349054850222411,-0.004563794816202365,0.13852786830453948,0.12,0.0,0.012369948215193736,0.12
27.406296456,2.4523173722508047,-0.000418589854535745,-0.0017159280874269242,0.1199999999995427,2.445278187472405,0.024629985842450457,-0.0065965458076245684,0.10090503356234683,2.4595333917847095,0.000992735205289262,-0.00466527604262747,0.10090503356234683,0.12,0.0,0.010059013522645627,0.12
27.456324181,2.456397367027909,-0.00042511208362560894,-0.0014816384983901943,0.11999999999949829,2.471011955208288,0.01771300903424177,0.008956152425479657,0.1342965295178767,2.4661093270797982,0.004546712301460662,-0.0017246434150140937,0.1342965295178767,0.12,0.0,0.003972891425484739,0.12
27.506179095,2.464557359480203,-0.00043620365875531985,-0.001323542917145483,0.11999999999965372,2.491885773464013,0.034473396503359136,-0.0006988362292341291,0.11935394755165542,2.4756941506424774,0.01103696753051139,-0.0009391357411195228,0.11935394755165542,0.12,0.0,-0.0069063384307635235,0.12
27.556532619,2.468637355714178,-0.00044174583307592287,-0.0014167814461724928,0.11999999999972033,2.48179350757124,0.005304838078523553,-0.012994005081419256,0.12164072153900189,2.480860564240948,0.009795306402771384,-0.003361721214579727,0.12164072153900189,0.12,0.0,-0.009303133482142484,0.12
27.606514998,2.4727173510610325,-0.0004479040268736429,-0.0015984501634719668,0.11999999999972033,2.4641842198186015,-0.019997896566904066,0.004844672662431842,0.0981223117820463,2.4803353009128015,0.003475946669516305,-0.0015569695879602786,0.0981223117820463,0.12,0.0,-0.006037479197342069,0.12
27.656042532,2.476797345290523,-0.000454763484915082,-0.0017529079255500033,0.11999999999972033,2.453673582850446,0.004110040194245599,-0.004812540338708466,0.10454708140495812,2.4784323472567715,0.0035991096883738246,-0.0021166012695206762,0.10454708140495812,0.12,0.0,-0.0030856976448340374,0.12
27.706069729,2.4849573315015996,-0.0004697610169006894,-0.001882156586943817,0.11999999999972033,2.5013441965814476,-0.00504674940813217,-0.0023704768826266127,0.12181306261821384,2.4921534727872627,-0.00256343899478865,-0.0031183300181234987,0.12181306261821384,0.12,0.0,0.003836438640969021,0.12
27.759711812,2.489037324438498,-0.000477352474428703,-0.0018272615498085326,0.11999999999972033,2.5013441965814476,-0.00504674940813217,-0.0023704768826266127,0.12181306261821384,2.4921534727872627,-0.00256343899478865,-0.0031183300181234987,0.12181306261821384,0.12,0.0,0.005969112597899222,0.12
27.807008937,2.4931173180418367,-0.0004845758466779165,-0.0017040174045280312,0.11999999999965372,2.4808705308738643,-0.004601602340843322,-0.0016651383336968148,0.10724071600976146,2.4997669007584378,-0.005518443762496838,-0.0012928390842420108,0.10724071600976146,0.12,0.0,0.008843373095060926,0.12
27.85622642,2.497197312684298,-0.0004911846791176246,-0.0015332200208039444,0.11999999999949829,2.513473420140173,0.0018450205641893356,-0.003703916808598876,0.12239002560041069,2.506842942441647,-0.003966185208040862,-0.0016095325323656647,0.12239002560041069,0.12,0.0,0.00895741437969345,0.12
27.908831694,2.5012773084203084,-0.0004970797561560417,-0.00135960802469322,0.11999999999945388,2.5156336740515637,0.02528192568846193,0.007445196157832065,0.1242195329298231,2.5133738484785897,0.002246296634805145,0.002099599287783823,0.1242195329298231,0.12,0.0,0.0017989580144294683,0.12
27.956078819,2.5053573050154503,-0.0005023491169093081,-0.001255144259182879,0.11999999999972033,2.520759710282476,-0.0019696511459292732,-0.004282272946423656,0.11578781129230865,2.5191700383909437,0.0013441590467074415,0.002457082958398878,0.11578781129230865,0.12,0.0,-0.003686174168797275,0.12
28.007611488,2.5094373017206446,-0.0005075339835258505,-0.0012974127149377056,0.11999999999945388,2.490264051462809,0.0059962919744717055,-0.0007493903857290697,0.12501728862305375,2.51706893749622,0.002336529614689767,0.0012725357309318218,0.12501728862305375,0.12,0.0,-0.004937513806481577,0.12
28.055889963,2.513517298085283,-0.0005129796746579889,-0.001376932100925719,0.11999999999972033,2.5122683137628994,-0.022629593018822863,0.00889958693361741,0.11628618584466366,2.5201157943904793,-0.0029414140421081354,0.002472346473445223,0.11628618584466366,0.12,0.0,-0.001354379488501345,0.12
28.107454094,2.517597294007589,-0.0005187475725326421,-0.001439373453644049,0.11999999999974253,2.519621183791101,0.013699903476967687,0.0042379910492823985,0.15844853541478016,2.5257438974508393,0.0006091404743093481,0.00243778996480885,0.15844853541478016,0.12,0.0,-0.000655090371605203,0.12
28.155704363,2.521677289715479,-0.0005246655952718152,-0.0014583881590185413,0.11999999999972033,2.5364097177685667,-0.001506752237929261,0.011870218535676472,0.1049304506698537,2.531948339857092,0.00018920693689295566,0.00403802429508548,0.1049304506698537,0.12,0.0,-0.005445653761827496,0.12
28.206382531,2.5257572851969603,-0.0005307371749611645,-0.0015268267767210133,0.11999999999947608,2.5292435770969726,-0.00028436591744326087,-0.019374016658753927,0.1390422040842942,2.5369625886094616,6.117000916200073e-05,-0.0010184063457632292,0.1390422040842942,0.12,0.0,-0.0026180093893006058,0.12
28.256336992,2.529837280105028,-0.0005371818323062829,-0.0016347750583031722,0.11999999999945388,2.535973375822942,0.02596694500840318,-0.004818159963059562,0.10920163254303591,2.540811280874742,0.005543789826707392,-0.0005508632773925797,0.10920163254303591,0.12,0.0,-0.005708945572557943,0.12
28.306326043,2.5339172744254643,-0.0005439890378530999,-0.0017077113326720715,0.11999999999972033,2.514570536178451,0.015270944326085296,-0.0025771697476318503,0.14400208606998216,2.5408094069870897,0.007600488039859962,-0.0009291195128234145,0.14400208606998216,0.12,0.0,-0.007829636626462192,0.12
28.356334976,2.542077260765102,-0.0005589072072306609,-0.0019676208409441865,0.11999999999963151,2.5346681523395285,-0.005702083031504461,-0.00036301062980674927,0.12526884195417046,2.5504479524076746,0.004797897896698369,-0.0012073941413634369,0.12526884195417046,0.12,0.0,-0.006783638592391141,0.12
28.405593643,2.5461572522468146,-0.0005672426841473572,-0.0021107557126877016,0.11999999999972033,2.5572731435493106,0.017186758007674233,-0.00089877810672206,0.10572981092706844,2.5554188453483966,0.007424319135272382,-0.001639926820761063,0.10572981092706844,0.12,0.0,-0.006853791546976924,0.12
28.456265463,2.550237242658651,-0.000576086951672141,-0.0022274926772048917,0.11999999999972033,2.5249413053885656,-0.008089723438624446,-0.0055258004469578795,0.11817570536782278,2.5533986060985856,0.004117104633074952,-0.0022141928820691953,0.11817570536782278,0.12,0.0,-0.005083335325310848,0.12
28.507533454,2.554317231928718,-0.0005854428726929797,-0.0023508822353545825,0.11999999999976474,2.567830253950072,-0.0013277437779573996,0.0034726401681375524,0.11430573720048703,2.5602267868373576,0.002963457857390503,-0.0010562370756420647,0.11430573720048703,0.12,0.0,-0.0032256587301380986,0.12
28.555779306,2.5583972202432332,-0.0005952073594329639,-0.0024274407021390525,0.11999999999972033,2.5544660275175657,0.0045723417147590754,0.004438666532276747,0.12904431880739858,2.56499310368026,0.003311782836651198,-0.0005310744758960199,0.12904431880739858,0.12,0.0,-0.003273878963867051,0.12
28.605604302,2.562477207938637,-0.0006052273915153285,-0.002483658404017282,0.11999999999965372,2.594052206325433,-0.017560664660734127,0.0025661866998797946,0.1239380298970275,2.5752005061871133,-0.0011135962442046583,8.690447109187759e-05,0.1239380298970275,0.12,0.0,-0.0012765487209893808,0.12
28.656448469,2.566557195035663,-0.0006154881124547782,-0.0025446354860241688,0.1199999999995427,2.554641770187324,0.0015632654364745777,-0.0018527343478774798,0.10246149452505524,2.57392562569094,-0.0005501869842518912,0.0003683230237886123,0.10246149452505524,0.12,0.0,-0.00024150191278696678,0.12
28.707513931,2.5706371817140496,-0.0006259142137576631,-0.0025630099880223625,0.11999999999969813,2.5574147696313396,0.006144335509971502,-0.01522628700996959,0.1347700445301298,2.575985630549832,0.0008423333565188201,-0.0033920636375992666,0.1347700445301298,0.12,0.0,0.0029087166624661267,0.12
28.75933594,2.5747171683513668,-0.0006363563713081791,-0.0025458159629210787,0.11999999999969813,2.5738005367738546,0.019215462497124355,-0.0004481731903572071,0.11375145779402371,2.580065862070652,0.004733020645659829,-0.003205106221289974,0.11375145779402371,0.12,0.0,-0.0002278780441574437,0.12
28.805916003,2.5787971553410753,-0.0006466598811782541,-0.0025151623310457455,0.11999999999949829,2.5887141150837745,-0.017161733087421707,-0.006719967218075079,0.10134694593111877,2.58677673031823,6.419425588543529e-05,-0.004144805637409548,0.10134694593111877,0.12,0.0,0.002480333698305559,0.12
28.855630934,2.5828771423798944,-0.0006569439804494328,-0.002522970301699351,0.1199999999995427,2.5518885761960948,0.021492164347778255,-0.01147933447713692,0.09633395336088596,2.582472190899071,0.004585271096707457,-0.005636921148917155,0.09633395336088596,0.12,0.0,0.0023579934361006053,0.12
28.906009748,2.591037117334568,-0.0006771601179674491,-0.002426330980048027,0.11999999999972033,2.5733501257264617,-0.009693057432284189,-0.005626246014726236,0.10972642735027753,2.585348810047603,-0.0011585599936846653,-0.004819292664715173,0.10972642735027753,0.12,0.0,0.004755927557350871,0.12
28.957163427,2.595117105708866,-0.0006868995190125676,-0.0023441631019918406,0.11999999999972033,2.61292013651899,0.018743710843298785,-0.0036034396556189397,0.10017953417545503,2.5942560197924873,0.003052038750284889,-0.004614102210741081,0.10017953417545503,0.12,0.0,0.005082062030221708,0.12
29.005627181,2.5991970950582326,-0.0006962210320027365,-0.002231967075237652,0.11999999999945388,2.5645845137437924,0.01291438822227608,0.00683888360597513,0.1383866057656658,2.5927476966339067,0.005141136749053423,-0.001320574645493643,0.1383866057656658,0.12,0.0,7.143845756753253e-05,0.12
29.055811626,2.6032770852339526,-0.0007051742438654935,-0.0021733322358325692,0.11999999999967592,2.60816736628761,0.003927273763230878,0.005554920679883079,0.11747178477125059,2.6001412054673247,0.004891209423765537,-0.00022262800705929423,0.11747178477125059,0.12,0.0,-0.004128082310618982,0.12
29.106324319,2.607357075534049,-0.0007140708691781585,-0.0021975149571999875,0.11999999999972033,2.6001406972608954,0.010669069784359853,-0.00016251253075474361,0.12484074872936272,2.6035395955845986,0.006116282506173453,-3.917004976603263e-05,0.12484074872936272,0.12,0.0,-0.006072535888868354,0.12
29.158046985,2.615517054149585,-0.0007327456023720809,-0.0024030857585264687,0.11999999999969813,2.638513072385813,-0.013840512588629516,-0.01196757102170511,0.12322629095177386,2.6193754863459886,-0.0005706531427856257,-0.005504913523317341,0.12322629095177386,0.12,0.0,-0.00714198535690551,0.12
29.205731463,2.6195970418784924,-0.0007427517778170929,-0.0024713071450278004,0.11999999999974253,2.606595063348411,0.005777875238450833,-0.009701183157040268,0.13849706961973485,2.6216027370682404,0.0007408637753774045,-0.0063293491552820665,0.13849706961973485,0.12,0.0,0.005481657955935778,0.12
29.255910949,2.6236770297128524,-0.0007527148604716101,-0.002395458281139579,0.11999999999972033,2.626616917267313,0.026253294253196356,0.0016029215209601242,0.12689398194954848,2.627547341905429,0.006139510453157661,-0.004285095976274276,0.12689398194954848,0.12,0.0,0.003169473993873349,0.12
29.306640357,2.627757018564232,-0.000762252081415089,-0.002297902113129998,0.11999999999972033,2.6354985263620443,0.010177594346659762,0.007077495982965179,0.12342598447146497,2.6330263697833263,0.007003422544361488,-0.002505750343222862,0.12342598447146497,0.12,0.0,0.000997324628882391,0.12
29.357167914,2.6318370079154243,-0.0007715737595691816,-0.002286753352182716,0.11999999999952049,2.606631591114784,0.018405779583324608,-0.007018602703396712,0.10217033473123813,2.630570404266876,0.00940611739894304,-0.002830776557365061,0.10217033473123813,0.12,0.0,-0.005218181569151822,0.12
29.405728372,2.6399969850515985,-0.0007908840904897232,-0.0024889299169478063,0.11999999999972033,2.629202254823656,-0.0011056349121700375,0.011156348109068398,0.12875342016550972,2.6375064181576477,0.006608312988218495,0.0013225317631533743,0.12875342016550972,0.12,0.0,-0.009368056418079404,0.12
29.456112108,2.6440769715698704,-0.0008013707698429067,-0.0026572930025146346,0.11999999999967592,2.646964500768446,0.004081135184252259,-0.0027737399335913534,0.10075999807276156,2.6424784045497676,0.006070036410074774,0.00041871412214508164,0.10075999807276156,0.12,0.0,-0.009887300749519958,0.12
29.506123491,2.6481569561187364,-0.0008125971759748404,-0.0028444184724319816,0.11999999999972033,2.6580085648304896,-0.038339304735968395,-0.005074187020489256,0.10263456567510368,2.649542106411553,-0.0033606461502301427,-0.0006848023736306044,0.10263456567510368,0.12,0.0,-0.002656610912032654,0.12
29.557115806,2.65223693860303,-0.0008245509499792688,-0.0029898326458542923,0.11999999999976474,2.6576622053987795,-0.013545767358146664,-0.008907835036014278,0.1348592834092543,2.655005001590984,-0.005537602552148559,-0.002376218519623632,0.1348592834092543,0.12,0.0,0.0036582514654815435,0.12
29.606470993,2.656316920373949,-0.0008367470865303552,-0.0029538496205818382,0.11999999999976474,2.6673927947177947,0.013229858176490196,-0.0021977470780690047,0.11100056231644391,2.662157051180249,-0.0015662144382343566,-0.0020085942147989124,0.11100056231644391,0.12,0.0,0.005956682248212877,0.12
29.65648645,2.664476887628703,-0.0008598578618998622,-0.002726128280054442,0.11999999999972033,2.6653178441084417,-0.019542838339555314,0.016547281407667275,0.12024101007517732,2.671390394223406,-0.00630072983895522,0.0039343193530151956,0.12024101007517732,0.12,0.0,0.004153866425676777,0.12
29.705639994,2.668556872913004,-0.0008708155955161875,-0.002650693161996086,0.11999999999972033,2.662346959890088,-0.02313773629393958,0.011278459138889719,0.12427371826798699,2.6744071066681316,-0.00983983794933767,0.005214876826521628,0.12427371826798699,0.12,0.0,0.003031159603298521,0.12
29.755596392,2.6726368589034544,-0.0008815073134356777,-0.002589444082538549,0.11999999999960931,2.697229554626403,-0.014034182416876668,-0.01005040812233301,0.139995878040192,2.68387186145941,-0.010734821036494781,0.0017330944201187795,0.139995878040192,0.12,0.0,0.007546049643566685,0.12
29.806155073,2.676716845713258,-0.000891881047741916,-0.0024787032412357246,0.11999999999974253,2.693592271052299,-0.004816019349639738,0.0013200570252821545,0.15355703868000362,2.6914981687775854,-0.009468812563187448,0.0012153609305182841,0.15355703868000362,0.12,0.0,0.009971127277521145,0.12
29.855945842,2.6807968340552017,-0.0009016321881219997,-0.0022988739892390365,0.11999999999972033,2.67176311351717,-0.001028875579521853,-0.002729862922352013,0.10721901744306071,2.6912206385238435,-0.0076805062691850485,0.00027121198839177873,0.10721901744306071,0.12,0.0,0.010407749414102989,0.12
29.905660847,2.68487682414203,-0.0009106233288345638,-0.002107738178416916,0.11999999999945388,2.6813283191860586,-0.03475907453270177,0.00046011449157721965,0.08709948246685796,2.692050322164894,-0.013425231623109317,0.00010434970719472654,0.08709948246685796,0.12,0.0,0.014692151696009272,0.12
29.957193495,2.688956815904081,-0.0009188186252231274,-0.0018952451124545436,0.11999999999972033,2.6973493009529563,0.021446322850979124,0.009116981421182401,0.0899436674000719,2.6964897478144523,-0.006010994245708342,0.0023178187296954015,0.0899436674000719,0.12,0.0,0.017002840790105944,0.12
30.0058368,2.6971168050452516,-0.0009320783851088013,-0.001417269566931742,0.11999999999972033,2.678684532288611,0.00019710848541238638,0.001010767656861687,0.1307990940563134,2.696716846315522,-0.004687218981525515,0.002375502844677653,0.1307990940563134,0.12,0.0,0.005388438174305483,0.12
30.056629934,2.6971168050452516,-0.0009320783851088013,-0.001417269566931742,0.11999999999972033,2.692885915496336,0.024656014188677883,-0.005792040400492863,0.09011822519421801,2.698652382785614,0.0015323058438236788,0.0013888100084866006,0.09011822519421801,0.12,0.0,-0.0015029428260770208,0.12
30.107778555,2.705276797559889,-0.000943129741967909,-0.0013423077240653687,0.11999999999972033,2.695790698804423,0.012226831496922781,0.006566435503291825,0.1360857133228345,2.70583766120849,0.000518900348339653,-0.0028434632805896974,0.11791633338660854,0.12,0.0,0.0022088250286187382,0.12
30.156075892,2.7093567939612297,-0.0009485485293988735,-0.0013126331358352223,0.11999999999969813,2.696700362254883,0.0014803228701062707,-0.013074519845337144,0.12633317176006573,2.7091962874036857,0.002658934397842796,-0.002708693680720254,0.12633317176006573,0.12,0.0,0.00012449405565122888,0.12
30.206035007,2.713436790436058,-0.0009539118590032805,-0.001314490305191687,0.11999999999972033,2.723114797629449,-0.016794780224420824,-0.002077054375282619,0.1271448799917588,2.716481227122571,-0.0014823794492301425,-0.0015068837508229694,0.1271448799917588,0.12,0.0,0.0022064302623648548,0.12
30.255884756,2.717516786941247,-0.0009592519870249053,-0.0012943736550228447,0.11999999999972033,2.722658349131643,-0.016393252820309453,0.009938665468283873,0.11738889943822076,2.7224222016364616,-0.004631725999682362,0.0008903011498401048,0.11738889943822076,0.12,0.0,0.004070431652490445,0.12
30.305745354,2.7215967836668087,-0.0009644205726808551,-0.0012345987139795447,0.1199999999995871,2.725000008073129,0.009449516225983463,-0.009059699077141058,0.09951803628909225,2.726295652288474,-0.0016601097335042308,-0.00022994927007235653,0.09951803628909225,0.12,0.0,0.0037481745246577243,0.12
30.356876138,2.7256767807515,-0.000969297042676647,-0.0011568794267987432,0.11999999999965372,2.7162535368511533,0.011677472430632063,-0.0061211387183717995,0.11580178024071225,2.7286983504534867,0.0011582192603495198,-0.0014058989971144267,0.11580178024071225,0.12,0.0,0.0033146276609401035,0.12
30.406281159,2.7297567781718515,-0.0009738844734311475,-0.001096360216975504,0.11999999999972033,2.7203595965034406,-0.015410538219747364,-0.01027206595251648,0.09638934080130176,2.7302571205598856,-0.0023766328654073474,-0.003687425811321216,0.09638934080130176,0.12,0.0,0.005007010097883519,0.12
30.456123306,2.73791677367235,-0.0009824490860452285,-0.0009824770052363578,0.11999999999972033,2.7609148437678854,0.014577926146015737,0.001463574528240987,0.09486879959567464,2.7398318259425816,0.0012167198380042786,-0.0019923626836961883,0.09486879959567464,0.12,0.0,0.002492056156454916,0.12
30.506672604,2.741996771809926,-0.0009863470083292282,-0.0009292351501213372,0.11999999999972033,2.74444301764314,-0.007424204120350693,-0.002923487878174007,0.10886010931573417,2.749451987838708,-0.0028213038807344505,-0.0019843938064342827,0.10886010931573417,0.12,0.0,0.005150085958814415,0.12
30.55728367,2.746076770183007,-0.0009899892961170373,-0.0008474458000876062,0.11999999999949829,2.7466409055156196,-0.0009126222120450584,0.008588733545254952,0.13061778511274352,2.7530751306805223,-0.002407065135440416,0.000761972824314218,0.13061778511274352,0.12,0.0,0.004287107441063156,0.12
30.608692063,2.7501567688913293,-0.0009932338438016694,-0.000751325597545329,0.11999999999972033,2.771682468614716,0.0025058350208015737,0.01035037437910546,0.08950965311825243,2.7601401864538198,-0.001344830118551677,0.0019201386896125167,0.08950965311825243,0.12,0.0,0.0013308208866732814,0.12
30.656026663,2.754236767836789,-0.0009961664694735672,-0.0006954687098639747,0.11999999999952049,2.7299301546568002,-0.01236433814867375,-0.016596266910646355,0.12538284001110345,2.7584266432356865,-0.003707128987675531,-0.0021177313607415537,0.12538284001110345,0.12,0.0,0.00397993713133106,0.12
30.705830059,2.75831676686989,-0.0009989753170626988,-0.0006814973599299977,0.11999999999952049,2.774003035528054,0.012986988129821424,-0.006822316287652586,0.1318304490919691,2.7657193995997384,-0.0001795062502735205,-0.003918580168915507,0.1318304490919691,0.12,0.0,0.005749220530632969,0.12
30.755653445,2.7623967660289135,-0.0010015929644976635,-0.0005954524465877627,0.11999999999967592,2.769371732010012,0.0010992334164375483,-0.007071109628103055,0.1276673903429326,2.7713812129211512,6.715089806633032e-05,-0.0047906777645768525,0.1276673903429326,0.12,0.0,0.007020670932070489,0.12
30.805820957,2.7705567650769907,-0.0010054906412381543,-0.0003452312757571307,0.1199999999995649,2.77104277882017,-0.014002811901032934,-0.0034750966419520696,0.14296306021531058,2.7755974205220935,-0.002937818146141509,-0.004048471041841888,0.14296306021531058,0.12,0.0,0.009406426849052785,0.12
30.855976089,2.7746367649310746,-0.0010065643720874695,-0.00019205769506833983,0.11999999999969813,2.746264960392529,-0.014461582417280629,-0.004986246236213603,0.13167333524728658,2.7723636819882724,-0.0019064676942311658,-0.0004011726403817425,0.13167333524728658,0.12,0.0,0.0032826640467726624,0.12
30.905928254,2.7787167648772226,-0.0010072232929630189,-0.00013101164048887398,0.11999999999972033,2.7891251235983168,-0.02718019096998037,-0.004070985304085688,0.12876553000775878,2.7794906481501624,-0.007276764478991064,-0.0014073079170564369,0.12876553000775878,0.12,0.0,0.00734018025200409,0.12
30.957470658,2.7827967648570335,-0.001007617727513134,-4.586073683900158e-05,0.11999999999945388,2.7988955765014425,-0.0057497419459397806,-0.009924054588642765,0.11751249177029374,2.7878659846627136,-0.006972162556123339,-0.0038628578119255927,0.11751249177029374,0.12,0.0,0.009576454289929783,0.12
31.005895011,2.7868767648479023,-0.0010074601354465949,0.00014215329794544388,0.11999999999972033,2.7934771089619486,-0.011126152349961702,0.014484565461170176,0.07955304144981387,2.792356502308627,-0.007837309336454748,0.0004803825581924234,0.07955304144981387,0.12,0.0,0.012716420854078161,0.12
31.055591109,2.7909567646934472,-0.0010063783447585932,0.00039355386500795995,0.11999999999943167,2.7806442325307534,0.004855885191501881,0.0005971239630841834,0.12847718008387968,2.7937120997140292,-0.005141131940542443,0.0002247911716829297,0.12847718008387968,0.12,0.0,0.008554910776902394,0.12
31.108784133,2.7950367641569347,-0.0010043025553157251,0.0006089668107054315,0.11999999999967592,2.8074468026843933,-0.017411304167226478,-0.0016749601093816987,0.13064238267719225,2.8024326459934885,-0.007750025921754054,0.0008083813323079242,0.13064238267719225,0.12,0.0,0.007742745100550348,0.12
31.156418652,2.7991167631914435,-0.0010015014861049776,0.0007632367604931113,0.11999999999972033,2.7673705719023878,0.0046408175971086995,0.0003983876229105159,0.11109469395279904,2.8000242715627346,-0.005117904482582727,0.0009645229773773898,0.11109469395279904,0.12,0.0,0.007477302577672406,0.12
31.206504711,2.8031967617349425,-0.0009980593580989532,0.0009235410686956768,0.11999999999963151,2.807138187163353,-2.9193088906230525e-05,-0.005578236813627878,0.13152245965230888,2.8051603839193597,-0.004047521017563943,-0.00018111727707942837,0.13152245965230888,0.12,0.0,0.006347770427607376,0.12
31.255909595,2.807276759727763,-0.0009940153119948657,0.0010554559674401972,0.11999999999972033,2.8162684000567304,0.005394951871899638,0.008986716991825206,0.13173932944279285,2.812457618581617,-0.0020272659290982422,0.0021821136956922866,0.13173932944279285,0.12,0.0,0.0014294949007703482,0.12
31.30593653,2.815436754408933,-0.0009847035155431199,0.001198221015905433,0.11999999999945388,2.843553912704803,-0.004473448012474449,0.009128909501296816,0.09721364376266461,2.8179099534387846,-0.004251798040925658,-0.0003237092696172243,0.12822111865502,0.12,0.0,0.004896741748167125,0.12
31.355823567,2.81951675127385,-0.0009796467099077934,0.0012843363961949207,0.11999999999945388,2.836266982353401,-0.021438046382764937,0.013858635505805714,0.1060959651916872,2.8321556257865548,-0.007897204600972738,0.004474129417925101,0.1060959651916872,0.12,0.0,0.0042261836269106515,0.12
31.40593253,2.82359674769851,-0.000974246145753628,0.001362872058449543,0.11999999999949829,2.845270399779653,0.014709672925094704,0.014934282594554992,0.11360208897342736,2.8395293423090626,-0.003062172941783595,0.0075369853397428,0.11360208897342736,0.12,0.0,-0.0011523104474239283,0.12
31.455571516,2.827676743759514,-0.0009685769225939487,0.0013912738418539014,0.11999999999972033,2.8119354989809056,0.007646990366361868,-0.0005257300985034826,0.11711242341629291,2.8372961568368367,-0.0007744924414104879,0.005006005620255516,0.11711242341629291,0.12,0.0,-0.005370130232702802,0.12
31.505687611,2.8317567400018304,-0.0009630403256641275,0.0013137718057607516,0.11999999999969813,2.839914289940885,0.008222790278215174,-0.007438525027026321,0.1162746361965893,2.841487942484638,0.0011320910617710752,0.0023332903907791734,0.1162746361965893,0.12,0.0,-0.00573611583339439,0.12
31.557568678,2.839916734028508,-0.0009531792142423466,0.001115300998518723,0.11999999999972033,2.8229691599367226,-0.01187791041902927,-0.0014969579355575643,0.10501879938844286,2.8408614277910766,-0.0016279468831468663,0.0019461191318156591,0.10501879938844286,0.12,0.0,-0.0022703558378707367,0.12
31.609417432,2.8439967316077346,-0.000948735145921247,0.0010560933541951686,0.11999999999969813,2.8489767652577296,0.028448466742968304,0.016569748922147406,0.12515204884554393,2.851252104987441,0.009517923628029896,0.005180896256339638,0.12515204884554393,0.12,0.0,-0.005695489542121398,0.12
31.655644611,2.8480767296495966,-0.000944744597677275,0.0008688526721944687,0.11999999999945388,2.834927555900363,0.01916387817990365,0.0039016890635609263,0.10687923638100313,2.851264452906881,0.011580613515559317,0.004967859962713688,0.10687923638100313,0.12,0.0,-0.02026863869280358,0.12
31.706591818,2.8521567285997698,-0.000941843996349623,0.0005344404995531384,0.11999999999969813,2.833028475853925,0.006822743340786008,0.0039877604194123424,0.11400953850384953,2.852093111015357,0.010594732122903322,0.0037977642882884364,0.11400953850384953,0.12,0.0,-0.02171203798747405,0.12
31.756260336,2.8562367283500296,-0.0009404997176143317,0.00012682301578385494,0.11999999999945388,2.862425152187218,0.006606090351441113,0.0022843729226023,0.11369854553651226,2.858909136553786,0.009764672123419381,0.0027771606815930236,0.11369854553651226,0.12,0.0,-0.020026149666576582,0.12
31.805802947,2.8603167283142157,-0.000940786250465424,-0.00026094910589071526,0.11999999999972033,2.8597069406281252,-0.0056710734485111705,0.007958246333708407,0.13369445359343235,2.86391166840068,0.006513366498719325,0.0036086060619603105,0.13369445359343235,0.12,0.0,-0.017202583167958658,0.12
31.855670899,2.8643967279073395,-0.00094256382615011,-0.0006005390925636831,0.11999999999972033,2.8697112829587876,0.006829896466181641,-0.011987052230352195,0.11127484768669366,2.869807640072539,0.006565829691321479,0.000369287929307753,0.11127484768669366,0.12,0.0,-0.013319253410896601,0.12
31.906016829,2.8684767267528333,-0.0009456155062982377,-0.0008781796826086776,0.11999999999952049,2.864925221423457,-0.0010454203220113226,0.0018528869711356452,0.14236757258039953,2.875039516031297,0.00495993000381489,-0.0005786112965147654,0.14236757258039953,0.12,0.0,-0.010968529244463572,0.12
31.955723192,2.8725567247641806,-0.0009496361802542257,-0.001088884807176113,0.11999999999945388,2.850797299115998,-0.04864582293816841,-0.004005809133718188,0.10297510612922486,2.872849638619007,-0.006422437383188068,-0.002069368554631684,0.10297510612922486,0.12,0.0,0.0009242937905833979,0.12
32.005771575,2.87663672198758,-0.0009543936680523822,-0.0012019270873937394,0.11999999999952049,2.889752563360236,0.012257173319387077,-0.011920203502561502,0.1328686535214036,2.8814635459456484,-0.0024902447166015524,-0.0035615723769734323,0.1328686535214036,0.12,0.0,0.007501028781047005,0.12
32.055648098,2.8807167192181495,-0.0009591459089968448,-0.0011080954630093632,0.11999999999952049,2.879505734145603,-0.004135459957797091,0.0041900768644754895,0.10982700896844412,2.88484237125829,-0.0028404077915838676,-0.0010020652860404922,0.10982700896844412,0.12,0.0,0.007073392300004489,0.12
32.10635615,2.88479671702735,-0.0009633703886775874,-0.0009626151550862722,0.11999999999972033,2.8797892100052898,-0.010961951153142534,0.006373275192368014,0.1392210362768522,2.8887470232103727,-0.004553678633552758,0.0003922224110541818,0.1392210362768522,0.12,0.0,0.006014319022981201,0.12
32.156942491,2.888876715372605,-0.0009670421883793825,-0.0008406210216437695,0.1199999999995427,2.894450278591896,0.01656805131483535,0.0037369276926156954,0.13625301483670174,2.8954107656356625,-6.191820875335857e-05,0.0011309796241630362,0.13625301483670174,0.12,0.0,0.0006160924574894875,0.12
32.205832487,2.8970367129272385,-0.000973356076353263,-0.000756187581741247,0.11999999999945388,2.8992708688352904,0.0011590305355749612,-0.012366290885268744,0.12294861936175241,2.906109586304143,-0.002252210272439747,0.0012184218434066274,0.12294861936175241,0.12,0.0,-0.0012860714026841258,0.12
32.257057481,2.9011167117346157,-0.0009764755838706582,-0.0007699117507569786,0.11999999999972033,2.905407876229551,0.020398811165594607,0.0037009148748690882,0.1428377245826475,2.906109586304143,-0.002252210272439747,0.0012184218434066274,0.12294861936175241,0.12,0.0,0.00044464596675436474,0.12
32.308357802,2.9051967105281036,-0.0009796132573709933,-0.0007751387843658228,0.11999999999967592,2.88797589557322,0.0018158232546956919,-0.0011881521297895453,0.1450375023378362,2.911780265023573,0.0024078087315222815,0.0018315317187218064,0.1450375023378362,0.12,0.0,-0.004072927449353158,0.12
32.355671549,2.909276709214513,-0.0009828863884832203,-0.0008377117629055064,0.11999999999969813,2.898702437118522,0.010324407236550917,-0.00714348147474856,0.13909558116041945,2.9134259422643134,0.004077558030796937,-0.0002647365849594665,0.13909558116041945,0.12,0.0,-0.005059733261212343,0.12
32.406218453,2.9133567076178766,-0.0009864942134754204,-0.0009310173019966794,0.11999999999972033,2.9356698651488218,0.005923746706329619,-0.005655961585858132,0.1316156013804465,2.923208547739959,0.004456229185568411,-0.0013463554353290094,0.1316156013804465,0.12,0.0,-0.004585063043003742,0.12
32.456625168,2.917436705669289,-0.000990480335332093,-0.0010206636920036358,0.11999999999945388,2.9127729773434416,-0.0003386608239585201,-0.01327327570688612,0.12553634714483186,2.9258234048120304,0.003407230729863308,-0.004122733431913158,0.12553634714483186,0.12,0.0,-0.0015336952692204574,0.12
32.508805254,2.921516703389309,-0.0009947929688379274,-0.0010810652618383019,0.11999999999945388,2.9271997588179786,-0.016802133029629202,0.0019676110773452576,0.11128178715290807,2.9296377442430983,-0.00088427982736339,-0.0028563127908701365,0.11128178715290807,0.12,0.0,-6.383142173314242e-06,0.12
32.555759452,2.9255967009822204,-0.0009992248538210522,-0.0010792521650515835,0.11999999999963151,2.958805630309948,0.00015570239587984125,-0.010244344068003817,0.1271735545833149,2.9405741369390026,-0.0006910430701307673,-0.004725548716053317,0.1271735545833149,0.12,0.0,0.006069071442979648,0.12
32.606140982,2.9296766987330125,-0.0010035082222069613,-0.001014111552858379,0.11999999999972033,2.9317210325882845,0.0001949024451289277,0.005175022046192652,0.13929518153472373,2.9431172481062426,-0.0005039842279886677,-0.0027954417704350145,0.13929518153472373,0.12,0.0,0.0054328266331648885,0.12
32.657016233,2.9378366953461588,-0.0010109262840025941,-0.0008058766374643856,0.11999999999945388,2.9445203718280886,-0.0022851444240038414,-0.01055569743929083,0.13332882301904456,2.9545567325649595,-0.001691443049984174,-0.004547806738435526,0.13332882301904456,0.12,0.0,0.005534731072833208,0.12
32.707632979,2.9419166941830834,-0.0010140045356188743,-0.0006994212133884395,0.11999999999972033,2.9043772958479637,0.012197115358287368,-0.017470412579706152,0.1428510269712756,2.9484195851054986,0.0012088466619224454,-0.0068702393482849445,0.1428510269712756,0.12,0.0,0.0073623911370928954,0.12
32.756656928,2.945996693371115,-0.001016573006055902,-0.0005555203295747243,0.11999999999972033,2.9418190704600065,-0.014377534891514039,0.005817495177108837,0.10815539066903146,2.950615433532884,-0.002101326811183808,-0.0037330397330104423,0.10815539066903146,0.12,0.0,0.008859191870472235,0.12
32.805576965,2.950076692905759,-0.0010185122611103172,-0.00039386578869866435,0.1199999999995649,2.9648513557792007,-0.02059363489816621,0.003342896672122232,0.11838120223145436,2.9577531706934588,-0.006028699924420293,-0.001958404346823924,0.11838120223145436,0.12,0.0,0.010132015338157855,0.12
32.85577947,2.9541566927035423,-0.0010197817147852358,-0.00022541446097428802,0.11999999999974253,2.96204989285452,-0.032410549853353565,-0.003617604989368386,0.13933471632096947,2.9637519696958727,-0.011639711749507033,-0.0026512197727903246,0.13933471632096947,0.12,0.0,0.014959057831965635,0.12
32.905639769,2.9582366926626387,-0.0010203124653015276,-3.166604271453193e-05,0.11999999999972033,2.9690018221242,-0.011626709119958055,-0.004857707780061861,0.11736368384458039,2.9687389826840187,-0.01165234249015848,-0.0027076013595058557,0.11736368384458039,0.12,0.0,0.01900580107020281,0.12
32.955818931,2.962316692625051,-0.0010198792004114776,0.0002597582394167251,0.11999999999972033,2.952763248602622,-0.0023867901353909126,-0.007091666761119003,0.11363543013300832,2.9691602824124512,-0.009705116027303416,-0.0032897232454824547,0.11363543013300832,0.12,0.0,0.01902805909953477,0.12
33.006340377,2.966396692221375,-0.0010181121732289128,0.0006092632632597317,0.11999999999972033,2.973827297353401,0.0031386577561788023,0.004106634683467601,0.14712553966956604,2.9758286791638677,-0.006982703148302828,-0.0017698539674325926,0.14712553966956604,0.12,0.0,0.014256129079295379,0.12
33.056542282,2.974556688554093,-0.001010505477069989,0.0012042203838817597,0.11999999999967592,3.002910076433762,-0.02031059734738154,-0.0025606244862632754,0.11422407076049469,2.9875440177806776,-0.009168894683090097,-0.0008805513616515882,0.11422407076049469,0.12,0.0,0.010754245928459583,0.12
33.1093661,2.974556688554093,-0.001010505477069989,0.0012042203838817597,0.11999999999967592,3.002910076433762,-0.02031059734738154,-0.0025606244862632754,0.11422407076049469,2.9875440177806776,-0.009168894683090097,-0.0008805513616515882,0.11422407076049469,0.12,0.0,0.013303094656338133,0.12
33.15585229,2.9827166802530956,-0.0009989131453438506,0.0016339604465657,0.11999999999972033,2.9746083806774934,0.007340306918668943,0.004177918232392795,0.10680915249073468,2.9907459617636354,-0.005663953648271894,0.0017889975623799556,0.10680915249073468,0.12,0.0,0.007703606707797666,0.12
33.205655058,2.9867966742729286,-0.000991929507603508,0.0017618535214440078,0.1199999999995649,2.982380603561952,0.012311312912431378,0.008637795440177457,0.12524533798269114,2.997378079544603,0.002652785762492307,0.006639517759326116,0.12524533798269114,0.12,0.0,-0.006359780877280975,0.12
33.256914313,2.990876668064585,-0.0009848124640269458,0.001697144615061999,0.11999999999972033,3.0083854668100045,0.006670561034971935,0.0038828110467044497,0.12004571825381385,3.003218180773937,0.0035230392222907712,0.006361887422715945,0.12004571825381385,0.12,0.0,-0.009938490950648273,0.12
33.306138168,2.9949566627901993,-0.000978256256956313,0.0015008624311701512,0.11999999999972033,2.9835369240666365,0.017621802158798536,0.005876124081336849,0.12333755126023184,3.003576119402119,0.006544627338189175,0.005531044282546207,0.12333755126023184,0.12,0.0,-0.015546778423394173,0.12
33.356422672,2.99903665890014,-0.0009726299994840983,0.001247846505696351,0.11999999999974253,2.999183238906381,-0.005241934915020431,-0.0030822375558791425,0.13816110792926534,3.006666207674363,0.004052725191026293,0.0024734887788507506,0.13816110792926534,0.12,0.0,-0.01130817502816207,0.12
33.405589021,3.0071966548152993,-0.000964542039899641,0.0007716440065673127,0.11999999999960931,3.0149177195063794,-0.02593980674571437,0.01056165429113089,0.1082074013844114,3.0155891602087985,-0.003993733011539932,0.004994828216984326,0.1082074013844114,0.12,0.0,-0.008716472748475191,0.12
33.457774977,3.0112766538518922,-0.0009617449517210962,0.0006125407210441231,0.11999999999972033,2.996455897069326,-0.005046007223790749,-0.0081345383072729,0.13157325357705757,3.016639852236041,-0.004213404497536999,0.0009356303779482606,0.13157325357705757,0.12,0.0,-0.0012636370068509239,0.12
33.505586578,3.0153566531697034,-0.0009593862448432281,0.0005658950764228583,0.11999999999952049,3.0142601447445756,0.013773338482539919,0.004503906105039741,0.10449832602256626,3.0195190468768143,-0.00038839693906068343,0.0022850983970411883,0.10449832602256626,0.12,0.0,-0.0007114075852923873,0.12
33.555648276,3.0194366524991683,-0.0009570471616966212,0.0005700998805760303,0.11999999999972033,3.0221597739268926,0.000616733055648949,-0.003798153636117697,0.13532102456655248,3.0253542913859794,-0.00017493753660686507,0.0009708089015262689,0.13532102456655248,0.12,0.0,-0.0015727987651903345,0.12
33.605675754,3.023516651873028,-0.0009547871044420338,0.0005387387903459962,0.11999999999972033,3.0288912583885192,-0.0151026836682152,-0.00263331782064581,0.1149398659360683,3.0301463226459013,-0.0033449273977537285,-0.00011220635365664485,0.1149398659360683,0.12,0.0,0.0014112458693946697,0.12
33.658893667,3.0275966513056325,-0.0009526355084664679,0.0005271801073555436,0.11999999999949829,3.026991022921292,0.01263323714388417,-0.007948976010865005,0.12289709661949832,3.033338442672423,3.178502090381459e-05,-0.0020744980507539064,0.12289709661949832,0.12,0.0,0.0031173216060230865,0.12
33.708174348,3.0316766506918307,-0.0009503983536767524,0.000575703402156108,0.11999999999972033,3.034999705750704,-0.0011600343452393316,-0.01101660364257343,0.10288292641459412,3.0381993215279692,-0.00024671234677808135,-0.00423159235867409,0.10288292641459412,0.12,0.0,0.00318819224629336,0.12
33.755750199,3.03575664994103,-0.0009479244091322048,0.0006441129545972716,0.11999999999972033,3.037174168582881,0.005233877999703275,-0.0004177435312295376,0.11925043576289622,3.0431380102659986,0.0008995913897453898,-0.002377151863212469,0.11925043576289622,0.12,0.0,0.00440737305133009,0.12
33.806609732,3.039836648951446,-0.0009450855265801515,0.00074600437420997,0.11999999999972033,3.0607159858520916,-0.016045515216308242,0.006152137942832247,0.13106475985466648,3.050943390428346,-0.00269046393095307,-0.0001864900265168884,0.13106475985466648,0.12,0.0,0.004125010171042846,0.12
33.858096695,3.0439166476894184,-0.0009418778323453219,0.0008253270200848941,0.11999999999947608,3.044563644866441,0.01071782734706384,-0.007774618068732739,0.12016987730105375,3.0539992884804987,0.00014101800746275277,-0.0024505918489729876,0.12016987730105375,0.12,0.0,0.003844668005285413,0.12
33.906885447,3.0479966461690164,-0.0009383566555469815,0.0008996818804483592,0.11999999999969813,3.0399018985390343,-0.008920419489101803,-0.008250118752566734,0.13354789580684517,3.056193873321052,-0.0018077092993324594,-0.003301372311304001,0.13354789580684517,0.12,0.0,0.006575907295185703,0.12
33.956105213,3.052076644365439,-0.000934521814061144,0.0009882842568917916,0.11999999999972033,3.0524572004921113,0.0074513517034683514,-0.019917245981106984,0.11220297137010783,3.0592949885919554,0.00011024772600000139,-0.0060492327008168974,0.11220297137010783,0.12,0.0,0.00863073212642022,0.12
34.006046256,3.056156642100516,-0.0009302258795020345,0.0011243679249863232,0.11999999999945388,3.0474859622767694,0.0022428280546393873,-0.0027967410661514157,0.12744891262631916,3.0618546405671343,0.0005362430357429286,-0.004360206504526442,0.12744891262631916,0.12,0.0,0.00695860505465923,0.12
34.055646037,3.064316635496661,-0.0009198645520101557,0.0013973848731088502,0.11999999999949829,3.0574256586577246,0.0001209810803837585,0.012878952044476004,0.08235019256023923,3.0694605778958026,0.0005566339096749319,5.817429449641968e-05,0.08235019256023923,0.12,0.0,0.0026257165077716717,0.12
34.106760901,3.0683966312588242,-0.0009139846782077577,0.0014714670510613654,0.11999999999972033,3.0786680220877822,0.032779885403117257,0.005875918589265355,0.10138504170119199,3.074572661913598,0.00740394531227428,0.000930080757882248,0.10138504170119199,0.12,0.0,-0.004939307299272339,0.12
34.155767634,3.0724766267990082,-0.0009079521526656327,0.001457584497472546,0.11999999999965372,3.0369429448222136,0.014513430190442196,-0.005418271655164859,0.09758139874464677,3.071254468606707,0.008907309432817739,-0.0009526196535560317,0.09758139874464677,0.12,0.0,-0.009690848819056574,0.12
34.205920203,3.076556622925494,-0.0009023335840844865,0.0012898917422312596,0.11999999999945388,3.075183018302359,-0.009345398422076438,-0.003467902872943065,0.14122760294922249,3.0771505417616076,0.005022058647344551,-0.0005655069146580434,0.14122760294922249,0.12,0.0,-0.008425589606484617,0.12
34.256366968,3.0806366199985376,-0.0008974510268400594,0.0011125752355941791,0.11999999999945388,3.079945632704362,-0.011385995724891143,0.01501438936862609,0.12965997494151676,3.0819765597442523,0.0015681016864304781,0.0023258035491480243,0.12965997494151676,0.12,0.0,-0.006655096091832269,0.12
34.305601385,3.0847166177810026,-0.0008932002091255597,0.0009761435597871467,0.11999999999963151,3.1017600328093184,0.012059100675483403,0.0003699145817748335,0.11795647305702264,3.0904679864041387,0.0038033124581941455,0.0008229751040671547,0.11795647305702264,0.12,0.0,-0.0064730693251992145,0.12
34.356168454,3.088796616065064,-0.0008894608768306719,0.0008572030807638258,0.11999999999965372,3.0792954911993236,-0.011841980286908232,0.0007591788264797256,0.11421752198146434,3.09225491639537,0.0004892977016940948,-0.000367074360899719,0.11421752198146434,0.12,0.0,-0.0036577968015256454,0.12
34.411094643,3.0928766147640108,-0.0008862054298512778,0.0007470668593890411,0.11999999999963151,3.0727710565964825,0.0007131769688552417,0.007121164633783125,0.12663987932854712,3.0928997874362416,0.0005508988982677094,0.0007452644914957972,0.12663987932854712,0.12,0.0,-0.0024712896971105,0.12
34.456586724,3.096956613713381,-0.0008832781403136312,0.0006924254222768629,0.11999999999972033,3.085075514626585,-0.019120827334690303,0.0033690941718248707,0.10637175810027512,3.0967224920410095,-0.0036100142744620945,-0.00022644847948900487,0.10637175810027512,0.12,0.0,0.0012670282251476762,0.12
34.506434681,3.1010366127788123,-0.0008805167635205686,0.0006772885438817006,0.11999999999972033,3.0800916412252106,0.005647107126653267,-0.003945989242209092,0.14534833566257735,3.0986356188610036,-0.0016538709292997296,-0.001402381928466455,0.14534833566257735,0.12,0.0,0.0037674489795301662,0.12
34.555655733,3.1051166117749847,-0.0008776555359522721,0.0007318023026409635,0.11999999999960931,3.103981393703442,0.009295120506513113,0.00031314251862358226,0.1419115792034597,3.1036539666436913,0.0006672218288804284,-0.0008328807802955179,0.1419115792034597,0.12,0.0,0.0024389080676237925,0.12
34.60597616,3.109196610573015,-0.0008745249338812031,0.0008042443947253971,0.11999999999945388,3.0706355613534093,0.019051243329538236,-0.0005317894733758548,0.12252158600668464,3.1002372175220767,0.004566815880405504,-0.001060319534714465,0.12252158600668464,0.12,0.0,-0.0025298352713489527,0.12
34.656272842,3.11327660920454,-0.0008711833452345316,0.0008143079146094816,0.1199999999995427,3.1192210632394857,-0.0021371653066380642,0.007284515312331786,0.1270826582571303,3.11018542960463,0.0031536846011321305,0.001456585973743037,0.1270826582571303,0.12,0.0,-0.005440205947044567,0.12
34.707654376,3.1173566079377455,-0.0008679690287058026,0.0007513622759419201,0.11999999999967592,3.125051662062105,0.01461267629324018,-0.0026998452088203965,0.10337394318007209,3.1174715813421923,0.005584842124841017,-0.00010394004352016836,0.10337394318007209,0.12,0.0,-0.006550442590563074,0.12
34.755638522,3.121436606941932,-0.0008651215633094263,0.000637903857097354,0.11999999999960931,3.12579781335828,-0.0004996211017503746,-0.010841445279540063,0.12853290949761215,3.1253095825030424,0.004270524612884493,-0.0030644810157003993,0.12853290949761215,0.12,0.0,-0.004574240643882058,0.12
34.805799514,3.1255166062750277,-0.0008627943024467797,0.000505848605112693,0.11999999999972033,3.1275116458810333,0.005262497944080928,0.0012820806303839314,0.1226332116724886,3.1301703195401505,0.004476051130167869,-0.0018318584044462235,0.1226332116724886,0.12,0.0,-0.003126727325840306,0.12
34.856353995,3.1336766054903498,-0.0008592286066801792,0.0003626846638156477,0.11999999999972033,3.148226524114576,0.012748636680334642,-0.0021012960075876006,0.10166353183650663,3.1426369114177515,0.006584746698586076,0.0008820264761114036,0.10166353183650663,0.12,0.0,-0.007496980017615434,0.12
34.905567796,3.137756605304744,-0.0008580088037806372,0.00022445984964135577,0.11999999999969813,3.1417895394820947,-0.006185128883503148,-0.0033564084071147477,0.11970281956326642,3.146887361679661,0.0038723411281439014,-0.0005986649122363822,0.11970281956326642,0.12,0.0,-0.009912355403270963,0.12
34.956551916,3.14183660526085,-0.0008574484602254811,5.0235754608359254e-05,0.11999999999972033,3.124185342284745,0.012883777383060058,0.015991370636814033,0.132806164204054,3.146887361679661,0.0038723411281439014,-0.0005986649122363822,0.11970281956326642,0.12,0.0,-0.007467697523326992,0.12
35.008587807,3.1459166052555037,-0.0008575451405896063,-0.00010595646929505052,0.11999999999945388,3.1446963178848115,-0.013320278542218646,-0.011768817343844046,0.12532084870515514,3.150482895904554,0.0017405774483921213,-0.0020787333920789315,0.12532084870515514,0.12,0.0,-0.00523625794986935,0.12
35.056063278,3.14999660517596,-0.0008583291562579546,-0.0002568083745261606,0.11999999999972033,3.1392859159445483,0.01857446105073877,0.004048458010771237,0.08433689155111553,3.1510461661392184,0.005317371373985731,-0.001003394675786276,0.08433689155111553,0.12,0.0,-0.004219783009607201,0.12
35.106324837,3.1540766050006126,-0.0008595231359524674,-0.0003248066222041299,0.11999999999967592,3.1695122055402662,0.013223261650563969,0.0018198965558500657,0.13451135032230194,3.160209055340632,0.006994780847846316,-0.00022339516504627974,0.13451135032230194,0.12,0.0,-0.0069965679113814004,0.12
35.156501063,3.158156604721506,-0.0008610281871499943,-0.00041914186099568755,0.1199999999995427,3.1662205342100815,-0.014754569354137735,-0.01425816589558298,0.11916567394366571,3.1648107846257614,0.0023546884794520013,-0.0034036413189957506,0.11916567394366571,0.12,0.0,-0.0006264847559991773,0.12
35.208204511,3.1663166037225263,-0.0008650595233177374,-0.0005150689344262272,0.11999999999952049,3.1628366173803775,0.010444650165056706,0.0031091060025612268,0.11754701369874594,3.171950475786627,0.0030596987473460757,-0.000699439156084119,0.11754701369874594,0.12,0.0,-0.0010725780703554947,0.12
35.255879208,3.1703966031767434,-0.0008671697646926007,-0.0005286179303359865,0.11999999999969813,3.159227480702076,0.006182344032989004,-0.0009706335570060398,0.13214849074680501,3.174706304415403,0.003716665302240124,-0.0002010773652042737,0.13214849074680501,0.12,0.0,-0.0032684928947999967,0.12
35.305890618,3.1744766025560263,-0.0008694194677142171,-0.0005797540617464239,0.11999999999972033,3.191499931215317,0.027883473437873677,-0.008315626507476597,0.1387676245117375,3.182477885546296,0.008830599915502104,-0.002627626055775826,0.1387676245117375,0.12,0.0,-0.005680482478140316,0.12
35.35698038,3.1785566017711537,-0.0008719478753499568,-0.0006715815599527442,0.1199999999995649,3.1729357847994604,-0.01192302489454444,-0.004605172157771231,0.1364793837730649,3.182477885546296,0.008830599915502104,-0.002627626055775826,0.1387676245117375,0.12,0.0,-0.007154647005835417,0.12
35.405598871,3.1826366006687024,-0.0008749436735240915,-0.0007879850713381657,0.1199999999995649,3.2076241996256925,-0.015882309130247203,0.0005447952107351216,0.1405523391212654,3.1968475122902293,9.004450682663541e-05,-0.002790833704957574,0.1405523391212654,0.12,0.0,-0.0021810894482995813,0.12
35.456393551,3.186716599309279,-0.0008782738037883908,-0.0008332563952432631,0.11999999999965372,3.195656750729859,-0.02445300875945492,-0.002446893501162565,0.11165149010637271,3.2010362986507634,-0.005130353664518459,-0.00267136826569382,0.11165149010637271,0.12,0.0,0.0056269138979694626,0.12
35.507671041,3.190796597962931,-0.0008815872802959322,-0.0007673022795014766,0.11999999999969813,3.200888488231102,-0.03697990420359269,-0.007348369235587335,0.10679000896168257,3.204850402774361,-0.011905188717176926,-0.005178146809355966,0.10679000896168257,0.12,0.0,0.008306516015699135,0.12
35.55583377,3.1948765970691206,-0.0008842699504099198,-0.0005121847370081339,0.11999999999972033,3.161759239262258,0.005714725495264877,-0.0001880941277091058,0.1463570374599067,3.2009776409077175,-0.008182336982695274,-0.004208019032722557,0.1463570374599067,0.12,0.0,0.022546760002963885,0.12
35.605638442,3.198956596835409,-0.0008855688247361947,-0.00011894830646827228,0.11999999999967592,3.223908522074792,-0.02014417893665427,0.009253150975969565,0.12740299084761983,3.2114614120477394,-0.010717111372216051,-0.0003447173477180978,0.12740299084761983,0.12,0.0,0.020369685574678734,0.12
35.656226781,3.2030365968040253,-0.0008852992898789791,0.00024394858677269097,0.11999999999947608,3.2030180953191847,0.005180129224771388,-0.0025393324986282676,0.12943044865881598,3.2140369019662827,-0.007348162082602439,-0.0013201467097754872,0.12943044865881598,0.12,0.0,0.015126673020659502,0.12
35.706920165,3.2071165964566593,-0.0008836557971396208,0.0005514001638203009,0.11999999999945388,3.219042762664051,0.004552566119474858,0.015354171898642105,0.13280961060369179,3.219777819092429,-0.0047968782587687,0.0034195701301912873,0.13280961060369179,0.12,0.0,0.008110372856135306,0.12
35.756001736,3.211196595502881,-0.0008808817246000272,0.0007937940919216076,0.11999999999967592,3.2476991590226656,-0.03588547418933222,0.015732290427878094,0.13313075013928619,3.2300650329074867,-0.011356332932527038,0.006742033448065387,0.13313075013928619,0.12,0.0,0.004884958414641784,0.12
35.805634133,3.2152765940074,-0.0008773907172539495,0.0009047033228455173,0.11999999999972033,3.2381472776677147,-0.010586046590392799,0.011117103474333206,0.12424362155996109,3.23537857085158,-0.011160668086507142,0.007762911847954256,0.12424362155996109,0.12,0.0,0.0036583829174815256,0.12
35.855997231,3.2193565921691847,-0.0008735190924200718,0.000989686391074466,0.11999999999972033,3.229273226099144,0.0017882305871494844,0.0017714768238282965,0.12354754153012663,3.239067209832123,-0.008385202123218178,0.006202762129515131,0.12354754153012663,0.12,0.0,0.0023419051137142767,0.12
35.905685093,3.2275165876636933,-0.0008649479612843454,0.001101519974524296,0.11999999999972033,3.2171861297388666,-0.025787029278797835,0.006182006429750481,0.11526164577145681,3.2392166714669277,-0.01362880889401862,0.006306132436965364,0.11526164577145681,0.12,0.0,0.003263224235390101,0.12
35.955665305,3.231596585057544,-0.0008603369942468829,0.001165366985527082,0.1199999999995871,3.227794874948063,0.014033954185162421,-0.0003719172518506873,0.12816680033751435,3.2392166714669277,-0.01362880889401862,0.006306132436965364,0.11526164577145681,0.12,0.0,0.0074015395454791666,0.12
36.007569401,3.2356765819879776,-0.0008553345689831569,0.0012930224072116487,0.11999999999972033,3.219253241309813,-0.028118327234898485,0.006111431027014628,0.1048458550819664,3.240239166535879,-0.012047860134983612,0.006144905608822147,0.1048458550819664,0.12,0.0,0.004881465392003288,0.12
36.056181819,3.2397565783129085,-0.0008498595597010334,0.001392820985150471,0.11999999999972033,3.251594876932851,-0.024871046449645474,-0.00519602574013975,0.1386433966003403,3.2475888860159743,-0.01476103839338704,0.004046106935574882,0.1386433966003403,0.12,0.0,0.009816817172470871,0.12
36.10564527,3.2438365739900767,-0.0008439224002750206,0.0015293691193395734,0.11999999999972033,3.2562879406087544,-0.0026921615467564546,0.0013839379348154917,0.12418721442225253,3.254281830075063,-0.012186191426543746,0.0037445716315310106,0.12418721442225253,0.12,0.0,0.011275373697050953,0.12
36.155546114,3.247916568556,-0.0008372680395384939,0.0017364255489878619,0.11999999999972033,3.2475464512493564,-0.001613037200766609,-0.00948355285364702,0.11467132067011412,3.256815891745646,-0.009954981919506067,0.0018901460487953518,0.11467132067011412,0.12,0.0,0.01111513847682275,0.12
36.206328472,3.2519965616388404,-0.0008297590918723347,0.0019438734786926786,0.11999999999967592,3.2422469287191773,0.011977061578359574,0.001754963716275032,0.08846780741689586,3.256572030360665,-0.005295871808259375,0.0019397320263613042,0.08846780741689586,0.12,0.0,0.006685447611905391,0.12
36.255971279,3.2560765531603195,-0.0008214438488688349,0.002114394736988928,0.11999999999974253,3.256771941325666,0.020417130311643075,-0.012746861428675758,0.13468424237927945,3.2623955885805493,0.00014317728414463358,-0.0013437849123909746,0.13468424237927945,0.12,0.0,0.003385369010892782,0.12
36.306099648,3.2601565436105417,-0.0008126168683020587,0.002202553515563779,0.11999999999969813,3.2699184986890133,0.0340978917260579,0.004719224073520462,0.09830052643353968,3.2681200687036083,0.007356458731304065,-0.0006733801560760445,0.09830052643353968,0.12,0.0,-0.005710741122351563,0.12
36.355903656,3.2683165241554213,-0.0007948005767881482,0.0021092572629746115,0.11999999999972033,3.2619184451445276,-0.013984716707715257,0.00036588348380654106,0.10511978626947399,3.269751491756314,0.002828876649766077,-0.0011023603400049501,0.10511978626947399,0.12,0.0,-0.003340803444238159,0.12
36.405759317,3.2723965153721664,-0.0007863350408709138,0.002041027412309611,0.1199999999995427,3.2713267708133946,0.007364886685107036,0.005146544147757001,0.1386235212913638,3.2802985512435727,0.003940259058578899,0.001672649579158781,0.1386235212913638,0.12,0.0,-0.005190180059805314,0.12
36.455863024,3.2764765072397406,-0.0007781895822339787,0.0019490677276907484,0.11999999999972033,3.2828275498287263,0.03686507336898108,0.0010576283555150915,0.1418045870845398,3.28593574157911,0.01093542653573561,0.0012425859374525583,0.1418045870845398,0.12,0.0,-0.007171935211909642,0.12
36.506726269,3.280556499971038,-0.0007704895805202457,0.001822195982684325,0.11999999999945388,3.2790288700297774,0.013693060403590728,0.004082723851104587,0.10215386511178665,3.2878403543981123,0.011528644248419668,0.0023957655415557818,0.10215386511178665,0.12,0.0,-0.015560810597808086,0.12
36.5559497,3.2846364939981783,-0.0007635144080201248,0.0015759132584486331,0.11999999999972033,3.3007032511188608,0.0080097497839608,-0.0024877083138945414,0.11728945701683786,3.29542476458471,0.010787123170292729,0.00013358227263081529,0.11728945701683786,0.12,0.0,-0.01673072986719818,0.12
36.606097049,3.2887164899025696,-0.0007577462387473294,0.0012528894068442266,0.11999999999972033,3.28635462045838,0.010017825825417489,-0.006438326098899418,0.1256355928103478,3.2976024981182435,0.010612380265946058,-0.0013915674952831476,0.1256355928103478,0.12,0.0,-0.014513190589812808,0.12
36.658744638,3.292796487408283,-0.0007532481184876683,0.0009601311871264935,0.11999999999974253,3.2929229136020246,0.006235939017282343,-0.0035463873565124366,0.1089686755099666,3.300448884226517,0.009675365153605214,-0.0022612473974075375,0.1089686755099666,0.12,0.0,-0.012092087078966739,0.12
36.706769315,3.2968764859958037,-0.0007498667559596168,0.0007028921398091608,0.11999999999969813,3.2842211563043175,-0.01777151632473224,-0.0052996080332548675,0.12738884432316808,3.3014613579388983,0.003836346668751201,-0.00343926562034053,0.12738884432316808,0.12,0.0,-0.003527122296576256,0.12
36.756582916,3.300956485243862,-0.0007473978564619782,0.0005328859675186428,0.11999999999972033,3.293881153412732,-0.011287210333409863,0.007604386508466715,0.12589391114858445,3.304102118446965,0.0006351322216117399,-0.0020025179624722778,0.12589391114858445,0.12,0.0,0.0005524580262038668,0.12
36.806082129,3.305036484731969,-0.0007453551734562568,0.00048017220433902114,0.11999999999974253,3.309660304772541,0.008689092673366636,0.006537224258747951,0.12070107875945275,3.3103366168038795,0.002350306309698449,0.00020154104694254465,0.12070107875945275,0.12,0.0,-0.002355792663773409,0.12
36.855577891,3.3091164842620984,-0.0007433971434571235,0.0004724636893909251,0.11999999999972033,3.316350582265932,-0.001567281716869712,0.008870658120858344,0.1518381968771205,3.316819678963765,0.0015357066959755484,0.003006742238594869,0.1518381968771205,0.12,0.0,-0.005491994689341731,0.12
36.905925981,3.3172764835561233,-0.0007400233238963308,0.000322500230478262,0.1199999999995871,3.3088991163347194,0.019167132535096002,0.009834482169281665,0.13489087808788788,3.3191287197919053,0.0007373980398688752,0.0032441326718992947,0.14015642521170293,0.12,0.0,-0.005806190980873982,0.12
36.958719429,3.3213564834085014,-0.000738934066941211,0.00020403665679817685,0.11999999999960931,3.3088991163347194,0.019167132535096002,0.009834482169281665,0.13489087808788788,3.3217057153139837,0.00468049698467177,0.003883222079393318,0.13489087808788788,0.12,0.0,-0.00896517316922714,0.12
37.010271029,3.325436483377249,-0.000738479925536423,2.8639365073694218e-05,0.11999999999976474,3.353939488253951,-0.005114602038998385,-0.002697484427028956,0.11642094369669753,3.3354557438472185,-0.004114979159301013,0.0018867108000950067,0.11642094369669753,0.12,0.0,-0.0017452866270450242,0.12
37.056717767,3.329516483376533,-0.0007385157292946421,-2.783037924556281e-05,0.11999999999972033,3.3020154651806357,-0.009281856115761046,0.006692338708260306,0.11522175168791153,3.3326305213568252,-0.005192276579230014,0.002267835027222242,0.11522175168791153,0.12,0.0,0.001837497513329396,0.12
37.105694848,3.33359648337556,-0.0007385998409451949,-6.3573058749403235e-06,0.11999999999972033,3.3323102224543213,0.005899248928584366,0.00025000522608379765,0.1367562329478334,3.3373062597714185,-0.002829705800799445,0.0010331533522017107,0.1367562329478334,0.12,0.0,0.0024688942710379075,0.12
37.155602819,3.3376764833745645,-0.000738530155474245,4.0389332541293475e-05,0.11999999999945388,3.307400078503354,0.011570717341705042,0.002430156488533782,0.13333811905228166,3.3362037235050876,0.0002341678302749512,0.0015530559118162046,0.13333811905228166,0.12,0.0,2.987290846492895e-05,0.12
37.207001954,3.3417564833665394,-0.000738278729280835,7.550346953551413e-05,0.11999999999952049,3.362171580126761,0.014750035471085308,-0.004057718892507254,0.12327423844435427,3.3460380486814167,0.003312411599648018,-0.0005876532254577986,0.12327423844435427,0.12,0.0,-0.001246283970106464,0.12
37.26233338,3.3458364833567766,-0.0007379979441113365,5.38721218118476e-05,0.11999999999969813,3.3556030363478717,-0.018856263686706433,0.0005338857070095611,0.12279670041034497,3.3524499337870655,-0.001391714734628164,-0.0006581936426168634,0.12279670041034497,0.12,0.0,-0.00027133780108864244,0.12
37.305967615,3.349916483354477,-0.000737872916090152,1.307686318942293e-05,0.1199999999995427,3.3597125893270694,-0.015133999385729012,-0.0011823829081023965,0.11722952110683482,3.3588030262025295,-0.004309158716186736,-0.001987246164665311,0.11722952110683482,0.12,0.0,0.004825292023788917,0.12
37.355817617,3.3539964833538773,-0.0007378065322555883,2.5693024152696146e-05,0.11999999999945388,3.3756630327631374,0.022672237095601108,-0.0030173370633448256,0.14536837157732443,3.366405617939926,0.001405038058957254,-0.001528245296939529,0.14536837157732443,0.12,0.0,0.0018483234867094547,0.12
37.408151325,3.362156483314697,-0.0007370547245447012,0.0001445885344892716,0.11999999999972033,3.381068157837033,-0.009551747807862712,-0.003681010730323854,0.06972482748903108,3.3720656730816367,-0.0009275169521717173,-0.001963793701917059,0.06972482748903108,0.12,0.0,0.0037465349546600087,0.12
37.459446338,3.3662364832504528,-0.0007363349274255525,0.00020577553105242553,0.11999999999969813,3.3566382520960607,-0.001957955180388978,-0.009931910706937065,0.14164975996728824,3.376994978119179,-6.897992283225461e-05,-0.001630340880882323,0.14164975996728824,0.12,0.0,0.0012920293098635793,0.12
37.510733023,3.37031648315208,-0.0007354397438121829,0.00023615585060619208,0.11999999999974253,3.3809915056694675,0.002509349966027252,-0.0010127914194173848,0.1200950925661888,3.382049881594353,0.0004718670735547626,-0.0012599340503287163,0.1200950925661888,0.12,0.0,0.0018606267693800826,0.12
37.556177597,3.374396483017374,-0.0007343924387269569,0.0002754126148879959,0.11999999999945388,3.3756554032791164,-0.03096405570187042,0.009902766258128606,0.11816602545254715,3.385634616267212,-0.006185186432198674,0.0016608690543132346,0.11816602545254715,0.12,0.0,0.0036210073836684125,0.12
37.605680883,3.37847648284308,-0.0007332006158799355,0.00031415194616997124,0.11999999999972033,3.374589121487153,0.008158385393599178,-0.0040091587267516975,0.11148935477352377,3.386682242833005,-0.0031457795401303107,0.0004663574458933426,0.11148935477352377,0.12,0.0,0.004274201624576384,0.12
37.655601784,3.3825564825860273,-0.0007317558471402944,0.00039693192737113594,0.11999999999947608,3.3572953492014523,-0.002847252130984189,-0.005183170574119031,0.1192879712434169,3.384422434546178,-0.003091636030952811,-0.0002399798493413596,0.1192879712434169,0.12,0.0,0.0045910788066817546,0.12
37.708703695,3.3866364821943513,-0.000729970746469102,0.0004791210672669509,0.11999999999969813,3.387790640083764,-0.010300789137651407,-0.014486018952027247,0.10856726116364106,3.3897911667502045,-0.004648059152777455,-0.0037767216019212123,0.10856726116364106,0.12,0.0,0.00827400425058229,0.12
37.7559382,3.3907164816375723,-0.0007278416534354774,0.0005648387664268658,0.11999999999972033,3.3869593393872854,-0.007978917841159712,0.015904919112817686,0.13170303585610044,3.392884925595541,-0.005333740576341054,0.0003601086606351179,0.13170303585610044,0.12,0.0,0.007217316401025091,0.12
37.806701874,3.394796480816377,-0.0007252587888366882,0.0007051802563517737,0.11999999999972033,3.422071417748195,-0.007161283978003835,0.00678756677886115,0.12535604838196168,3.4041946693390708,-0.005706951151153346,0.0016513231377385405,0.12535604838196168,0.12,0.0,0.005875042096568217,0.12
37.857636416,3.398876479598161,-0.0007221096502256424,0.0008341886431598501,0.11999999999947608,3.39881883002611,-0.021364831307167098,-0.005393232749157034,0.10390024261225002,3.4074296560763315,-0.009039505281417963,0.001468473197084528,0.10390024261225002,0.12,0.0,0.00804874334302599,0.12
37.905925668,3.407036475736201,-0.0007142036091657675,0.0011426053755476497,0.11999999999974253,3.387074017213607,-0.007709955344795282,-0.012390326421371252,0.13024150409729973,3.4074490225674046,-0.008776942989002636,-0.0018157307107984795,0.13024150409729973,0.12,0.0,0.013262847864880394,0.12
37.955597825,3.4111164725000265,-0.0007090723243907523,0.0013726998950559083,0.11999999999972033,3.396624165159201,0.011521687665403716,0.010814730268516698,0.12929332688240408,3.417710359211706,-0.00285941605182107,0.0017744544219128345,0.12929332688240408,0.12,0.0,0.010288303903073774,0.12
38.005567504,3.415196468061636,-0.0007030585861313442,0.0015592019346948437,0.1199999999995427,3.399983974923577,0.005582854836171993,-0.0006823922934827251,0.1350714853545195,3.4196066930176228,-0.0010614687365834356,0.000678700973242287,0.1350714853545195,0.12,0.0,0.0038862177808605567,0.12
38.060661745,3.4192764627852106,-0.0006964976884046505,0.0016439261036362766,0.11999999999969813,3.4080276899162345,0.0020803282147003836,-0.008237344545310561,0.14169525034221392,3.4196066930176228,-0.0010614687365834356,0.000678700973242287,0.1350714853545195,0.12,0.0,0.001430504046693446,0.12
38.106565002,3.4233564571551724,-0.0006897198017663913,0.0016753896273791894,0.11999999999969813,3.4153705785961734,-4.735159060771546e-05,0.004729496221145311,0.10442001269281509,3.4242693955043677,-0.0003271343882555881,0.00047971314224982964,0.10442001269281509,0.12,0.0,0.0008364568868508429,0.12
38.156795543,3.427436451324004,-0.0006828218958197043,0.0017020159087753279,0.11999999999945388,3.430618759537706,-0.0067467853123586875,0.012554764124923862,0.11325056535019092,3.4294979416250015,-0.0016648274771324859,0.002812982657754154,0.11325056535019092,0.12,0.0,-0.000781388452484053,0.12
38.207605149,3.431516445379851,-0.0006758574087278356,0.001706627796236625,0.11999999999967592,3.431304996122653,0.013291639947529424,0.0055026185186368695,0.10678472427736513,3.4336728168180044,0.001524581102054303,0.0033600605661893877,0.10678472427736513,0.12,0.0,-0.004170063479080978,0.12
38.255894497,3.435596439522902,-0.0006689442988003681,0.0016710312892520755,0.11999999999969813,3.4443309720034057,0.019508811982313447,-0.0022529513618177385,0.13338848081828156,3.4407957649823655,0.005345331794314992,0.002712770227985238,0.13338848081828156,0.12,0.0,-0.009401512534547487,0.12
38.306339258,3.439676434156996,-0.0006623286879150671,0.0015548490141539144,0.11999999999969813,3.4153674538108567,-0.021876326084292123,0.009641656286598741,0.13570424397761147,3.44072373731378,-0.0004001077358493253,0.003180563530987893,0.13570424397761147,0.12,0.0,-0.006012284136241679,0.12
38.357596318,3.443756429691768,-0.0006562946166203914,0.001416331202393044,0.11999999999945388,3.456704307198398,-0.022257421179265664,-0.002473043154218703,0.14533910948764744,3.4513406517190615,-0.0050329257394609766,0.0028725683363960987,0.14533910948764744,0.12,0.0,-0.005350837948830385,0.12
38.406086708,3.447836425885312,-0.000650722647137828,0.001316014131952145,0.11999999999972033,3.450853154462636,-0.004094724279891384,0.0026800505775668995,0.12752498729720446,3.45677042339832,-0.004817037478544739,0.002401628906178064,0.12752498729720446,0.12,0.0,0.0012145095484905604,0.12
38.45584732,3.451916422364488,-0.0006453626364688594,0.0013198168149418984,0.11999999999972033,3.454885708482312,-0.02364868276407996,0.009188046951261589,0.10694786286242924,3.4594411670336678,-0.008791922830491732,0.0037209776928671377,0.10694786286242924,0.12,0.0,0.0040713215263503836,0.12
38.505890622,3.4559964187348657,-0.0006399205781301161,0.0013560796265195886,0.11999999999960931,3.4536273976495298,0.022187702660985895,0.010674462533477556,0.13154196362546502,3.4622392252640295,-0.002190612617218251,0.005858179180445921,0.13154196362546502,0.12,0.0,-0.0032042272607936367,0.12
38.556121592,3.460076414832995,-0.0006342781410012264,0.0013880590654465053,0.11999999999972033,3.456525853670883,-0.0246805157396943,0.0017632878686384816,0.10641337333942535,3.4649849081863846,-0.006948104324990143,0.0051377327292736735,0.10641337333942535,0.12,0.0,0.000264696767575264,0.12
38.605918336,3.4641564110040473,-0.0006286886048255688,0.001363800985103017,0.11999999999972033,3.4549459749288536,-0.006957115321776363,0.019667562763469263,0.10952659602849714,3.4687424909101607,-0.006890694937560859,0.00898606810668812,0.10952659602849714,0.12,0.0,-0.0015186990574062131,0.12
38.656524586,3.4682364071935488,-0.0006231124610839509,0.0013596575676716356,0.11999999999945388,3.4644171252701996,0.006367814538862111,-0.008617547138859058,0.144520150270147,3.473565236776168,-0.00406653682643216,0.005568474649238585,0.144520150270147,0.12,0.0,-0.0031264689448482876,0.12
38.707556142,3.476396400170765,-0.0006124097929143855,0.001258180909661776,0.11999999999972033,3.493873715674287,-0.0001371056312032797,-0.0034166141641494376,0.12613372828838162,3.481442067500236,-0.003232007021941222,0.004092778509243564,0.12613372828838162,0.12,0.0,-0.002383038633134571,0.12
38.756180041,3.476396400170765,-0.0006124097929143855,0.001258180909661776,0.11999999999972033,3.501015992011065,-0.008415211632694587,0.012436293142520025,0.11108352262479661,3.488927473156212,-0.00430139346995965,0.005069366547435991,0.11108352262479661,0.12,0.0,-0.002100581399417399,0.12
38.805654331,3.484556394132589,-0.0006024844866674905,0.0011923551572805126,0.11999999999972033,3.4924685994680895,-0.016775482994100106,0.0002852319517483592,0.10646425071569077,3.4942313558759723,-0.006934526260917059,0.004067711282743422,0.10646425071569077,0.12,0.0,0.0017784423822321802,0.12
38.856390795,3.488636391181003,-0.0005975769515686416,0.0012095519847845472,0.11999999999967592,3.497894036499553,0.01580921235429274,-0.01973913355216634,0.11196634257827652,3.502501994590564,0.0019967449413385795,-0.0003063135367873359,0.11196634257827652,0.12,0.0,-0.00377927828053143,0.12
38.907133313,3.492716388325179,-0.0005927501646302092,0.0011508956738495975,0.11999999999972033,3.485369609082249,0.011230536091469037,0.019373389797035147,0.12750158192798686,3.5034185622590086,0.003994256885254725,0.0033069657386268917,0.12750158192798686,0.12,0.0,-0.006596360763424505,0.12
38.955710061,3.496796385811857,-0.000588223126421874,0.0010530907030635635,0.11999999999972033,3.5188769953880303,0.01897547249666932,0.003300458782865032,0.09301411581355287,3.509715683303111,0.007184558845357739,0.0027452112666771417,0.09301411581355287,0.12,0.0,-0.011413893195221476,0.12
39.00616525,3.5008763838776193,-0.0005842554340797283,0.0008790169523858905,0.11999999999972033,3.4944394481555148,0.010357973859478602,-0.004594777068664695,0.1263559971047312,3.5114691711151442,0.007859051639024974,0.0006771968559251746,0.1263559971047312,0.12,0.0,-0.012555684689682704,0.12
39.060952485,3.5049563826822214,-0.0005811447139940132,0.0006448692547395841,0.11999999999945388,3.4947887241867233,-0.0029054098031286377,0.003301249025419347,0.11513208564294225,3.511761838482321,0.0055794626235892725,0.0023724456088105536,0.11513208564294225,0.12,0.0,-0.012028349684703718,0.12
39.105688262,3.509036382099975,-0.0005789815488415882,0.00041738593083213044,0.11999999999972033,3.505798807845709,0.002214320538014703,0.003223341986449669,0.09844312763901288,3.5143530872024127,0.004878554074864206,0.0014198501219449685,0.09844312763901288,0.12,0.0,-0.010757385407288635,0.12
39.155592246,3.513116381899571,-0.0005777292539569355,0.00019904708296193934,0.11999999999972033,3.544150517383727,0.03309133911373935,0.01070517662031699,0.10138011374453094,3.5244183650717886,0.010887442650190544,0.003110178713971502,0.10138011374453094,0.12,0.0,-0.014924831320380982,0.12
39.206629746,3.5171963818721195,-0.0005773139292303093,-2.2176700088662144e-07,0.11999999999947608,3.503230026940455,0.016864171614620893,-0.0008039521183156131,0.11802776269063477,3.5239632489967914,0.012160038370391126,0.0029316856210694847,0.11802776269063477,0.12,0.0,-0.019730724299955968,0.12
39.256725411,3.521276381804431,-0.0005779490310175376,-0.0003247358991110577,0.11999999999969813,3.5181636762369846,0.027969586266897824,0.005591068940675466,0.11333785447363459,3.5274602592907223,0.015534752755992967,0.003110089014012319,0.11333785447363459,0.12,0.0,-0.02353286538244828,0.12
39.305751093,3.5294363794689017,-0.0005838094922792032,-0.0011427627938492,0.11999999999972033,3.504219487567776,0.019419785228454257,-0.0018175919158775428,0.1340321895504581,3.52665378558084,0.015985398940105974,-0.0001656257516928612,0.1340321895504581,0.12,0.0,-0.02345314118053071,0.12
39.356969712,3.5335163756673555,-0.0005893559448193104,-0.0015725213649096135,0.11999999999972033,3.531982704257856,-0.004981568608306111,0.01601314172254904,0.09541179383289425,3.52665378558084,0.015985398940105974,-0.0001656257516928612,0.1340321895504581,0.12,0.0,-0.022631872706762188,0.12
39.406326895,3.5375963691737393,-0.0005966189558749358,-0.0019861487992962586,0.11999999999972033,3.5537403549773314,-0.001550060938210228,-0.0033996258618591508,0.09665462727864932,3.5395079858365976,0.008781462183256684,0.0005876087477947795,0.09665462727864932,0.12,0.0,-0.021100496395347154,0.12
39.455964283,3.5416763594122287,-0.0006055317192022398,-0.0023810792841455143,0.11999999999945388,3.535338769192399,0.0003363762884651619,0.0024233650180915975,0.09056042879524281,3.5416837895381534,0.0069940085222057816,0.0009633468504342632,0.09056042879524281,0.12,0.0,-0.015147372654353529,0.12
39.505642414,3.5457563461834014,-0.0006159150200433961,-0.0026932186553208816,0.11999999999972033,3.5491879551568384,0.005826142723723629,0.002585908459117458,0.13272949947259272,3.549571046422138,0.006754848789827484,0.0015517800779890566,0.13272949947259272,0.12,0.0,-0.01287656685947452,0.12
39.556050447,3.5498363299276274,-0.0006274286526797522,-0.002940707540006351,0.11999999999949829,3.5491879551568384,0.005826142723723629,0.002585908459117458,0.13272949947259272,3.549571046422138,0.006754848789827484,0.0015517800779890566,0.13272949947259272,0.12,0.0,-0.012094953503270974,0.12
39.605643146,3.553916310899008,-0.0006398867688360515,-0.003156473631763076,0.11999999999965372,3.526542039552284,-0.0018584554776216078,-0.004165856170881708,0.125605446428495,3.5523133198559163,0.0026271752033473687,-0.0024445546726994316,0.125605446428495,0.12,0.0,-0.004036595951480088,0.12
39.655632293,3.557996289743188,-0.0006530249881582507,-0.0032677676587650833,0.11999999999972033,3.554118697151877,-0.009074403851915477,-0.005163932171675566,0.12386380068851989,3.5572981680043227,0.0001271207230621454,-0.002941728201111523,0.12386380068851989,0.12,0.0,0.0008815649840975071,0.12
39.706515098,3.5620762677447604,-0.0006664229580197512,-0.0032872352644143527,0.11999999999945388,3.5625411229762043,0.013908033096696368,-0.00831884802066828,0.12168842162498905,3.5621939128473326,0.003032151987932143,-0.0047894228924835235,0.12168842162498905,0.12,0.0,0.002926745822557349,0.12
39.755734792,3.5661562459465292,-0.0006797597477118753,-0.0032436280011434717,0.11999999999972033,3.5833451400951666,-0.008904938111588517,-0.0074484999690010625,0.10773867945609436,3.5713674203965757,0.00047458732079605926,-0.006670294520830155,0.10773867945609436,0.12,0.0,0.006228078539314068,0.12
39.806041096,3.570236224901823,-0.0006928638244809088,-0.0031671200410969174,0.11999999999972033,3.578004875745801,0.0012977398091340326,-0.008342984234486,0.14577336259264997,3.578931991094725,0.0006009383448478276,-0.005771196134523305,0.14577336259264997,0.12,0.0,0.008149089880467336,0.12
39.856385813,3.5743162053520194,-0.0007054929963179138,-0.003021308512223639,0.11999999999972033,3.574352880590125,-0.0073548014605757835,-0.016015640077686546,0.11800232065637795,3.5813975238911735,-0.0011268779366466778,-0.008112375771988277,0.11800232065637795,0.12,0.0,0.011105902313986307,0.12
39.905877843,3.5783961876645427,-0.000717505262082951,-0.0028579308980287658,0.11999999999969813,3.577376959127412,0.02417344101527577,0.0028328117893370777,0.13354834381229655,3.5856902520506324,0.0042231183067706485,-0.005719786617623139,0.13354834381229655,0.12,0.0,0.005704636569103163,0.12
39.957774725,3.582476171945127,-0.0007288295710644418,-0.0027074647313083526,0.11999999999963151,3.576662187752003,0.011690726508405481,0.0009500683569416881,0.09897690428296907,3.5870472251343175,0.0057999294134705726,-0.00369226974678374,0.09897690428296907,0.12,0.0,-4.889225791156627e-05,0.12
40.006250688,3.5865561574960854,-0.0007396875239686248,-0.00263203952371954,0.11999999999972033,3.58545974586309,-0.03302792582543236,0.0067849211834584994,0.13811664608574759,3.5920403516366695,-0.0024374112546983054,-0.0018612014497798386,0.13811664608574759,0.12,0.0,0.0043748972063801525,0.12
40.056816604,3.5947161300483166,-0.000760850058682044,-0.0025033182618198575,0.11999999999972033,3.585691215406694,-0.004276789651599656,-0.015458318599434983,0.1270400686917112,3.595101964994004,-0.0028620237118356863,-0.005176134950986889,0.1270400686917112,0.12,0.0,0.009867546592792592,0.12
40.105641914,3.598796118087221,-0.0007707272808474009,-0.002331137989981604,0.11999999999949829,3.616311839571678,0.0009852458125063981,0.0008348146788752205,0.09699361914183155,3.606631736781234,0.00018325411346892712,-0.004240891110844749,0.09699361914183155,0.12,0.0,0.008263180951061374,0.12
40.15563926,3.6028761077918388,-0.0007798909901043045,-0.002169124379510228,0.11999999999960931,3.5821222731243174,-0.02552494479184445,-0.010942711245805906,0.15014136003341,3.6067253544669255,-0.005306604504048703,-0.006299944593765193,0.15014136003341,0.12,0.0,0.0118317907983294,0.12
40.207756374,3.6069560988684057,-0.0007884216248895456,-0.0019924426508386075,0.11999999999972033,3.6222479138566532,-0.008502747136680887,0.000668217055510156,0.12498918291284572,3.6145231437127436,-0.0059998681070754034,-0.004634663755124227,0.12498918291284572,0.12,0.0,0.014918013060282079,0.12
40.257096216,3.611036091773439,-0.0007960239798524824,-0.0017276016971116024,0.11999999999972033,3.609930407110618,-0.0015465560145380172,0.0001853628068659277,0.11357980132402144,3.6168734629574275,-0.005062590595462381,-0.003182316870730239,0.11357980132402144,0.12,0.0,0.013939120825602135,0.12
40.306034663,3.61511608660665,-0.0008025090781360214,-0.0014554612393070832,0.11999999999945388,3.606071608166522,0.0034979458070442857,0.006071945747032466,0.08909605908312591,3.6185046152994405,-0.003243031762261801,-0.0008069897307602083,0.08909605908312591,0.12,0.0,0.010002030763143273,0.12
40.355797133,3.6191960829817633,-0.0008079402690229663,-0.0012179805513441865,0.11999999999969813,3.596620521046602,0.0322225217035107,-0.001987258744333096,0.14015319737426524,3.618123142213707,0.004275758407741942,-0.00028987425172700797,0.14015319737426524,0.12,0.0,-0.0006936438838606822,0.12
40.405549255,3.6232760803221677,-0.0008125964805711954,-0.0010964710136063091,0.11999999999972033,3.640894277525636,-0.02502607885146543,0.010838494355815232,0.13301020663673324,3.6277248707678154,-0.0019224612247828394,0.0020651164814701802,0.13301020663673324,0.12,0.0,-0.0006745108273564791,0.12
40.456472606,3.627356077883741,-0.000817057119104364,-0.001098890013819973,0.11999999999945388,3.6374086090563402,-0.0016002155797974313,-0.0023395432391868196,0.13713991246788307,3.6343042564864905,-0.0018520479595471346,0.0006193708785279605,0.13713991246788307,0.12,0.0,0.0008648691571433974,0.12
40.506346065,3.631436075399148,-0.0008215597943193223,-0.0011038298952919664,0.11999999999945388,3.631688796180027,-0.013836026288009355,0.0049261413334811925,0.1610471447603125,3.640234507110519,-0.004382994274708294,0.002060893788556995,0.1610471447603125,0.12,0.0,0.001964112697256227,0.12
40.555674241,3.6395960706293415,-0.0008303815455673186,-0.001046920024442322,0.11999999999969813,3.6232410276320883,-0.0013628370409807093,-0.002673084195822368,0.11222147934871657,3.642661889618778,-0.003398712073117563,0.0009887571715311311,0.11222147934871657,0.12,0.0,0.0025360427403031205,0.12
40.606604394,3.643676068488679,-0.0008345606207919872,-0.0010001136055141464,0.1199999999995649,3.637416421517087,-0.02916607282039411,-0.005811044760993424,0.13509464521362766,3.6463116551329113,-0.008875951490481428,-0.0006309924764896583,0.13509464521362766,0.12,0.0,0.0074878219953057,0.12
40.655696766,3.647756066628189,-0.0008384542609812902,-0.0008804338842050833,0.11999999999974253,3.6287209952597466,0.006312803215360142,-0.01597473142489117,0.09473735142544826,3.6462096590582016,-0.0056830690326989414,-0.004266057157385591,0.09473735142544826,0.12,0.0,0.012345711762499855,0.12
40.705590883,3.6518360653751936,-0.000841642258505926,-0.000670952722651682,0.11999999999972033,3.6363534195946245,-0.003910037037137578,0.002450124787706908,0.13631119307627032,3.649514307528743,-0.005317387412559262,-0.0022681686626417176,0.13631119307627032,0.12,0.0,0.012387503307319345,0.12
40.756292125,3.6559160647549676,-0.0008438735889488573,-0.00042846094774821744,0.11999999999945388,3.6672839388054794,0.008072817483889827,-0.014112045485611296,0.1549921372052859,3.6575657045023275,-0.0025110712277072174,-0.004043532603744432,0.1549921372052859,0.12,0.0,0.010846637886905371,0.12
40.805589712,3.6599960645406124,-0.0008451710984685078,-0.00021140762171676313,0.11999999999960931,3.65690361850894,0.050696904921794426,-0.004028787748747076,0.11159768364801784,3.662225447148921,0.00876025033957781,-0.0036529366350853934,0.11159768364801784,0.12,0.0,0.0027189972575824605,0.12
40.860798708,3.6640760645012884,-0.0008457193672771049,-9.341833785955287e-05,0.11999999999972033,3.6855479954882147,-0.015075893077231126,0.0022596207121647898,0.13716778018425987,3.6721445470005176,0.0036966020462427278,-0.002621946023983204,0.13716778018425987,0.12,0.0,-0.0014897139120045374,0.12
40.906035774,3.6681560644842968,-0.0008460907589236975,-0.00010268046077456225,0.11999999999945388,3.665651985938294,-0.015803696319154,-0.0024307304886156526,0.11915957051364026,3.675117134063932,-0.00045190586558926374,-0.0029028990871111425,0.11915957051364026,0.12,0.0,0.0018053040638481136,0.12
40.957751857,3.6722360644575076,-0.0008465575303188373,-0.00012438785729640542,0.11999999999972033,3.668175744849643,-0.010814303496193212,0.006893096986719327,0.09596685634580823,3.67622845463918,-0.0026407821422864013,-0.001307293684951188,0.09596685634580823,0.12,0.0,0.004704015906925171,0.12
41.005801406,3.680396064429412,-0.0008471414434755881,2.6957958622898492e-05,0.1199999999995649,3.674127488573723,-0.012253953618712541,-0.0042776810124028454,0.1082304309530242,3.6827289654250874,-0.007680699055381266,-0.0039017913550807547,0.1082304309530242,0.12,0.0,0.013145078285740842,0.12
41.055840145,3.684476064387039,-0.0008466157013983011,0.00025014348661602854,0.11999999999972033,3.6979861823931515,0.002451091464185789,0.00403218475195442,0.12017644203048077,3.690595871962315,-0.005535335180996807,-0.0017947656769046626,0.12017644203048077,0.12,0.0,0.01303275021219278,0.12
41.107708528,3.6885560640780204,-0.0008450561651766806,0.0005057519441909045,0.11999999999945388,3.697910322413897,-0.021668409611073962,-0.012143183540647182,0.10902311162171348,3.696184345635381,-0.008986489375875697,-0.0032277760688802994,0.10902311162171348,0.12,0.0,0.014686105087917418,0.12
41.155873874,3.6926360632779827,-0.0008425174971030813,0.0007513136725684102,0.11999999999972033,3.6908685668731147,-0.0043396133610850395,-0.006039547482165397,0.10404658096450763,3.698088252845297,-0.008015425078379556,-0.0034958547110729215,0.10404658096450763,0.12,0.0,0.016628413401747484,0.12
41.207659186,3.6967160616216947,-0.0008388582019298676,0.0010489428494503293,0.11999999999945388,3.715394276789968,0.021703152587620036,0.002089918199170931,0.10736243889140287,3.706180585248074,-0.001713476132694165,-0.002837582937490494,0.10736243889140287,0.12,0.0,0.012428593983484306,0.12
41.255999845,3.7007960586709583,-0.0008339631642621995,0.0013322352154604307,0.11999999999945388,3.706537667134367,-0.026097958799562178,0.010322298429869595,0.10092322054130627,3.709980189100312,-0.006872925011227148,-0.0015232309495282368,0.10092322054130627,0.12,0.0,0.011079714767151014,0.12
41.307029131,3.7048760544725448,-0.0008281144201912324,0.0015303380212731313,0.11999999999960931,3.6807981461974997,0.00020551407359923788,0.001223125140368583,0.1684748978480195,3.7095489668856407,-0.005372337684685835,-0.0015895437652994413,0.1684748978480195,0.12,0.0,0.009972493376767083,0.12
41.356396543,3.713036042265678,-0.0008140285763881226,0.0019118235579521307,0.11999999999972033,3.705556887243984,-0.003329017206166809,-0.0023104610351854416,0.11462192080328763,3.712906647092614,-0.004947661638585899,-0.0014005592253295506,0.11462192080328763,0.12,0.0,0.009469258403593788,0.12
41.409723064,3.7171160341030616,-0.0008058698505968608,0.0020849488693114177,0.11999999999947608,3.7169806577345677,-0.013253176605759929,-0.0009570230878431012,0.1334709364076718,3.7124879001013293,-0.007441775324878515,0.001500301116424808,0.11581411818093205,0.12,0.0,0.00852884525197774,0.12
41.455818476,3.7211960245385245,-0.000797037446141778,0.0022452967501647787,0.11999999999947608,3.7059155678105835,-0.007423914619481857,-0.005130438635651106,0.15336462396013903,3.7207962279605864,-0.008415956629948759,0.000318937530749176,0.15336462396013903,0.12,0.0,0.00984657205372214,0.12
41.506310214,3.725276013435148,-0.0007875211700248218,0.0024225468067477045,0.11999999999945388,3.7488106162519035,-0.02395578638119906,0.0037754564541406885,0.12162985201558835,3.7308264134732974,-0.011704424090994817,0.0005423513101764259,0.12162985201558835,0.12,0.0,0.012593991237446422,0.12
41.55807115,3.7293560004847226,-0.0007772439892499604,0.0026246742098139306,0.11999999999947608,3.7358110017774746,0.009416828195596276,0.01682057059029926,0.14600143569519705,3.736377008491594,-0.007189422602642332,0.0046454294164141735,0.14600143569519705,0.12,0.0,0.008646453415385922,0.12
41.606313275,3.733435985089535,-0.0007660395944535307,0.00286539468395626,0.11999999999967592,3.7403888064876885,-0.009625346391494675,0.0008356017815457879,0.13413280701321773,3.7416207261865724,-0.00769296526939547,0.0036643244763827666,0.13413280701321773,0.12,0.0,0.005874693196948991,0.12
41.65585342,3.7375159674301908,-0.0007540366574434232,0.003010143754834516,0.11999999999972033,3.734111829685406,0.007226936391363467,0.0027240495460281373,0.11814561239924594,3.7444824553496554,-0.004512015723943643,0.0033681364563387796,0.11814561239924594,0.12,0.0,0.0036649798872798005,0.12
41.706909795,3.74567592849256,-0.0007288301600543816,0.003151547265811202,0.11999999999972033,3.7611881542974865,-0.009965624663973724,0.0113166330941066,0.11711890365915519,3.754486719681196,-0.009935885517537227,0.005079436972259739,0.11711890365915519,0.12,0.0,0.004843788628623168,0.12
41.756163922,3.749755907616993,-0.0007157790716389472,0.003248798000180083,0.11999999999972033,3.7409484605254018,-0.007559676752841198,-0.00019967966372322517,0.10639210685654904,3.7558059899360026,-0.00941793676835025,0.0031460163472269787,0.10639210685654904,0.12,0.0,0.006892785548087514,0.12
41.806017878,3.753835885341139,-0.0007022975633266389,0.003366219882427536,0.11999999999947608,3.7533905819100224,0.02374938271990302,0.016318663070225198,0.13612974351584534,3.7603989411328547,-0.002338382559034716,0.006318664480847812,0.13612974351584534,0.12,0.0,0.0010773340339824402,0.12
41.856064631,3.757915861481198,-0.0006883445225184912,0.0034432932538671513,0.11999999999972033,3.77093114679296,0.018975551459525522,0.0027676722191505875,0.10713044404156222,3.7659793901432552,0.002199006456091326,0.005763346082866342,0.10713044404156222,0.12,0.0,-0.006956905803259377,0.12
41.906417911,3.7619958376080818,-0.0006743874944935128,0.0033786927685862246,0.11999999999969813,3.740885922948066,0.007830369588358995,-0.005239154441578171,0.09289589529358477,3.7642578816094745,0.0033955587337431495,0.0036420021972401457,0.09289589529358477,0.12,0.0,-0.010042110570322487,0.12
41.956106952,3.7660758153751552,-0.0006609197235659522,0.003214362795364928,0.11999999999969813,3.772204968532976,-0.0012952118075433528,-0.021232487042915034,0.12692847078874836,3.769731525081462,0.002371409351198379,-0.001424370215094518,0.12692847078874836,0.12,0.0,-0.0037417387012738277,0.12
42.008035353,3.77423577654428,-0.0006357501986645664,0.003016630233431265,0.11999999999972033,3.7607463839202757,0.004643091290055265,-0.0074656142776803255,0.11462305340853797,3.7723137663894772,0.0028373039484912645,-0.003183947971283204,0.11462305340853797,0.12,0.0,-0.00038259716343145455,0.12
42.057428763,3.7783157580853786,-0.0006234773043816608,0.0029985357629190015,0.1199999999995649,3.779304276173196,-0.01736065846522084,0.0031961776055047155,0.12228474651881685,3.7850538589306444,-0.0011173603862683385,0.0010260537158381074,0.12228474651881685,0.12,0.0,-0.0014155188344730566,0.12
42.106845041,3.782395739996409,-0.0006113280771335412,0.0029638488805284594,0.1199999999995427,3.7763942240636097,0.006245998673640718,-0.008042689919013642,0.11993774912305773,3.7885887253885886,0.00043176028719655647,-0.00019335453425507594,0.11993774912305773,0.12,0.0,-0.0004838012230841737,0.12
42.15644808,3.7864757221488543,-0.0005992601262974577,0.0029532569619244234,0.1199999999995649,3.796749461152683,0.01125950963330104,0.008685492438926183,0.10468926388673784,3.7941710588239816,0.00274522453483665,0.0015826794179950368,0.10468926388673784,0.12,0.0,-0.0031409813203771447,0.12
42.205755848,3.790555704477338,-0.0005872519016478572,0.0029204260593674665,0.11999999999972033,3.7988795604589782,-0.009529328981413102,0.0038710332084042516,0.13858729031931863,3.799365040506758,0.00015289652330616578,0.0013745014212312029,0.13858729031931863,0.12,0.0,-0.0036399665603470913,0.12
42.255756314,3.7946356875376743,-0.0005754952938698093,0.0028421762813527927,0.11999999999974253,3.7978870060898875,0.0010994737497870455,-0.004531064342711338,0.1128315298371256,3.8023699420733466,0.0003470365972437453,0.0007226498088442493,0.1128315298371256,0.12,0.0,-0.00225162456491968,0.12
42.308416252,3.7987156714007235,-0.0005640204011375286,0.0027880579886746647,0.11999999999972033,3.808433336088489,0.003504753622980428,0.0056988588021012485,0.1242347650048233,3.808428179919891,0.0010287937049442046,0.0021994451887203774,0.1242347650048233,0.12,0.0,-0.003317943443848526,0.12
42.357576441,3.8027956557665736,-0.0005527256104150617,0.0027476592480368744,0.11999999999972033,3.8204296323859035,-0.020432460342039497,-0.013761645423865598,0.1303969653957033,3.8158411352763704,-0.0035468088845405058,-0.0009273426641085787,0.1303969653957033,0.12,0.0,0.00344115026756704,0.12
42.406180237,3.806875640608703,-0.0005416041668727512,0.0027241834297465914,0.11999999999972033,3.8085433299503513,0.002231058419410448,0.007970086974882514,0.09449305632617597,3.817391277010408,-0.0023084186009459215,0.0010872884247574792,0.09449305632617597,0.12,0.0,0.002193207290949989,0.12
42.455978782,3.8150356091568827,-0.000518949345857657,0.0028151593817097313,0.11999999999972033,3.8023583486400976,-0.015202758327390476,0.006696283529577413,0.13138132659486187,3.8237794008090633,-0.005934619859284518,0.004234160751806047,0.13138132659486187,0.12,0.0,6.3061199735494635e-06,0.12
42.505811336,3.8191155929399545,-0.0005074458795681372,0.0028217154927908106,0.11999999999963151,3.8489116960759575,-0.02183571375754467,0.003944525261092362,0.12105329345304244,3.8340318855370294,-0.009287983921066039,0.0038340375043115363,0.12105329345304244,0.12,0.0,0.0009724057238847538,0.12
42.557578148,3.8231955766114547,-0.0004959029271840855,0.0028393285355561345,0.11999999999952049,3.823356443274609,0.0022613319820494714,0.008017355313625794,0.13307340690181962,3.8366142467052753,-0.006811215024003316,0.005281872291395831,0.13307340690181962,0.12,0.0,0.005090531369725376,0.12
42.605677973,3.827275559705578,-0.00048415809237871714,0.002923140628746412,0.11999999999969813,3.841012486601508,0.012652191356857918,0.011566009982964079,0.0945963812307286,3.841071940409606,-0.0026512202295123147,0.006952304543257496,0.0945963812307286,0.12,0.0,0.0021634446867167764,0.12
42.655740689,3.8313555419541885,-0.0004721228231075633,0.0029717608118511175,0.11999999999972033,3.8115072669417263,-0.03057610855941988,0.0088830915263091,0.1153868243737274,3.8388254020002,-0.008546293789410155,0.007635708835790295,0.1153868243737274,0.12,0.0,-0.0011910410828002871,0.12
42.706542947,3.83543552408409,-0.0004600473130397901,0.0029442197717658883,0.1199999999995427,3.820656100778921,-0.011214442228605619,0.007026614377592367,0.14848863421323155,3.839382547551771,-0.00907873925114316,0.006995692301066212,0.14848863421323155,0.12,0.0,3.259175276186895e-05,0.12
42.758469529,3.8395155065062676,-0.0004480709069119892,0.00292881677675406,0.11999999999972033,3.849494296376947,0.00031943615160643523,-0.002158019760285632,0.12167488383739752,3.8452472449943773,-0.007073403381960936,0.004481398248450527,0.12167488383739752,0.12,0.0,0.0019125954500713049,0.12
42.809796156,3.8476754711319656,-0.0004240440383175905,0.002978083224112479,0.11999999999945388,3.873671744986461,0.01350378930722349,0.01573271769642684,0.1252593475650872,3.856455656619803,-0.002660587671416582,0.006619467691179839,0.1252593475650872,0.12,0.0,-0.0018472914133597913,0.12
42.856128412,3.8476754711319656,-0.0004240440383175905,0.002978083224112479,0.11999999999945388,3.85367623909551,-0.0177177458638827,0.01498968373749494,0.13813522717895793,3.860063176570269,-0.0058128595604893885,0.008745128363918064,0.13813522717895793,0.12,0.0,-0.004803467072166447,0.12
42.906297158,3.851755453300661,-0.0004119817986408259,0.002921642448294252,0.11999999999969813,3.8476791949061515,0.0047600087317993195,0.012378203297434465,0.11551343216638568,3.8627670123457545,-0.0035171545523765752,0.010370431705208842,0.11551343216638568,0.12,0.0,-0.009556053701431314,0.12
42.956072494,3.855835436476851,-0.0004002658224107704,0.002807471288436617,0.11999999999972033,3.8585545285235403,0.0026110192473016345,0.002090465145800271,0.11856680163965222,3.8663221291211127,-0.002184798501158116,0.007611491597240441,0.11856680163965222,0.12,0.0,-0.009240943552956899,0.12
43.006117918,3.8639954080761734,-0.000378751623230356,0.002479222497201502,0.11999999999972033,3.871891906378818,-0.0066926098117700865,-0.003953647777992079,0.1184657170170467,3.8640962416609583,-0.0027875919778082682,0.004877069952156322,0.1352784597949006,0.12,0.0,-0.005580539515712003,0.12
43.056840078,3.8680753961056,-0.0003688691168722931,0.0023748515982124022,0.11999999999972033,3.8577315450949423,-0.01726544304598565,0.018983353360218762,0.11837208826111553,3.8712942078172667,-0.0064672332720450715,0.005063517860087047,0.11837208826111553,0.12,0.0,-0.002219327899182237,0.12
43.106174184,3.87215538473416,-0.00035923635131092574,0.0023530981502197113,0.11999999999974253,3.8883340332289,-0.007909053662312428,0.012680796222105639,0.11746069968647267,3.8785482900662314,-0.006739670669174726,0.006071800284378538,0.11746069968647267,0.12,0.0,-8.139951683789926e-05,0.12
43.155682502,3.8762353734366775,-0.0003496349322074188,0.0023531231141250457,0.11999999999969813,3.8925521228675795,0.009667015571878445,-0.003659175909189981,0.10813648410787588,3.8852147006260678,-0.0032527009357911038,0.0041024095265125805,0.10813648410787588,0.12,0.0,-0.000933248475252079,0.12
43.207472661,3.8803153621546307,-0.0003400400759304363,0.0023476793113850532,0.11999999999969813,3.888983901860692,-0.0029871378007718537,-0.02424756623721512,0.11710242095014606,3.890683932035865,-0.003229840841729426,-0.0019181007937921642,0.11710242095014606,0.12,0.0,0.0026783723858976676,0.12
43.255855801,3.884395350951947,-0.00033047905115109535,0.0023565936543126446,0.11999999999972033,3.8835893376037873,-0.02682083604435249,0.00021056490318544605,0.09802759466821002,3.893279220962871,-0.008241070839635998,-0.0010275902534933761,0.09802759466821002,0.12,0.0,0.008850618388997845,0.12
43.30648975,3.8884753391685543,-0.00032067421691589997,0.002469737585471077,0.11999999999945388,3.921300284572368,-0.026881505357604224,0.01407235468160049,0.1356056808491572,3.9047372917225656,-0.012173209998491462,0.0028626071520855174,0.1356056808491572,0.12,0.0,0.011483248679646552,0.12
43.357006552,3.8925553256987913,-0.0003101930667103712,0.0026731052605190385,0.11999999999969813,3.9065496671497053,0.002486412860645595,0.004973794895110613,0.12254713408623083,3.909185320418963,-0.00904602436047617,0.003137564829651388,0.12254713408623083,0.12,0.0,0.009884124807067978,0.12
43.405764438,3.896635309942267,-0.0002988566835163967,0.002877134080109981,0.11999999999972033,3.8998068232809806,-0.00480579792500982,0.010192379405924264,0.10817682793010594,3.912079963424052,-0.008113685476466393,0.003538688648157635,0.10817682793010594,0.12,0.0,0.007560515086553567,0.12
43.456225722,3.9007152920610095,-0.0002867788327000058,0.003037516210939147,0.11999999999969813,3.9121600301746198,-0.003665054919741258,-0.01778330680939217,0.1243155568740044,3.915538227908708,-0.007196845076791543,-0.0008868018470493933,0.1243155568740044,0.12,0.0,0.010268884528251643,0.12
43.506107183,3.9047952722834234,-0.00027407655343521345,0.003200560367280417,0.11999999999949829,3.899901697035029,0.014016195680612213,-0.007314025993270933,0.11615029104610604,3.9170294234090464,-0.0027099740106209325,-0.003028055406773763,0.11615029104610604,0.12,0.0,0.009841991658351184,0.12
43.556086446,3.908875250096285,-0.00026062315910061823,0.0033929491169498952,0.11999999999967592,3.8823161998018905,-0.009634698268942815,-0.005357809102980679,0.12442058453908984,3.915310392720454,-0.004201712585546059,-0.0034990509048041887,0.12442058453908984,0.12,0.0,0.010276645786069875,0.12
43.605695634,3.9129552253611832,-0.0002464177628600881,0.0035736883220439976,0.11999999999972033,3.9090990549654485,-0.01563965443384908,0.0051565562080147535,0.10868770340738826,3.919060500035983,-0.006627533969996383,-0.0018140616276846328,0.10868770340738826,0.12,0.0,0.011519164314204314,0.12
43.655791182,3.917035197801506,-0.00023142353156498997,0.0037800225365949014,0.11999999999972033,3.892925259009322,-0.010737813685771645,0.003448130117690413,0.10495078676074862,3.9173728008053716,-0.007499485330526082,0.0005622950492781185,0.10495078676074862,0.12,0.0,0.011011576380991787,0.12
43.709500094,3.92111516693952,-0.000215556333243911,0.003994624486493353,0.11999999999972033,3.924206138188686,0.006504700077701016,0.013238777726729285,0.11638850519619261,3.924554448290483,-0.004497626344081603,0.0036995179116572257,0.11638850519619261,0.12,0.0,0.010243878560816514,0.12
43.755905323,3.9251951327956855,-0.0001988661510834445,0.004181278168226344,0.11999999999943167,3.919335757207636,0.0025571819160637474,0.003248034356149749,0.08556478212033641,3.926410140294465,-0.0029912244737700156,0.003962324851224563,0.08556478212033641,0.12,0.0,0.0058291606848191475,0.12
43.806418286,3.929275096356665,-0.00018162279786994564,0.004255359828869966,0.11999999999972033,3.9506349576402044,-0.029698748234066912,0.0019909574480424454,0.14113449608006412,3.936638779685845,-0.008641772631977247,0.0031384660479260463,0.14113449608006412,0.12,0.0,0.0032547220201048555,0.12
43.860798833,3.9333550592412894,-0.00016421995703120524,0.004285762810643668,0.11999999999945388,3.933012551905828,-0.014689878595414076,0.011647949579064372,0.157201772601951,3.9410466029243283,-0.009891507577711844,0.005095000646966331,0.157201772601951,0.12,0.0,0.004792987888939525,0.12
43.905962119,3.9374350210679845,-0.00014657110110881982,0.004370048361582313,0.11999999999972033,3.9429485982609465,0.008166711491553248,0.0018580864892193845,0.10212325243386544,3.9468922899427077,-0.0060415040246985675,0.005449149753626176,0.10212325243386544,0.12,0.0,0.004865116964736753,0.12
43.956307108,3.9415149813210824,-0.00012856212848448334,0.004450706597397323,0.11999999999969813,3.9429485982609465,0.008166711491553248,0.0018580864892193845,0.10212325243386544,3.9468922899427077,-0.0060415040246985675,0.005449149753626176,0.10212325243386544,0.12,0.0,0.0014961000224155184,0.12
44.006485408,3.9455949405340354,-0.00011031880553816197,0.004486722175677408,0.1199999999995649,3.9324857961131388,-0.004735225669896564,0.00957993636829118,0.15907131500785573,3.95189068401387,-0.0040829439692191966,0.005303455461267654,0.15907131500785573,0.12,0.0,0.0013979600188703811,0.12
44.061681448,3.9496748992425608,-9.196299064416422e-05,0.0045049945861510045,0.11999999999969813,3.95755876654642,0.031201739822129544,0.003415445851955602,0.14394085506004636,3.959631797640879,0.003436400235197771,0.004675391992643603,0.14394085506004636,0.12,0.0,-0.0017552247244946861,0.12
44.1062589,3.9537548580547446,-7.363024539493808e-05,0.004472852808938271,0.11999999999969813,3.956194476857426,0.001639430185832748,-0.007585691266913941,0.1502871320937241,3.963336006729408,0.0030456837900034364,0.0026750376924052684,0.1502871320937241,0.12,0.0,-0.006414515161108031,0.12
44.159354593,3.9578348183696037,-5.56356449710532e-05,0.004342884200789111,0.11999999999947608,3.970198170880067,-0.007548794493276566,-0.0022361450863526214,0.1374966007954733,3.9706167644059884,0.0008048475389511576,0.0003531666708265491,0.1374966007954733,0.12,0.0,-0.005013732468523743,0.12
44.205723125,3.9619147810152175,-3.8177344930786784e-05,0.004229925718513009,0.11999999999972033,3.9814657389550385,0.007087841220791257,0.008665802147484495,0.11832405183334692,3.9773974711930413,0.002160883888018617,0.0012782276550368794,0.11832405183334692,0.12,0.0,-0.004216873349113522,0.12
44.255644968,3.965994745092109,-2.1056469503163587e-05,0.004159487225296067,0.11999999999945388,3.9606561217986673,-0.020888843066492472,-0.01236804238795588,0.1284157216116504,3.9777880211575574,-0.002752111372263825,-0.0022310859555566605,0.1284157216116504,0.12,0.0,0.0007846430700643404,0.12
44.305837015,3.9700747103882197,-4.228592051943705e-06,0.004111030443986837,0.11999999999972033,3.970145365094125,0.018724316390280507,-0.00028870515213910014,0.1228552969727183,3.9808533905192265,0.0017991238344113353,-0.0018011723397969475,0.1228552969727183,0.12,0.0,0.0022291685828791626,0.12
44.355984131,3.9741546754613193,1.2653249262932842e-05,0.0041666917337641355,0.11999999999963151,3.966408896896381,-0.02155079245920357,-0.0027152663145889044,0.10278720435435257,3.9815597816942416,-0.0031656911791487826,-0.0015550772789664643,0.10278720435435257,0.12,0.0,0.003947027568361644,0.12
44.405745408,3.978234639752133,2.972323185536438e-05,0.004198926882528898,0.11999999999949829,3.958280742435084,-0.0033302507938729967,-0.004644269010020645,0.10814398430934435,3.9801620840292404,-0.00321006285122056,-0.002894231586921804,0.10814398430934435,0.12,0.0,0.007633150396399974,0.12
44.455836319,3.9863945641541574,6.484321676001913e-05,0.004436363439005893,0.11999999999972033,3.9866994732195926,0.00015744265416995552,-0.003240972276035396,0.110128452505136,3.9863229847643957,-0.001592080298995342,-0.002262304466418797,0.110128452505136,0.12,0.0,0.007441089837332394,0.12
44.505678155,3.990474522745626,8.32243549278157e-05,0.0045710489869291,0.11999999999949829,4.004224742744503,-0.019261967232266333,0.005929528414188894,0.1066455175056085,3.994081876489408,-0.005335819767301627,-0.0010019741405599795,0.1066455175056085,0.12,0.0,0.00788178092434834,0.12
44.55603351,3.990474522745626,8.32243549278157e-05,0.0045710489869291,0.11999999999949829,4.004224742744503,-0.019261967232266333,0.005929528414188894,0.1066455175056085,3.994081876489408,-0.005335819767301627,-0.0010019741405599795,0.1066455175056085,0.12,0.0,0.008851140414530573,0.12
44.608641419,3.9986344318158826,0.00012173932493391865,0.0048900584347984655,0.11999999999974253,3.985964010301504,-0.007082274917907634,-0.014042661195285853,0.11869716399345794,3.9981170237492925,-0.005738961323178526,-0.0035679036112835245,0.11869716399345794,0.12,0.0,0.012290139835695747,0.12
44.655866019,4.002714380824823,0.00014213579818618614,0.005101595563289628,0.1199999999995427,3.985826517080068,0.00605214274145314,0.00461706373495277,0.10384027307725639,3.9980843344657684,0.002736064175776754,-0.0005201692953527425,0.10384027307725639,0.12,0.0,0.0023963046866395388,0.12
44.705931286,4.006794326537117,0.00016318267386511892,0.005195272396575218,0.11999999999972033,4.018045693606048,0.02420228331251393,0.00013464445535827773,0.12820051564828636,4.006758177904583,0.007290062695436569,-0.0002676737771463662,0.12820051564828636,0.12,0.0,-0.004393348847026248,0.12
44.758341875,4.010874271443987,0.00018438541599098349,0.005177948565998388,0.11999999999967592,4.013956655030651,0.016927018712938034,-0.005461323441619395,0.1106886504569012,4.011667431137502,0.009326271095516706,-0.0018155064243904888,0.1106886504569012,0.12,0.0,-0.008399904626053275,0.12
44.810108493,4.0190341669844,0.00022566870903106153,0.004884502322742036,0.11999999999945388,4.032947099279222,-0.012565064480577114,0.005193111342252144,0.12322923727025953,4.021914580486667,0.007784008269652686,0.0013407812415205207,0.12322923727025953,0.12,0.0,-0.013522485191415756,0.12
44.857298332,4.023114120747435,0.0002450905160237826,0.00463686279777275,0.11999999999972033,4.023186056392752,-0.011778590741031164,0.010652165167168836,0.15708682886926867,4.027333624951102,0.0036586678992648267,0.00247854833225868,0.15708682886926867,0.12,0.0,-0.011194187997256435,0.12
44.906878334,4.027194079100606,0.0002635231600232638,0.004407693808725458,0.11999999999972033,4.016413235612491,-0.010464961058664297,0.0017527585902172302,0.12507508897999686,4.028740492388108,0.0006717454645813257,0.0013128756802300262,0.12507508897999686,0.12,0.0,-0.00692679057250175,0.12
44.960144473,4.031274041116614,0.00028112736661405367,0.004239765265540417,0.11999999999972033,4.039903131994567,-0.0068291225489238005,0.014197422631560227,0.11896355302190476,4.036292712323,-0.000888880881650325,0.004421602870909633,0.11896355302190476,0.12,0.0,-0.005467669979635556,0.12
45.005751346,4.035354005336553,0.0002982139231736028,0.00413820797939644,0.11999999999945388,4.0371685544929585,0.009020297014880068,0.005165908391337858,0.14660881941474818,4.0427621909135345,0.0012431603247429397,0.00471564674895814,0.14660881941474818,0.12,0.0,-0.007240994355404467,0.12
45.056969852,4.039433971292984,0.00031488057473978606,0.00402529287930322,0.11999999999972033,4.019881573675079,-0.027869457397093483,0.009808100045114457,0.12737529297948355,4.042226004639001,-0.004902390147280687,0.005226265148367781,0.12737529297948355,0.12,0.0,-0.005176633718875816,0.12
45.106389671,4.043513939381392,0.0003310165327296917,0.003889050567849367,0.11999999999972033,4.026649582842758,0.028680387225592217,0.018832480597218114,0.10981245995175243,4.042478796007615,0.002270905877393554,0.00734623816130138,0.10981245995175243,0.12,0.0,-0.012027879089134691,0.12
45.155605537,4.047593909502051,0.00034663010585791527,0.003744824066606978,0.11999999999972033,4.045003731086933,-0.016135861219250997,0.006355785710697517,0.11689012996374719,4.047224808541378,-0.0016055996914796909,0.00688435070054855,0.11689012996374719,0.12,0.0,-0.0097409512839613,0.12
45.206757543,4.051673882514283,0.0003614678426373218,0.0035354338985020997,0.11999999999945388,4.044001630353923,0.019325772658091635,0.003083767889196867,0.11907827713726898,4.050602172824174,0.0028582054957842834,0.00565157436379417,0.11907827713726898,0.12,0.0,-0.012056344328731476,0.12
45.258883228,4.055753858340889,0.0003755107576682462,0.003342483989811922,0.11999999999945388,4.048720887340442,0.005625685831637585,0.01219497564710152,0.11544318235182115,4.054285638081024,0.00348076190289432,0.006954309695348621,0.11544318235182115,0.12,0.0,-0.013854166751195933,0.12
45.306418663,4.063913819092965,0.000400789477408443,0.0028303739896456035,0.11999999999945388,4.076594521406968,0.009056086656655159,0.024693177766807396,0.11543309411722232,4.068349885998162,0.004161729929427574,0.009916358495035252,0.11543309411722232,0.12,0.0,-0.014535674071171565,0.12
45.356357348,4.067993804296883,0.000411772322103056,0.002540634523000504,0.11999999999972033,4.070397120162054,0.004712237993448203,0.0015654595633520225,0.12709249515299303,4.0735741854975975,0.00431077852683109,0.007709167483523931,0.12709249515299303,0.12,0.0,-0.019570670508581328,0.12
45.405935665,4.072073792815691,0.00042144272468135486,0.00219345526359747,0.11999999999967592,4.078661092059237,-0.003871224743298647,-0.00013506562220715404,0.09814623721340272,4.0735741854975975,0.00431077852683109,0.007709167483523931,0.12709249515299303,0.12,0.0,-0.018691670101520327,0.12
45.456738375,4.076153784461167,0.0004296899761216755,0.0018624751246336848,0.11999999999972033,4.078661092059237,-0.003871224743298647,-0.00013506562220715404,0.09814623721340272,4.078905257922338,0.002594057153675969,0.0052483619567504376,0.09814623721340272,0.12,0.0,-0.01576290152739248,0.12
45.505781634,4.080233778391321,0.0004367202026736686,0.0015797856774978313,0.11999999999972033,4.080414770826139,-0.003040998048939176,0.006166495890107804,0.12299869586807513,4.087834046291886,0.006157797380448407,0.004615950936144763,0.12299869586807513,0.12,0.0,-0.01789780861675501,0.12
45.558134836,4.084313774256934,0.00044251581289213293,0.001255804384658917,0.11999999999945388,4.064381701669589,-0.002521629704766037,-0.005240950664590159,0.12769539461905974,4.0867807613421725,0.004316362323825887,0.0021431568954835135,0.12769539461905974,0.12,0.0,-0.017035966127677,0.12
45.608468851,4.08839377178067,0.00044699561124427226,0.0009456407513988503,0.11999999999976474,4.096432344395859,0.0067348524775446145,0.002360380881084469,0.12264493316172033,4.094665531649816,0.004845447346810396,0.0011397886012395298,0.12264493316172033,0.12,0.0,-0.01067571389021477,0.12
45.656217076,4.092473770331758,0.0004504256431567136,0.0007407931565680299,0.11999999999972033,4.108425286497091,0.03665726435211176,-0.008890018934427738,0.10663436749991362,4.1006871372933595,0.011580890831281655,-0.0008173024802276233,0.10663436749991362,0.12,0.0,-0.012256839039201347,0.12
45.705647375,4.0965537694723535,0.00045306348082682955,0.0005409504315311721,0.11999999999972033,4.1094445566953555,0.019630520410266934,-0.008801049236874236,0.12695831867873317,4.107922235791667,0.013269541251198499,-0.0029394542092092894,0.12695831867873317,0.12,0.0,-0.013665438629828436,0.12
45.756168631,4.100633769109837,0.0004547573402203732,0.0002885400393687875,0.11999999999972033,4.14236180040659,-0.022746772642666713,0.0010677104603081019,0.1283498734811633,4.1190066273451755,0.005623310808786302,-0.00225717182733335,0.1283498734811633,0.12,0.0,-0.009398140953886535,0.12
45.806835983,4.104713769044962,0.0004554262934880905,5.361037121481114e-05,0.11999999999976474,4.103238732527389,0.00263372746235507,0.007446731239627292,0.13904813441364036,4.120651526563468,0.004999356796476527,-0.0010596167991844133,0.13904813441364036,0.12,0.0,-0.006166631197809424,0.12
45.856849428,4.108793769040521,0.0004553316219338992,-8.780196222444108e-05,0.1199999999995871,4.094249802253039,-0.0011541554134156767,-0.010410499163655947,0.11444565524032055,4.119494383114529,0.0036723979732203116,-0.003938214557995747,0.11444565524032055,0.12,0.0,-0.0011007869383470878,0.12
45.90561267,4.11287376900324,0.00045478725779967495,-0.0001647288503632076,0.11999999999972033,4.113840063519201,-0.009096938626196231,0.0018526054035263094,0.12342789741727893,4.122578337130772,0.0009557272993984739,-0.002199428785535484,0.12342789741727893,0.12,0.0,0.0011915612702587653,0.12
45.957705838,4.12103376888922,0.00045342472633989113,-0.00014293276154148305,0.11999999999972033,4.119702778105162,-0.015718054641863148,-0.00048485343894136827,0.10468141015210722,4.125582426927237,-0.0025885863710464457,-0.0013506253686264933,0.10468141015210722,0.12,0.0,0.0033078486171143826,0.12
46.011771018,4.125113768863167,0.00045297028374075433,-7.496164980531686e-05,0.11999999999976474,4.141562007492002,-0.0026700928875069024,0.003447013700296094,0.1382937277958256,4.133541112785463,-0.0026017601086684265,-0.0008414244599910573,0.1382937277958256,0.12,0.0,0.004657431659608817,0.12
46.056214361,4.129193768859815,0.00045284715894754657,2.331720930157015e-05,0.11999999999963151,4.153172877936785,0.0016027394889353308,-0.002738994063599138,0.10576044255349928,4.142160848104419,-0.004147140285366041,-0.0023572772732365693,0.10576044255349928,0.12,0.0,0.008730368234216666,0.12
46.105545716,4.133273768835432,0.0004532528596736368,0.00018065061426091264,0.11999999999972033,4.153172877936785,0.0016027394889353308,-0.002738994063599138,0.10576044255349928,4.142160848104419,-0.004147140285366041,-0.0023572772732365693,0.10576044255349928,0.12,0.0,0.00943546045446833,0.12
46.156071908,4.137353768684453,0.0004543437918987168,0.0003523011451572312,0.1199999999995871,4.14151394760197,-0.0012050802443731585,0.007689129103993168,0.12723922491726708,4.151149022214395,-0.005664905506336264,0.0032556326167754736,0.12723922491726708,0.12,0.0,0.008112469041399834,0.12
46.205730111,4.1414337683041635,0.0004560962905450276,0.0005012861279890588,0.11999999999949829,4.137089352143267,0.0024444346782132665,0.001077931455177902,0.1262175958427609,4.15217905683962,-0.003935572337537534,0.002944149053212445,0.1262175958427609,0.12,0.0,0.003446874259918146,0.12
46.255736159,4.1455137676863805,0.000458339092831254,0.0005880503086253279,0.11999999999972033,4.138936166914934,-0.0021494124205096335,0.008192902407903232,0.09326673609783041,4.152676420842928,-0.003536666351188065,0.00369812084516614,0.09326673609783041,0.12,0.0,0.0009100568328816849,0.12
46.308388125,4.1495937669260305,0.000460829529210356,0.0006256366945999613,0.11999999999963151,4.145370101688105,-0.01309821654261112,-0.005234305958247265,0.14348184082747747,4.156118075472013,-0.005563563868040633,0.0013836581579159968,0.14348184082747747,0.12,0.0,0.0001814629944163428,0.12
46.356044813,4.153673766110635,0.00046340891077733474,0.0006442516052273893,0.11999999999945388,4.169373546098923,0.03783753160684813,-0.003346939862005029,0.07406999636194667,4.161623857905184,0.0036421740127512772,0.00045574868541530184,0.07406999636194667,0.12,0.0,0.0037415732296699755,0.12
46.405598058,4.1577537651907095,0.00046614775592427433,0.0007039942602726592,0.11999999999945388,4.160676048304183,-0.012223604369421076,0.0073627153816182974,0.11478630617737073,4.165372199707412,0.00028972928459911887,0.0014864415100544163,0.11478630617737073,0.12,0.0,-0.0030450154563933063,0.12
46.456564572,4.161833764215465,0.00046896823729252694,0.0006650534642742764,0.11999999999945388,4.167941346182883,0.005377426327447104,-0.015012912389798906,0.1410852611953182,4.1702184186384335,0.0013466749969275522,-0.0020246950012255097,0.1410852611953182,0.12,0.0,-0.001037168508991482,0.12
46.505601169,4.169993762613146,0.00047408037043516555,0.0006188045525594432,0.11999999999963151,4.159298587919304,0.0139605193221274,0.0039561099166862766,0.10547984760373615,4.17254605377833,0.003771988122406895,-0.0006631351691977533,0.10547984760373615,0.12,0.0,0.00108258222822434,0.12
46.556966022,4.174073761813177,0.0004766352339985183,0.0006284909737839828,0.1199999999995427,4.183459758865531,-0.0062693297732007245,0.0036833294485749614,0.147525190646792,4.18008011110514,0.0016452861295198841,0.0005890960041247999,0.147525190646792,0.12,0.0,-0.002169831744683939,0.12
46.606718007,4.17815376104659,0.0004791359337511911,0.0005931916944969609,0.11999999999972033,4.1702403653526305,-0.0027177741755683173,0.001957901577814635,0.1163486459592742,4.182532326613073,0.0007238017894374674,0.0012596964927721463,0.1163486459592742,0.12,0.0,-0.0028019149493953037,0.12
46.656765999,4.182233760386601,0.00048145583907597276,0.0005431246736971911,0.11999999999972033,4.157662723913287,-0.005236072947736826,0.0008614389285718587,0.11662006315829418,4.180810197225138,-0.0005380643641777652,0.0015543292267300491,0.11662006315829418,0.12,0.0,-0.0029081197616379344,0.12
46.70636984,4.186313759840687,0.0004835655625846137,0.0004930179408859646,0.11999999999945388,4.176697357928627,-0.020476900248296626,0.001780746413868395,0.1219864433382155,4.184907252659206,-0.004761260151456386,0.0016277162214131716,0.1219864433382155,0.12,0.0,0.0006782158823607448,0.12
46.756864214,4.190393759380727,0.0004855025254054747,0.0004671257874115642,0.11999999999972033,4.171437190946135,0.007738399655241339,0.009977728416778653,0.12305600146821234,4.18639666947187,-0.0020846131403218734,0.003092861608969145,0.12305600146821234,0.12,0.0,0.00029144044004580396,0.12
46.80662369,4.194473758912403,0.000487457130312989,0.0004877354773951802,0.11999999999945388,4.206192596596605,-0.0021569584542615464,-0.012788677522098432,0.11014240707598832,4.194770412903443,-0.0021149605609738008,-0.001235793656610154,0.11014240707598832,0.12,0.0,0.0018326917747770576,0.12
46.856753508,4.198553758430562,0.0004894399682282717,0.0004904127925570203,0.11999999999976474,4.191951211763988,-0.009047799485091159,0.0006860765150962835,0.10782241177218922,4.197918860715989,-0.0035870378351740458,-0.0009579712187768122,0.10782241177218922,0.12,0.0,0.00401265404490101,0.12
46.905591888,4.202633757892217,0.0004915347165150761,0.0005497284057530642,0.1199999999995871,4.221992250309607,0.019821725079099593,0.007106669318064536,0.11176695963741776,4.2074456816421195,0.001391425544373015,0.0007139359553444915,0.11176695963741776,0.12,0.0,0.0018233824501021508,0.12
46.956368851,4.206713757155537,0.0004939834132635768,0.0006535754857066782,0.11999999999972033,4.194574696742581,-0.010556778274037483,-0.01293666942148969,0.10451651007540322,4.208749989420157,-0.0011672640126004846,-0.0017206125814555777,0.10451651007540322,0.12,0.0,0.00177507902522529,0.12
47.010459547,4.210793756250062,0.0004967015583658925,0.0006665269948954687,0.11999999999972033,4.20037388860497,0.01566803011552713,0.003196046318906048,0.1225205720914917,4.210673264185551,0.00240784925632954,-0.0007995996067795072,0.1225205720914917,0.12,0.0,-0.0009174566776907425,0.12
47.056323355,4.218953754381224,0.0005022237477692766,0.0006524368537971469,0.11999999999967592,4.248321546012651,0.008312596720699306,-0.000622502912985339,0.14346363855921432,4.224323469932554,0.008365416057838542,-0.0019520596312710419,0.14346363855921432,0.12,0.0,-0.0055348492991214755,0.12
47.105621208,4.223033753620758,0.0005047123237403041,0.0005605140171657496,0.11999999999972033,4.221593717660348,0.0023336196215836954,0.0018025313739644896,0.1366524997867985,4.2276089843068725,0.007084869338656277,-0.0011251946948724533,0.1366524997867985,0.12,0.0,-0.00736098342474791,0.12
47.156009782,4.227113753115543,0.000506736610470394,0.0004285295111940014,0.11999999999972033,4.21993598158911,-0.010480370633220576,-0.004563971180273122,0.11385690953654193,4.2304609630083645,0.0033445653507297524,-0.001414357024796805,0.11385690953654193,0.12,0.0,-0.005289264754350759,0.12
47.206961494,4.231193752847965,0.0005082060197091697,0.00030049311487595254,0.11999999999949829,4.241083266361885,0.02698871002281656,0.0040923160060506985,0.10232259483121882,4.235822109938695,0.008366462000964229,3.273951769534292e-05,0.10232259483121882,0.12,0.0,-0.004026113234161268,0.12
47.255848021,4.235273752713424,0.000509249074074429,0.0002108724375309482,0.11999999999963151,4.217893667669401,-0.027113401654710354,-0.010207839217820116,0.13463608306057676,4.2367552452299915,0.0008199877448986917,-0.002807259499399945,0.13463608306057676,0.12,0.0,2.3784991319426504e-05,0.12
47.305569128,4.239353752662771,0.0005098836192522435,0.00012253722850324251,0.11999999999945388,4.255893834272277,-0.003987479795589371,-0.004262758185912403,0.12325389502753296,4.245731558384565,-0.00021480189018058878,-0.00395179539452209,0.12325389502753296,0.12,0.0,0.0038213497442237455,0.12
47.355677288,4.243433752630954,0.0005103927087416685,0.00013544621594359154,0.11999999999945388,4.239364774798903,0.02088628119648029,0.018523211494869823,0.12607759382838934,4.248292859901362,0.0042893610230949186,0.0010219508830892586,0.12607759382838934,0.12,0.0,-0.004139248547083163,0.12
47.405787572,4.247513752573444,0.0005110741190452685,0.00018265390476444301,0.11999999999972033,4.241067768382659,-0.003914743844383228,-0.0051885356276459935,0.1187799293634236,4.25177240066634,0.0025409769268841193,-0.00028606516049518274,0.1187799293634236,0.12,0.0,-0.003425681843826901,0.12
47.456469105,4.255673752517322,0.0005119720181642669,3.410950268710393e-05,0.11999999999967592,4.260932013866249,-0.0008939357891666601,-0.00818775431904661,0.10949280052604365,4.263113420773074,0.005297688736398205,-0.0017083195893303582,0.10949280052604365,0.12,0.0,-0.005415797981758981,0.12
47.505595676,4.259753752514688,0.0005118930915120092,-7.012304563098383e-05,0.11999999999972033,4.266211160514264,-0.007768697150597291,0.0023802705830232723,0.12433134770595634,4.26814720445525,0.002524783767223131,-0.0007412094897742837,0.12433134770595634,0.12,0.0,-0.003885455050457006,0.12
47.556406599,4.263833752487682,0.0005114328419746054,-0.00014821693327354618,0.11999999999949829,4.27906633296984,-0.019035067514709483,0.008895882127507923,0.13467045989266002,4.276108159085994,-0.002035469408770053,0.0016586364757508207,0.13467045989266002,0.12,0.0,-0.0016931625296220034,0.12
47.606050878,4.2679137524290445,0.000510742329853126,-0.00018254865439750975,0.11999999999972033,4.27906633296984,-0.019035067514709483,0.008895882127507923,0.13467045989266002,4.276108159085994,-0.002035469408770053,0.0016586364757508207,0.13467045989266002,0.12,0.0,-0.0008721583292275225,0.12
47.65598535,4.271993752356462,0.0005099728782768144,-0.00019422124595942628,0.11999999999967592,4.257779095351554,0.010761669871648569,-0.003168796642076169,0.12510370950808983,4.2789292420096,0.0025542241172055997,0.0005358179952989357,0.12510370950808983,0.12,0.0,-0.002422909543856986,0.12
47.705758617,4.276073752265346,0.0005091117405207245,-0.00023101686254013305,0.11999999999972033,4.281364259652268,0.03308680275300124,-0.007123021054278344,0.11192164841575815,4.282637562757289,0.009022023431236365,-0.0011957394287234779,0.11192164841575815,0.12,0.0,-0.006743280969773979,0.12
47.755817633,4.280153752128478,0.0005080574385422287,-0.00029562185558430374,0.11999999999967592,4.286488060588734,-0.024950602156826016,0.016444746912272473,0.1442506627639044,4.288317073156741,0.001840663150203022,0.0024223735573583828,0.1442506627639044,0.12,0.0,-0.006471586293094241,0.12
47.805979431,4.28423375186498,0.0005065983023400231,-0.00041865391857008583,0.11999999999967592,4.2877840310313395,-0.01281725250049909,-5.333515254031767e-05,0.1385936132711795,4.293532930118449,-0.0012595071115629821,0.0008609696733051165,0.1385936132711795,0.12,0.0,-0.0033797589226234187,0.12
47.856667566,4.292393750723972,0.0005023063152657468,-0.0005999560206724211,0.11999999999972033,4.292115955309273,-0.015865168372825617,-0.012296824911240954,0.11573537214631333,4.297708333599701,-0.004542908474049127,-0.0013367794734526033,0.11573537214631333,0.12,0.0,-0.0015419571532305752,0.12
47.906066946,4.292393750723972,0.0005023063152657468,-0.0005999560206724211,0.11999999999972033,4.292115955309273,-0.015865168372825617,-0.012296824911240954,0.11573537214631333,4.297708333599701,-0.004542908474049127,-0.0013367794734526033,0.11573537214631333,0.12,0.0,0.0030051990238394825,0.12
47.956000263,4.300553749305136,0.0004975021527694191,-0.0005077790794563071,0.11999999999972033,4.304294744847187,0.014450801293151006,-0.0030218460974981744,0.12014611587090408,4.303544315897658,-0.0004675801352922171,-0.0008071502189844994,0.12014611587090408,0.12,0.0,0.007195202915464934,0.12
48.00756413,4.304633748897466,0.000495684073625435,-0.0003895277420559807,0.11999999999967592,4.299975139160339,0.022382470051366135,0.00019536362596179704,0.10317407505555873,4.306801822042824,0.004379665944557708,-0.0004754636659048204,0.10317407505555873,0.12,0.0,0.003534947495898782,0.12
48.05796077,4.308713748647628,0.0004942589301885578,-0.00031476042352827465,0.11999999999945388,4.289782226714879,-0.002766600504757878,-0.004199083372718847,0.12023178941652721,4.306761186501061,0.002854941690693962,-0.0011667372920582102,0.12023178941652721,0.12,0.0,-0.0012723343089562685,0.12
48.105840779,4.312793748442883,0.0004929665306644552,-0.0003263667238664731,0.11999999999972033,4.303065055280183,-0.007644439782804674,-0.007042508188275555,0.11334359156054008,4.310732826491642,0.0006111028975436359,-0.0026918772289374632,0.11334359156054008,0.12,0.0,0.000633470187354422,0.12
48.163032498,4.31687374820883,0.0004915847688508128,-0.00034091359315243204,0.11999999999972033,4.329199981148286,-0.013471641306600415,0.006633817377803443,0.12818850682300378,4.318551096401604,-0.0023694932616309164,-0.001411739156908893,0.12818850682300378,0.12,0.0,0.0035345967679022306,0.12
48.205923664,4.320953747989047,0.0004902462603262447,-0.0003056923518472842,0.11999999999963151,4.335655488126451,0.022341134720540917,-0.007341241411434806,0.1323719564834602,4.327210444071968,0.002853452991869911,-0.001757167721364739,0.1323719564834602,0.12,0.0,0.001940966237993957,0.12
48.2561077,4.325033747839801,0.0004891463208734877,-0.00023563932682201061,0.11999999999972033,4.303918043406148,-0.0005667800930897729,0.001038027847209164,0.13048076030068315,4.3267197001102335,0.002124961141060864,-0.0010338028047638204,0.13048076030068315,0.12,0.0,-0.0003017939502061614,0.12
48.305625049,4.333193747651566,0.00048739500213697046,-0.00019695135127226277,0.11999999999972033,4.285352096736955,-0.017430707363361414,0.012619912084499633,0.11733160643082272,4.32488208902433,-0.006228506766678674,0.0018282256772360066,0.11733160643082272,0.12,0.0,0.004357465219460375,0.12
48.356540447,4.3372737475952565,0.00048672292290589264,-0.00012421852181259218,0.1199999999995871,4.324632179769386,0.00921080996215676,0.0010452704274739434,0.12476967108090728,4.3292115969385865,-0.002945096286882269,0.0014669843865853342,0.12476967108090728,0.12,0.0,0.005403734653514382,0.12
48.405812243,4.341353747581636,0.00048640961584807727,-2.7647998088039424e-05,0.11999999999972033,4.344520418901241,-0.008601507990983527,-0.006543889397521987,0.11771016931645412,4.335667435731401,-0.0041545534463449125,3.308352911136794e-05,0.11771016931645412,0.12,0.0,0.004678903872838159,0.12
48.456122405,4.345433747580158,0.00048646853278629733,5.477317585192846e-05,0.11999999999945388,4.341511816477693,0.008259544739693881,6.554525137819746e-05,0.11703295231832116,4.341334758093478,-0.0015201305990582962,0.0001055849022768047,0.11703295231832116,0.12,0.0,0.003740315964034417,0.12
48.507563507,4.353593747491603,0.00048761203234848794,0.00019821348394701845,0.11999999999972033,4.353454651329681,-0.018707876647424865,-0.0028430741411985447,0.09908620941602006,4.35612415990331,-0.0005719377576289117,-0.00192635380109137,0.09908620941602006,0.12,0.0,-0.0006532059138593266,0.12
48.556101228,4.357673747410444,0.0004884256905790429,0.00019572447455036175,0.11999999999945388,4.3565188989271535,0.007035264889899211,-0.004539566799199387,0.11541445943365071,4.360050494831613,0.0010308132010747972,-0.002534564857662004,0.11541445943365071,0.12,0.0,0.0019400487955263807,0.12
48.605825899,4.361753747319901,0.0004892843486802467,0.00022760015561121185,0.11999999999972033,4.369832474160864,-0.0031050388165290476,0.005259125466626935,0.12743136276082942,4.366198698665306,0.00015553828363765057,-0.0006744411081030248,0.12743136276082942,0.12,0.0,0.0016182039081822797,0.12
48.65906992,4.365833747194549,0.000490294554787793,0.00026673170689169603,0.11999999999967592,4.365372669644407,0.0019464714705829775,0.001228837483065703,0.11359332869422538,4.369204766206625,0.0005360265996686906,-6.6590496933437e-05,0.11359332869422538,0.12,0.0,0.0005955658544168339,0.12
48.705568034,4.369913747034362,0.0004914374831648626,0.00028734307685706945,0.11999999999967592,4.414355454045469,-0.004135502675158272,0.013450285321714942,0.1072441119334389,4.383284576688841,-0.0004306916129275573,0.002118014959432027,0.1072441119334389,0.12,0.0,-0.0013986565291919204,0.12
48.757803453,4.378073746713274,0.0004937253457507824,0.0002551775239189926,0.11999999999972033,4.390032153875574,0.00948138986635507,-0.0018650374804149504,0.11805051620615169,4.387915085895784,0.0016735423954676108,0.0010292477924514739,0.11805051620615169,0.12,0.0,-0.002570919095516226,0.12
48.809133884,4.378073746713274,0.0004937253457507824,0.0002551775239189926,0.11999999999972033,4.380417591075303,-0.026395140534600032,-0.007335386532984804,0.12472324296362816,4.3910627121738575,-0.004293913524619478,-0.0003161880259105849,0.12472324296362816,0.12,0.0,0.0035490476140308835,0.12
48.855888501,4.386233746470704,0.0004957080910511779,0.0002889894473038054,0.11999999999972033,4.362462278418184,-0.021775232337925235,-0.010680637292435272,0.10968418985490451,4.390888745988025,-0.006732638994582698,-0.002533561117391597,0.10968418985490451,0.12,0.0,0.008259146279169082,0.12
48.906158876,4.39031374622845,0.0004971050229920735,0.00042112701713472537,0.11999999999972033,4.370593478254656,0.003247772629080272,-0.005453201116018421,0.11135560656432655,4.390640528191337,-0.004630894919740036,-0.0028348196848531583,0.11135560656432655,0.12,0.0,0.010894262257730537,0.12
48.955960388,4.39439374566847,0.0004992296041015615,0.0006213566255664685,0.11999999999949829,4.376850261955343,0.016549521521925376,5.985684009820948e-05,0.14362905988966843,4.393396043795955,-0.0001491282908931196,-0.0011100742233297978,0.14362905988966843,0.12,0.0,0.006941168035866595,0.12
49.006787743,4.398473744617334,0.0005021511073108969,0.0007921813514171854,0.11999999999972033,4.413629707826875,-0.010328085767777186,0.002854877480727078,0.1324198725931821,4.402208216421996,-0.002306127725027484,-0.0003134934350648294,0.1324198725931821,0.12,0.0,0.004240186120439825,0.12
49.055978494,4.402553743169852,0.0005055862946593135,0.0008837348613093428,0.11999999999972033,4.405441923712607,-0.0110428549265738,0.012389175001727575,0.10615747927308355,4.406581975679147,-0.004137437988615377,0.0023540365204426676,0.10615747927308355,0.12,0.0,0.003174010617670293,0.12
49.107457047,4.406633741439365,0.0005093431101650564,0.0009540332917716513,0.11999999999972033,4.420951119427283,-0.001526447512683964,-0.004008052738468346,0.13742172368647487,4.414785698285374,-0.003586105710203385,0.001786342350521251,0.13742172368647487,0.12,0.0,0.0024124616833897544,0.12
49.156582037,4.410713739476243,0.000513345017883509,0.0010061694019813724,0.11999999999945388,4.419062023831621,-0.0014128511789902834,0.01316772731041125,0.11781770100238359,4.419147196929863,-0.0030965118507870378,0.0036190038691373675,0.11781770100238359,0.12,0.0,-0.0002660855283070265,0.12
49.205801319,4.414793737329452,0.0005175302490856954,0.001036676433500697,0.11999999999972033,4.445102966482722,0.027969861587270158,-0.0184892993621595,0.11668420956615876,4.42978242668767,0.003471868982753857,-0.0015358620105004187,0.11668420956615876,0.12,0.0,-0.0015336101944774647,0.12
49.255661687,4.418873735152574,0.0005217448771894434,0.0010268944485105596,0.11999999999972033,4.419207995021339,-0.005884830289260822,-0.0051805776331052935,0.13947922236163213,4.431147551877728,0.0014743394568212543,-0.002447641608609526,0.13947922236163213,0.12,0.0,0.0008720456648185571,0.12
49.306423737,4.422953733032659,0.000525903989053068,0.0010169751296293023,0.11999999999972033,4.435739940384171,-0.005757430158679066,-0.00245171137561957,0.14388232691201622,4.438312924512368,-7.690471934073133e-05,-0.001961169891622437,0.14388232691201622,0.12,0.0,0.002524717554202463,0.12
49.355815282,4.431113728619496,0.0005343896224063469,0.0010550710622175346,0.11999999999972033,4.428196972482001,0.017036716631092786,0.00528960614984382,0.11527966249280254,4.440177054818255,0.0035602903532712775,0.00012641066251713748,0.11527966249280254,0.12,0.0,-0.002891758489226046,0.12
49.405842048,4.435193726427299,0.0005386187047865724,0.0010130773826268504,0.11999999999967592,4.421122230160417,-0.0009443026331036277,0.004992717273166098,0.12458975889322745,4.43857141158721,0.0009805147786131842,-0.0005779664623734504,0.12458975889322745,0.12,0.0,-0.0010491301525855786,0.12
49.455848185,4.439273724388689,0.0005426971936737288,0.000988459322437432,0.11999999999972033,4.443829603597198,-0.02604081402645915,0.003303660125913183,0.14236602142490642,4.444636961524896,-0.004748938237348741,0.00022389858096757176,0.14236602142490642,0.12,0.0,0.0022984707535208216,0.12
49.506128173,4.4433537224020565,0.0005467234121946027,0.0009992310171330649,0.11999999999972033,4.43592452925297,0.015783069513601443,-0.00380093292824652,0.10450959546992641,4.446776901894357,-0.00039816683058133736,-0.0007769240772245743,0.10450959546992641,0.12,0.0,0.003011831790079778,0.12
49.55576307,4.447433720222122,0.000550940286920246,0.0010642919590114796,0.11999999999972033,4.469335371861999,0.0009925245219531622,0.0070954922337809374,0.1153151625573278,4.456061461096333,-9.182260528429488e-05,0.0010871781382895186,0.1153151625573278,0.12,0.0,0.0006366209310772405,0.12
49.606269441,4.451513717838443,0.0005553504968519204,0.001088455584900082,0.11999999999945388,4.454369455891977,-0.017448032488323505,0.008932623050608945,0.13199177400252468,4.460841016017939,-0.003754103647306417,0.003022189399735719,0.13199177400252468,0.12,0.0,-5.9622300558717975e-05,0.12
49.655764083,4.455593715433724,0.0005597802144299156,0.001084433305434061,0.11999999999972033,4.442640986250267,-0.005812734203319514,0.013466186888448464,0.0916636204173554,4.460505559365683,-0.004161375979736089,0.005468944923732419,0.0916636204173554,0.12,0.0,-0.0011095918683316727,0.12
49.707389992,4.459673713040193,0.0005641996057605739,0.0010764353843723976,0.11999999999972033,4.455659748362347,0.023638796410319615,-0.007644630482879817,0.11177379522305994,4.464096917192258,0.001740125608589254,0.0018847312694956339,0.11177379522305994,0.12,0.0,-0.0017822206448973592,0.12
49.755704415,4.4637537107563245,0.000568516272501995,0.0010319073583581716,0.11999999999972033,4.4380146453749125,0.0009960416352603428,-0.0009611938895487095,0.09879329662183262,4.462442239097093,0.0015839770792123711,0.001410907926883947,0.09879329662183262,0.12,0.0,-0.004458919476814465,0.12
49.805636152,4.467833708748454,0.000572562870100837,0.0009509152600875993,0.11999999999945388,4.4884333373770025,-0.012978740005662577,0.008630969476511341,0.12718878993582836,4.472368171746102,-0.0014862924238803143,0.002818316548019654,0.12718878993582836,0.12,0.0,-0.003581196966631536,0.12
49.856702507,4.471913707059361,0.0005762741528843241,0.0008710189388127378,0.1199999999995427,4.465141087583656,-0.01620831046959153,-0.010412040435870728,0.1390474137899621,4.4752263327845245,-0.004623728172888828,0.0001932553114664249,0.1390474137899621,0.12,0.0,0.0030809788904135873,0.12
49.905684243,4.475993705592899,0.0005797331531770517,0.0008457491631359449,0.11999999999972033,4.460864787105137,0.019343684161011183,0.004307643316166839,0.12718368962587184,4.476802163432875,0.00047122701573694414,0.0011478592281715105,0.12718368962587184,0.12,0.0,-0.0008045796973617232,0.12
49.956310257,4.480073704056397,0.0005832737900948756,0.0008782750667682332,0.11999999999945388,4.489620859345814,-0.023484615487600686,-0.015213812299606194,0.10962648304605307,4.483229082762944,-0.004636515677797758,-0.0030419956784257505,0.10962648304605307,0.12,0.0,0.007774454358769922,0.12
50.005926951,4.484153702453636,0.0005868898704231369,0.0009161705777254831,0.11999999999972033,4.469997083714299,-0.013484604116775538,0.0019352984728573822,0.14701665060188412,4.485654402676979,-0.00651981465434492,-0.0021073530713995037,0.14701665060188412,0.12,0.0,0.010797150597174263,0.12
50.058455777,4.488233700471713,0.0005909072616118571,0.0010675414083896517,0.11999999999972033,4.4623758994660845,0.02185860402555794,0.0020297727245445576,0.10531067029010696,4.484959452992567,-0.0004990117394184264,-0.0009598011822018966,0.10531067029010696,0.12,0.0,0.004838704506049639,0.12
50.106712954,4.496393694288869,0.0006009314614001297,0.0013426139335511959,0.11999999999967592,4.5103435199285835,-0.016093601348887515,0.0151690060913215,0.12832060715470586,4.499584938985087,-0.007121951162085933,0.003077543469435271,0.12832060715470586,0.12,0.0,0.005232942544633796,0.12
50.155780761,4.500473690328286,0.0006066151540825573,0.001442388291130968,0.11999999999972033,4.512540943863669,0.01569912479469201,0.001077561019726626,0.12071178941208122,4.506898280610287,-0.002266559203444504,0.0017312556264514735,0.12071178941208122,0.12,0.0,0.0029857428828587228,0.12
50.207654403,4.504553685829725,0.0006126732210495669,0.0015173989307185947,0.11999999999972033,4.523187622361441,0.02298431363495551,0.008196180212938567,0.1182125010218999,4.5150923152986895,0.003113864999302111,0.002728515455335807,0.1182125010218999,0.12,0.0,-0.002933400331575687,0.12
50.25587275,4.508633681059028,0.0006189124616369641,0.001517443289150498,0.11999999999972033,4.482238909980199,0.007896911228846856,0.013952397280494234,0.11486952688544805,4.511642912618899,0.004161586527135131,0.0038800479758297904,0.11486952688544805,0.12,0.0,-0.00849874650601419,0.12
50.305923101,4.51271367660644,0.000624939111989078,0.0014273504098410088,0.11999999999972033,4.497383766613995,-0.014616648268247549,0.0025187009828332124,0.1339450578178772,4.51341160547179,0.000192557008949182,0.0036024195859006287,0.1339450578178772,0.12,0.0,-0.008278539272942084,0.12
50.356123576,4.516793672918124,0.0006304209705891687,0.0012528468212608653,0.11999999999972033,4.508072789132152,0.006809091521802123,0.0024044401860102206,0.10502914913136575,4.515698000202066,0.001608159173358689,0.0027626645034340984,0.10502914913136575,0.12,0.0,-0.00720415583184205,0.12
50.405975917,4.520873670082972,0.0006352277670444104,0.001107329879429309,0.1199999999995871,4.522568328797683,-0.0191390063853697,-0.003055620257539054,0.10361403302537334,4.521459635806648,-0.002792250852947275,0.0010902634676550243,0.10361403302537334,0.12,0.0,-0.0005816341846948373,0.12
50.456202652,4.524953667835168,0.0006395089121352624,0.0010110123364155334,0.11999999999945388,4.514069321605561,0.005930279110582273,0.012587238296797566,0.14813642858751389,4.524548977920755,-0.0009137082997864739,0.0033068741754839317,0.14813642858751389,0.12,0.0,-0.003014020124200518,0.12
50.505577006,4.5331136639358975,0.0006474836006715405,0.0009273927207586849,0.11999999999967592,4.5499935678989285,0.016876442427918224,-0.002457522693000067,0.09601968949642545,4.535866532111661,0.002615056824261327,0.0016418990410870889,0.09601968949642545,0.12,0.0,-0.0034447591510839404,0.12
50.555548421,4.537193662301129,0.0006511350282814302,0.0008563711315596191,0.11999999999972033,4.539608561539848,-0.004925561366560862,-0.009454851213864152,0.11926791055946294,4.541041298030057,0.0010052830118867438,-0.002408626361037772,0.11926791055946294,0.12,0.0,-0.005546820125108599,0.12
50.608174727,4.541273660958639,0.000654443102365774,0.0007740696525055383,0.11999999999963151,4.550046927698948,0.0022247889334253363,-0.0014296934233700013,0.08332621884617528,4.54631269927644,0.0012587700170609885,-0.002705525804737587,0.08332621884617528,0.12,0.0,2.4549021906374513e-05,0.12
50.655752856,4.545353659766757,0.0006575616705935255,0.0007626639857331398,0.11999999999945388,4.550974372416613,-0.04363579206605591,0.008893158897026802,0.1514534534188855,4.55227686335377,-0.008258736325115404,-0.0006841030186041185,0.1514534534188855,0.12,0.0,0.006047112716005167,0.12
50.705572912,4.549433658505056,0.0006607690141897646,0.0008332452867147271,0.11999999999972033,4.538207361062717,0.005894192943225804,-0.0024860993569274003,0.12114651487148788,4.553868531021417,-0.0052617109327953914,-0.0011549044618395976,0.12114651487148788,0.12,0.0,0.00896683003504363,0.12
50.756703079,4.553513656814084,0.0006644787094726097,0.0009913812153370524,0.11999999999972033,4.5701242263388675,0.015037574400607068,-0.006432890161635272,0.11354948309506066,4.561164833911603,-0.000968065812674509,-0.002325649162895983,0.11354948309506066,0.12,0.0,0.009079742601636154,0.12
50.806428434,4.55759365445615,0.0006688609366537295,0.0011506015991613447,0.11999999999945388,4.554063581660756,-0.006065777769299212,0.0023804810390091404,0.13871837807127033,4.564804891938927,-0.002049440083569125,-0.002486671154762232,0.13871837807127033,0.12,0.0,0.006508946515848442,0.12
50.857003103,4.56167365144902,0.0006738124878966419,0.0012729431798748016,0.11999999999967592,4.57267087838282,-0.024033067223896205,0.0031129815865426572,0.15376358375818938,4.570950050664838,-0.0067149424851220985,-0.001191464710846309,0.15376358375818938,0.12,0.0,0.009504435888010004,0.12
50.907166612,4.569833643242814,0.0006853614922051952,0.0015807323083584877,0.11999999999972033,4.5548224445963825,-0.012666567493070203,0.008827298371658637,0.12198965099450143,4.579336900378574,-0.008744538692303645,0.002978497397012858,0.12198965099450143,0.12,0.0,0.008466893339856217,0.12
50.955712184,4.573913637592182,0.0006921491961517531,0.0017426366938568332,0.11999999999967592,4.5914790473339036,0.00862700639052634,0.0023533487505772235,0.12644060318618955,4.586634831485004,-0.005045683068214875,0.0030479695242463124,0.12644060318618955,0.12,0.0,0.005365161753299976,0.12
51.006253554,4.5779936308853335,0.0006995454078858223,0.0018710527863295928,0.11999999999972033,4.532115589721205,-0.020381143744376374,-0.004232338758288904,0.10711056337162314,4.578339471594728,-0.008303187787462604,0.0018438024399727775,0.10711056337162314,0.12,0.0,0.006186720725292945,0.12
51.056302822,4.5820736234136215,0.0007073531318310553,0.0019544038891049454,0.11999999999976474,4.576758662626159,-0.006321170513591395,0.00047485825013087986,0.09502416594977307,4.581473100456075,-0.00787935588013833,0.0019910849045948,0.09502416594977307,0.12,0.0,0.007440352130189723,0.12
51.105560189,4.586153615083811,0.000715596009399975,0.002090124360381928,0.11999999999972033,4.598138043015252,0.014389384135918637,0.002956697908638293,0.10581497517833298,4.5887093000818036,-0.003145294615955139,0.002390889758426225,0.10581497517833298,0.12,0.0,0.004768128315469125,0.12
51.156031818,4.594313594950595,0.0007337146866012962,0.0022975002002907775,0.11999999999945388,4.6015840488471005,0.021147137538169245,-0.0019165895864474512,0.14520553530681546,4.600969499932192,0.005254618430389648,0.0012235627469870732,0.14520553530681546,0.12,0.0,-0.0016606515419735652,0.12
51.210279721,4.5983935842235235,0.000743070510625705,0.002268988851968897,0.1199999999995427,4.579964171682374,-0.010553101699975581,0.011081390695712512,0.13122624579094008,4.601442366162324,0.001924662801877322,0.003621045860798745,0.13122624579094008,0.12,0.0,-0.006793920179212172,0.12
51.255988484,4.602473574211138,0.0007521082950974719,0.002153515111997922,0.11999999999945388,4.6004983358378935,-0.017036836486658286,0.017522724454503962,0.10412564252053974,4.604491739019139,-0.002063394688567058,0.006817846183556945,0.10412564252053974,0.12,0.0,-0.007535904266970093,0.12
51.306054333,4.6065535653530665,0.0007606085414440233,0.002012499353731368,0.11999999999972033,4.592078647853695,0.005464291227754926,0.006031266177916632,0.11126933460905497,4.605085267656775,-0.00044579509103795053,0.006906297140252225,0.11126933460905497,0.12,0.0,-0.008982381092970948,0.12
51.355612373,4.610633557668743,0.0007685252709059779,0.0018656214592120668,0.1199999999995427,4.612396692606761,-0.03208555890773059,-0.004543529268199055,0.08996432324382664,4.6100687169524015,-0.007153752903851509,0.004193681160834777,0.08996432324382664,0.12,0.0,-0.0035449453324569212,0.12
51.40599967,4.614713551198093,0.0007757889528909694,0.0017094472097624667,0.11999999999976474,4.615312477827274,-0.01635785835218608,-0.0070219852693139415,0.097256159730976,4.6149222899467475,-0.009108293022030646,0.0013365843259359014,0.097256159730976,0.12,0.0,0.004919062470965909,0.12
51.455764891,4.622873539398223,0.0007896645645572785,0.0017662578200500244,0.11999999999949829,4.601691346707753,-0.006630702147536053,-0.0030452739627102204,0.1294428089849549,4.62331074106437,-0.00729266196477469,7.161578153024918e-05,0.1294428089849549,0.12,0.0,0.007143400209511913,0.12
51.507689996,4.626953532569558,0.0007971276585338557,0.0018985712067936648,0.1199999999995871,4.601691346707753,-0.006630702147536053,-0.0030452739627102204,0.1294428089849549,4.62331074106437,-0.00729266196477469,7.161578153024918e-05,0.1294428089849549,0.12,0.0,0.00910350841934756,0.12
51.555813627,4.626953532569558,0.0007971276585338557,0.0018985712067936648,0.1199999999995871,4.634350436208082,-0.027814989663834257,-0.007161276941128793,0.14465712767268918,4.631451820734839,-0.011660468997368199,-0.0021576627092881884,0.14465712767268918,0.12,0.0,0.016102534904562746,0.12
51.610161003,4.635113514305103,0.0008143528713490921,0.002372124646555668,0.11999999999945388,4.644443228612899,0.019632195703182448,0.00066687301064099,0.13930354914920787,4.640441407135761,-0.005024302997318371,-0.0022259455964747155,0.13930354914920787,0.12,0.0,0.012112512521816388,0.12
51.656874775,4.639193501621545,0.0008245225366559271,0.0026068087460949267,0.11999999999972033,4.633503055103076,0.018875316114414602,-0.002043099914857223,0.10928955282437816,4.644366726264193,0.0008797587230970905,-4.5105921337001466e-05,0.10928955282437816,0.12,0.0,0.004737841290169668,0.12
51.70760541,4.643273486825499,0.0008355090108026245,0.0027555993017200483,0.11999999999972033,4.618522494184552,-0.03737541285532853,-0.0012084559629251675,0.11803623202933572,4.642272270184046,-0.007240167491538545,-0.000437115831721025,0.11803623202933572,0.12,0.0,0.0060427166568166185,0.12
51.755639753,4.6473534709720035,0.0008468826356239642,0.0028251515060290235,0.11999999999976474,4.643299019942971,0.005928795921276518,0.003676230026036626,0.1399685432692866,4.647530563455638,-0.004442647214497039,0.0015766753760173785,0.1399685432692866,0.12,0.0,0.006100305680077418,0.12
51.805659559,4.651433453921566,0.0008586768883731767,0.0029565608788751077,0.11999999999967592,4.630429664921876,-0.007652315478321533,0.012909971115635247,0.10931952658165206,4.6491521695092,-0.005091240348702129,0.0036469375602398474,0.10931952658165206,0.12,0.0,0.003363031912789056,0.12
51.856059343,4.655513435503586,0.0008709357292378704,0.0030452095743743776,0.11999999999972033,4.665864501167532,-0.01710973025237935,0.015153075205635165,0.14525468074599052,4.65798123118487,-0.007596751832570289,0.005760994049123429,0.14525468074599052,0.12,0.0,0.0018217173342578226,0.12
51.907842717,4.659593416275833,0.0008834615170398867,0.0030895941640301594,0.11999999999972033,4.659416596353141,0.014087437512424323,-0.0015540397096316415,0.1021780331175155,4.662602973093556,-0.002986815738152312,0.004830131112822317,0.1021780331175155,0.12,0.0,-0.0007338701221923284,0.12
51.955661116,4.663673396680137,0.0008961066791880991,0.0030982235610280957,0.11999999999945388,4.669571689881853,-0.006831567169296432,-0.0002630634996078768,0.09106541792999384,4.667921454268129,-0.0037938620548869967,0.003701353083033324,0.09106541792999384,0.12,0.0,-0.0012044616084662192,0.12
52.005767061,4.667753377299908,0.0009086820957113447,0.003070175638998722,0.11999999999972033,4.676491554228996,-0.010448021577553783,0.009951026625540968,0.11435730221129004,4.674914076545696,-0.005174041526618222,0.0050502990527942476,0.11435730221129004,0.12,0.0,-0.0007775421699691731,0.12
52.056301615,4.671833358162911,0.0009211783801464054,0.003055596957608119,0.11999999999949829,4.684835621041961,-0.009234498754034244,0.02116138512902682,0.10969984803346539,4.6811648662550285,-0.005982881299803782,0.00840055741388789,0.10969984803346539,0.12,0.0,-0.0026201832260303575,0.12
52.105665786,4.675913339312122,0.0009335807775727868,0.0030149039918149767,0.11999999999967592,4.684835621041961,-0.009234498754034244,0.02116138512902682,0.10969984803346539,4.6811648662550285,-0.005982881299803782,0.00840055741388789,0.10969984803346539,0.12,0.0,-0.004203062025372074,0.12
52.155826143,4.679993321213207,0.0009457331001987123,0.0029429867011550835,0.11999999999972033,4.6658470184317995,0.00019157318550570954,-0.007943007799283967,0.12065923435394085,4.685486374668335,-0.004109632813445993,0.0025248436665504643,0.12065923435394085,0.12,0.0,-0.0007118440015666128,0.12
52.206097836,4.684073303788889,0.0009576570480398952,0.0029113244697830747,0.11999999999972033,4.709110402692744,-0.01627169505501526,0.005049428978581505,0.13250888930067034,4.6955013179492,-0.006672658312879049,0.002943644357414668,0.13250888930067034,0.12,0.0,0.002214993211435598,0.12
52.256130275,4.688153286413029,0.0009695644239623992,0.002935220865252243,0.11999999999972033,4.68022949600752,0.007041568381104346,0.006623567005822187,0.10809214951171943,4.695925258090177,-0.0037444680182568586,0.003611205558854512,0.10809214951171943,0.12,0.0,0.0032225186300121997,0.12
52.305615738,4.692233268548684,0.0009816379407569281,0.002977968568009538,0.11999999999972033,4.694508385523668,-0.023763067694328264,-0.001368373273711166,0.10705813085984583,4.700148075005984,-0.007986902123086538,0.002999356911400985,0.10705813085984583,0.12,0.0,0.0033804752947551985,0.12
52.356048586,4.696313250300478,0.0009938405211031036,0.0030152119324638044,0.11999999999972033,4.689358581352536,0.022824155098472805,-0.0016702678510716216,0.15242293343921987,4.703666163990827,-0.0014410288275271584,0.002094995622885941,0.15242293343921987,0.12,0.0,0.0020263197273621804,0.12
52.405569145,4.700393231288834,0.0010062955322028035,0.00308122396228299,0.11999999999972033,4.6874993280524695,-0.0111258528803597,0.006869527266369533,0.11774775372464995,4.704807579753387,-0.003477993070398788,0.003580604209272157,0.11774775372464995,0.12,0.0,-0.00011574172352534726,0.12
52.456347379,4.7044732118530295,0.001018889008914822,0.003088091813235666,0.11999999999945388,4.701555247520004,-0.021713996392871717,-0.012877378360894065,0.08597971689809963,4.707588835477135,-0.007366109564262377,-7.248874735691149e-05,0.08597971689809963,0.12,0.0,0.004759563605289595,0.12
52.506135055,4.7085531923404345,0.0010315072703148175,0.003120202115440283,0.11999999999945388,4.698943844846153,-0.022269037832379747,-0.003771774407452925,0.11501817378384732,4.70989866700358,-0.01053529909083433,-0.0011042544112563751,0.11501817378384732,0.12,0.0,0.011696636132532471,0.12
52.557636437,4.712633171642867,0.0010445018843621256,0.003272146187108874,0.11999999999945388,4.727782952391691,-0.006333928510807374,-0.00523868821702806,0.10845697746671021,4.717190539828971,-0.009655560381502693,-0.0016319577208635495,0.10845697746671021,0.12,0.0,0.015066049985250839,0.12
52.605615484,4.7167131482083215,0.001058327284439028,0.0035160077936112174,0.1199999999995427,4.732491281527158,-0.0023500397705019434,0.005603836964643041,0.11082461321897867,4.724624953558552,-0.008098256957734449,-0.000522427549208025,0.11082461321897867,0.12,0.0,0.013197620675963428,0.12
52.660103551,4.720793120996941,0.0010732251728715913,0.0037812633454747187,0.11999999999976474,4.702682894573835,-0.0011721856619769677,0.00514096747005719,0.12988762055754982,4.724164888617115,-0.006621137105675015,0.0009817119659029012,0.12988762055754982,0.12,0.0,0.009267737510713806,0.12
52.712795335,4.724873089995693,0.0010891280342145038,0.004002519920567055,0.11999999999972033,4.716293792321196,0.0036503610027362994,-0.0028932194695344797,0.1274056338868055,4.727687765449637,-0.004444354638197835,0.00030609740852446027,0.1274056338868055,0.12,0.0,0.006756818946705391,0.12
52.756346141,4.733033019416823,0.0011230602738772637,0.004281410506784333,0.11999999999945388,4.723758809654544,0.014321416501450628,-0.0003348535411959617,0.11041242722114007,4.732501756908208,-0.003913673276876629,0.0019968880960241128,0.124930789461298,0.12,0.0,0.0036137949448311474,0.12
52.805680633,4.733033019416823,0.0011230602738772637,0.004281410506784333,0.11999999999945388,4.723758809654544,0.014321416501450628,-0.0003348535411959617,0.11041242722114007,4.734520303153243,-4.0261943780246e-05,0.0013602621311264492,0.11041242722114007,0.12,0.0,-0.00038479094080476393,0.12
52.856487521,4.741192942949131,0.0011583862808080758,0.0043270490593543,0.1199999999995871,4.748525473942184,-0.020186454598486826,0.01241543657474058,0.10048533390895822,4.747683824679219,-0.004427638316653459,0.005944387576795458,0.10048533390895822,0.12,0.0,-0.002952293409925523,0.12
52.905737075,4.741192942949131,0.0011583862808080758,0.0043270490593543,0.1199999999995871,4.748525473942184,-0.020186454598486826,0.01241543657474058,0.10048533390895822,4.747683824679219,-0.004427638316653459,0.005944387576795458,0.10048533390895822,0.12,0.0,-0.0030389872974918106,0.12
52.957215276,4.749352868451589,0.0011932535977496259,0.004227864776625334,0.11999999999967592,4.757912149912198,0.0008512090246719625,0.0009940598917135834,0.12051330653488657,4.751957098232279,-0.004936565697795371,0.002438544891950956,0.1359435700953455,0.12,0.0,0.0010603606013356828,0.12
53.007827219,4.749352868451589,0.0011932535977496259,0.004227864776625334,0.11999999999967592,4.757912149912198,0.0008512090246719625,0.0009940598917135834,0.12051330653488657,4.757731228122423,-0.003697512552059344,0.0010765387357388348,0.12051330653488657,0.12,0.0,0.0027357229129939737,0.12
53.056548904,4.753432831865598,0.001210531892487295,0.004249458260200463,0.11999999999949829,4.7625526770063065,-0.028631784376705396,0.006729500241623672,0.1124833092569138,4.763740118228495,-0.00897031519914436,0.0017470583612754589,0.1124833092569138,0.12,0.0,0.007776173002167496,0.12
53.105941359,4.757512794504286,0.0012279920945961916,0.004325503560189882,0.11999999999972033,4.762946291881335,0.035943371258745395,0.012027144334984294,0.09392328384163115,4.7675574313592985,0.0005887964250262338,0.003780358272294115,0.09392328384163115,0.12,0.0,-0.0024706218042833627,0.12
53.157442622,4.76159275537648,0.0012458602692267922,0.004403835595268516,0.11999999999972033,4.731754801897263,-0.025982177915018008,0.004159971290644678,0.11348661158462062,4.7647815083393015,-0.005028913337665075,0.0030374975333938223,0.11348661158462062,0.12,0.0,0.0008426523633021006,0.12
53.206048896,4.76567271614516,0.0012637522997764978,0.004376672126820041,0.11999999999972033,4.7640024283618665,-0.009088727937197841,0.009986679714292311,0.15024821183069034,4.770102222410732,-0.005859389569546059,0.0047657837336480624,0.15024821183069034,0.12,0.0,0.00038315592785574394,0.12
53.25619307,4.769752676952396,0.0012816355628212255,0.004388909327691988,0.11999999999972033,4.754286727925036,0.01070597182670595,0.007448721496332415,0.12083431690860517,4.771660060268273,-0.00231625893820146,0.0059412183147019345,0.12083431690860517,0.12,0.0,-0.0042503214455639005,0.12
53.305910769,4.7738326377490194,0.0012995212184273655,0.0043632410067546345,0.11999999999967592,4.757710037363548,-0.002585852413101399,0.0014196230581433994,0.14365997086101404,4.774723399572055,-0.0023493290038003644,0.005312762760027803,0.14365997086101404,0.12,0.0,-0.005006563360528556,0.12
53.35586939,4.777912599633973,0.001317156620185474,0.004279359889182012,0.11999999999945388,4.78480588808181,0.019078233789074785,-0.012650199407660274,0.10338753277399385,4.780055885406551,0.002178269609362703,0.0018348890099821897,0.10338753277399385,0.12,0.0,-0.005758639707948382,0.12
53.406650052,4.786072528261883,0.0013512822655652919,0.004085608976677838,0.11999999999976474,4.779940340290738,-0.0009006521659618032,0.01088536455305439,0.13770039993271244,4.785103756101119,-0.0027759537526737908,0.0036097172694580706,0.13770039993271244,0.12,0.0,-0.0020202041636827664,0.12
53.455733415,4.790152494523392,0.0013678745198755018,0.00404798425765053,0.1199999999995871,4.784336377511753,-0.009378817527131577,-0.0016578502760017655,0.1056204584134404,4.789457443320161,-0.004171183099988648,0.0026120297315060824,0.1056204584134404,0.12,0.0,-0.0020039023826075573,0.12
53.506172898,4.794232461402212,0.0013843142804608384,0.004010770444263175,0.11999999999972033,4.773719447010566,-0.002338019534299654,-0.0058375489365648835,0.09084043593880634,4.7889732609299145,-0.0037873279343624364,0.00015475735781033187,0.09084043593880634,0.12,0.0,0.002255383976610713,0.12
53.556700018,4.7983124285959615,0.0014006757483073931,0.0040212300442570275,0.11999999999972033,4.81073153615797,0.007143185111733122,0.0049115705046641304,0.1002595765402799,4.79678164750244,-0.0014583277707643331,0.00036610297433169,0.1002595765402799,0.12,0.0,0.002697980153624745,0.12
53.606501079,4.802392395131759,0.0014172003164404192,0.004079163845192326,0.11999999999972033,4.800283066309512,-0.010383058338105685,-0.0008445159719631276,0.11392909677133894,4.801463245115649,-0.0033523369631705165,-7.590098201359273e-05,0.11392909677133894,0.12,0.0,0.004217910297566227,0.12
53.658313776,4.806472360691699,0.0014339640720924928,0.004144443280944943,0.11999999999923183,4.809827139505736,0.014571367354793925,-0.007667890943804327,0.12809521072800864,4.8083387221533185,0.0004365363242312204,-0.0016110703930443191,0.12809521072800864,0.12,0.0,0.0032079750232628236,0.12
53.705657664,4.810552325061198,0.0014510151115381437,0.004207517585126502,0.11999999999972033,4.807616340826115,0.0010572177637999843,0.012058588026283313,0.13740526503950803,4.814103245418822,0.0005876076595316849,0.0014519359010682449,0.13740526503950803,0.12,0.0,-0.00011466495129063589,0.12
53.756585851,4.814632288592674,0.0014682656187801591,0.004238449829961586,0.11999999999967592,4.799122295546285,0.006807874736026007,0.0007538564346092415,0.11851402392659559,4.816044712738818,0.0019160255316788563,0.00042683763805120704,0.11851402392659559,0.12,0.0,-0.002328325495197516,0.12
53.810324742,4.818712252106067,0.0014855204237789006,0.004213101109430271,0.11999999999976474,4.832959559300376,0.002081495495492617,0.005199626392162535,0.1195951430660805,4.823674988084099,0.0019608859237245256,0.0020917277848520772,0.1195951430660805,0.12,0.0,-0.00428602637318562,0.12
53.856041641,4.8268721814933455,0.001519466166037774,0.00410272016161059,0.11999999999972033,4.841590235674777,-0.01444354928123582,-0.006580346675188519,0.09576354621365346,4.830407419377057,-0.0015287470537309685,-2.2624598617689657e-05,0.09576354621365346,0.12,0.0,-0.0013326246877302195,0.12
53.908553369,4.8268721814933455,0.001519466166037774,0.00410272016161059,0.11999999999972033,4.826807358431866,0.032184240241745855,0.010435354935054465,0.11151258061106188,4.833150164873518,0.005643523720770699,0.0018542402323532283,0.11151258061106188,0.12,0.0,-0.007589178280917419,0.12
53.956048675,4.830952147276928,0.0015361755474633378,0.0040704202329812705,0.11999999999972033,4.818017937391854,-0.02221645213787554,0.010978228319398885,0.11193946860776618,4.835042355922503,-0.00024363443401767982,0.004482987507878913,0.11193946860776618,0.12,0.0,-0.007056814060169437,0.12
54.006895786,4.835032114571653,0.0015525110233944447,0.003935908562852357,0.11999999999918742,4.832705436367942,0.022694173948578,0.011643423180950851,0.13227222544970785,4.839758047304706,0.004663463634173928,0.0054978217078601775,0.13227222544970785,0.12,0.0,-0.012739259613324522,0.12
54.057308934,4.839112084077473,0.00156828441327881,0.0037808303046560653,0.11999999999972033,4.858283847202381,0.0010819839171373911,0.009622903235393524,0.12445064300153635,4.848581435190214,0.003940069192058169,0.005936269643067558,0.12445064300153635,0.12,0.0,-0.014305701290357693,0.12
54.106004399,4.847272033056174,0.001597114376369221,0.003263793280193951,0.11999999999972033,4.8518457040584275,0.014279340328356656,0.018751273192550755,0.11022768813245187,4.850172607184205,0.005581134546526375,0.005707522778295494,0.13227793346890312,0.12,0.0,-0.0160453957696346,0.12
54.15777034,4.851352013246167,0.0016098232583311445,0.0029509894018794162,0.11999999999972033,4.840488665207724,-0.010556034799501584,0.015391531993711707,0.11783688308417939,4.855512711464304,0.0036972361446168116,0.008843087056921179,0.11783688308417939,0.12,0.0,-0.020602681603191134,0.12
54.205646857,4.855431997585035,0.0016211193114142085,0.002579743747767412,0.11999999999927624,4.837709208354535,0.0034129762753172567,0.011169884244163535,0.10307032416522978,4.854837695608185,0.0036689636718896545,0.009070779962094242,0.10307032416522978,0.12,0.0,-0.019942468402600964,0.12
54.255740467,4.8595119858677815,0.0016308877375826542,0.0022091431968436666,0.11999999999972033,4.862381134935394,0.043218899752542526,0.004588682626679859,0.10856172333213675,4.8606459404641935,0.012093369685730711,0.007523581928652341,0.10856172333213675,0.12,0.0,-0.024148635016767464,0.12
54.305664919,4.863591977503112,0.0016391371176649682,0.001819313779619723,0.11999999999967592,4.854490671825821,-0.0014797556080474016,0.008502095335574222,0.1123833869862126,4.863504354654399,0.009244544153667402,0.008420927430302125,0.1123833869862126,0.12,0.0,-0.026551213855395148,0.12
54.35558957,4.867671972394986,0.0016455673030135525,0.0013300919638176319,0.11999999999918742,4.853720248186129,-0.007411048998724405,-0.0015172790050934789,0.10738193088870349,4.8653494113587135,0.005727314659341936,0.005504412725467224,0.10738193088870349,0.12,0.0,-0.022283229057561037,0.12
54.406602706,4.871751969936579,0.0016500122429024358,0.0008675707820709722,0.11999999999972033,4.896177477856549,-0.01236114596386763,-0.014527193334617779,0.11272306599510963,4.8759152672615445,0.001876782505503691,0.0006560032667339045,0.11272306599510963,0.12,0.0,-0.012627889061483677,0.12
54.455598993,4.875831968997712,0.0016527429083802783,0.00048135435842863294,0.11999999999918742,4.877911209354477,0.005063304593203553,-0.0006699659555441993,0.09222157616646995,4.879286060161934,0.0025519956498730434,0.0007702385193404059,0.09222157616646995,0.12,0.0,-0.007305767886776668,0.12
54.50810206,4.879911968713947,0.0016542456132688267,0.0002760475302006089,0.11999999999976474,4.870677439416721,-0.008947095263561052,-0.003572293871771926,0.13399195512918644,4.882508549199137,0.0001098521518222359,-0.0010686004386733514,0.13399195512918644,0.12,0.0,-0.0011223996151412102,0.12
54.559412952,4.888071968564072,0.0016557816612727057,0.00013575967869114958,0.11999999999972033,4.871707040718226,0.017794309819651754,0.007775742433275894,0.12331518302773055,4.884874548624459,0.003873911299832253,0.0011202421735237317,0.12331518302773055,0.12,0.0,-0.005360105482494973,0.12
54.60641746,4.892151968545598,0.0016561537739500324,4.769173535128599e-05,0.11999999999976474,4.887219395555718,-0.012694987820216162,-0.005286203623079852,0.10644035999545198,4.888825622264203,0.0003482972633061577,0.0007028138066887053,0.10644035999545198,0.12,0.0,-0.002755045589049667,0.12
54.656713773,4.892151968545598,0.0016561537739500324,4.769173535128599e-05,0.11999999999976474,4.89879153170309,0.015984079004095292,-0.009882171781941946,0.11125797991755725,4.89540379461856,0.0036508084363652714,-0.0018873487190390122,0.11125797991755725,0.12,0.0,-0.002498050789564142,0.12
54.706663156,4.896231968544346,0.0016562351399148588,-3.798855319163224e-06,0.11999999999972033,4.884877617359608,0.007128678537739833,-0.0038960959731327645,0.11790035382376644,4.899194656358171,0.004373034819704065,-0.0022560188396871096,0.11790035382376644,0.12,0.0,-0.0024011889783000324,0.12
54.755939679,4.904391968532591,0.0016558495060683524,-9.185343615951416e-05,0.11999999999972033,4.906888672495583,0.0070046872425923445,0.008330109523019635,0.12509157942451504,4.905877960939836,0.0049453352082711914,-0.0007822889350168064,0.12509157942451504,0.12,0.0,-0.0038900473319220014,0.12
54.806821226,4.904391968532591,0.0016558495060683524,-9.185343615951416e-05,0.11999999999972033,4.890911255328739,-0.023861955071418046,-0.006140273543191432,0.1276412616930776,4.906099576475003,-0.0011791353041684261,-0.0026596365761112203,0.1276412616930776,0.12,0.0,0.0029304558144992773,0.12
54.856134022,4.912551968476101,0.0016548996777397326,-7.711456237429887e-05,0.11999999999972033,4.927805766868807,0.02545575133794363,0.005572892217829518,0.12475260356766793,4.919979524358392,0.0033505318751782713,-0.001212057459799295,0.12475260356766793,0.12,0.0,0.006772988674747517,0.12
54.906601838,4.916631968472767,0.0016548069991641561,3.3420691474216775e-05,0.11999999999967592,4.921576045393756,0.0065349558970376415,0.0003987621484643254,0.12333919828004322,4.9251466299114295,0.0040222497587745504,-0.00031492078026500766,0.12333919828004322,0.12,0.0,0.0001486365461547839,0.12
54.956267539,4.920711968468311,0.001654996516047076,4.640957954367415e-05,0.11999999999972033,4.928416108632963,-0.005942861398004595,0.007725573369398264,0.11619537480338146,4.929977371682586,0.0019220826786857672,0.001198352426831426,0.11619537480338146,0.12,0.0,-0.0022170532710215265,0.12
55.006036258,4.924791968466652,0.0016551017692062148,3.454808288765533e-06,0.11999999999972033,4.933249389600744,-0.0013659348909564957,0.006726158191509261,0.08478550835833062,4.933725979457799,0.0012389369428635862,0.0016557643337900814,0.08478550835833062,0.12,0.0,-0.004172413186587445,0.12
55.055667616,4.928871968463497,0.001654967160546907,-7.053590114113777e-05,0.11999999999918742,4.92072232839289,0.0033873749862311335,0.01759036351599987,0.1424222286671587,4.9360791316239565,0.0017314802482579531,0.005972404143340588,0.1424222286671587,0.12,0.0,-0.007728849307316113,0.12
55.10556776,4.932951968436859,0.0016545125094160399,-0.00016311611152989647,0.11999999999967592,4.936083451243344,-0.004167550401411121,0.011274021511935427,0.10788372009883325,4.940092927176461,0.000514365078380684,0.006706303056220997,0.10788372009883325,0.12,0.0,-0.010442200853983235,0.12
55.157086536,4.937031968306119,0.0016535012367729764,-0.00033976619708440725,0.11999999999967592,4.961161952537342,-0.03187207463407253,-0.0049890175843312345,0.11799514926222111,4.948507716429488,-0.006351116867781053,0.0033684864943254412,0.11799514926222111,0.12,0.0,-0.004397043919432965,0.12
55.206696906,4.941111967907964,0.0016517138459303004,-0.0005285706888180238,0.11999999999976474,4.932506687589454,-0.01180270269999016,0.0023814902371234814,0.09899287538772862,4.948288298512141,-0.00749827033605298,0.0028554660013174167,0.09899287538772862,0.12,0.0,0.003104182581469298,0.12
55.256247512,4.945191967299244,0.001649485289937966,-0.0005380514197391271,0.11999999999972033,4.961589406615858,0.03881394399924815,0.011577437022538682,0.10133226227210101,4.955548008853446,0.0023575829303519565,0.004731058564723396,0.10133226227210101,0.12,0.0,-0.0067269320385488895,0.12
55.308798326,4.949271966731143,0.0016473325444818418,-0.0005462159443414149,0.11999999999972033,4.956524595931899,-0.04191430068509608,-0.006248751029622037,0.12841948922957278,4.95962278575119,-0.007039234148034307,0.002923220173783908,0.12841948922957278,0.12,0.0,-0.001423551116455733,0.12
55.356205689,4.953351966003718,0.0016448985715051643,-0.0006266668346234175,0.11999999999918742,4.933638683189277,0.016887283139773408,-0.006411411750319361,0.1498314725973721,4.960155738482871,-0.001965547077330072,0.0017220075497198506,0.1498314725973721,0.12,0.0,0.0007611310648645969,0.12
55.40588824,4.961511964485968,0.0016399221022109706,-0.0006145298078388546,0.11999999999972033,4.958985778698708,0.010439328446278155,-6.445767669448145e-05,0.12438701850137344,4.971032066273067,0.00534223132214999,0.0007817235926191729,0.12438701850137344,0.12,0.0,-0.004222455028356734,0.12
55.455703765,4.965591963630101,0.0016372809516821771,-0.0006914393714686438,0.11999999999967592,4.984922074686349,0.0028379259237451817,0.002550029033256758,0.10292086928513648,4.977642752632708,0.004817343254700562,0.000982439550777344,0.10292086928513648,0.12,0.0,-0.007272188965587553,0.12
55.5056423,4.965591963630101,0.0016372809516821771,-0.0006914393714686438,0.11999999999967592,4.984922074686349,0.0028379259237451817,0.002550029033256758,0.10292086928513648,4.977642752632708,0.004817343254700562,0.000982439550777344,0.10292086928513648,0.12,0.0,-0.008157756341937045,0.12
55.556034381,4.973751960821328,0.0016305441520006211,-0.000973865007561922,0.11999999999972033,4.942235098025341,0.016971397731948674,-0.007886336332755633,0.11831275460108262,4.975584971527854,0.007383705611245605,-0.0008971430885290476,0.11831275460108262,0.12,0.0,-0.008715967478202602,0.12
55.60565801,4.977831958556834,0.0016262494013372644,-0.0011248997432230557,0.11999999999932065,4.984301241603707,0.016863032679282804,0.004017693611628395,0.09777249843140831,4.98312464206267,0.007353316579872187,-0.0010094128610980608,0.09777249843140831,0.12,0.0,-0.005638770646358809,0.12
55.655846734,4.981911955692546,0.0016214167854612291,-0.001242685758102771,0.11999999999949829,4.984301241603707,0.016863032679282804,0.004017693611628395,0.09777249843140831,4.98312464206267,0.007353316579872187,-0.0010094128610980608,0.09777249843140831,0.12,0.0,-0.008069546328398784,0.12
55.706047195,4.9859919521743805,0.0016160614965253137,-0.0013863715019526727,0.11999999999972033,4.971162450758159,-0.008674444088276612,-0.015749867435851213,0.09988116846694245,4.987652057633009,0.0037282394676561715,-0.004071157045615859,0.09988116846694245,0.12,0.0,-0.004021221484073424,0.12
55.755575454,4.990071947853767,0.0016101255484253162,-0.0015042873782371087,0.11999999999918742,4.996854345674098,-0.0031645570903326495,-0.0028988593635290096,0.11792805832254723,4.994101245267873,0.0022502570354297285,-0.004207224394526723,0.11792805832254723,0.12,0.0,0.0006561220289406891,0.12
55.810610351,4.994151943115328,0.0016039074815353271,-0.0015321496203390093,0.11999999999972033,5.021819833802454,-0.0024700722764615787,0.014820326766971056,0.10410577724521891,5.00305880044909,0.0012659133510361411,0.00039686713097782876,0.10410577724521891,0.12,0.0,0.0019636735445934857,0.12
55.855692843,5.002311933726158,0.0015915289915522397,-0.0015039157467019039,0.11999999999972033,4.99155247743505,-0.0045187584872435505,-0.009376380026698494,0.11270576841528264,5.00461870738461,2.3229738490914732e-05,-0.0016020987855578494,0.11270576841528264,0.12,0.0,0.0017563819855533902,0.12
55.9059538,5.006391929198264,0.0015854506522128226,-0.0014806900432255033,0.11999999999940947,4.998868087086405,-0.0034661419155155885,-0.008410556861279173,0.11093426208796575,5.009711150679585,0.0012640918550203433,-0.0014235697677453985,0.11093426208796575,0.12,0.0,-0.0025744465039400696,0.12
55.955669248,5.010471924633976,0.001579348000534598,-0.0015175374682671126,0.11999999999972033,5.024713464796347,0.020272372789171798,0.0018418087455538323,0.11992768890614168,5.0166752496812235,0.005297511807341107,-0.000587139970264969,0.11992768890614168,0.12,0.0,-0.003584657293498421,0.12
56.005686135,5.014551919849332,0.0015730997379297016,-0.0015554278046486171,0.11999999999972033,5.0019195635288245,0.009390796239133265,0.005111736961060138,0.12119751099131654,5.018233013770045,0.006175678693527595,-0.00020415959948022803,0.12119751099131654,0.12,0.0,-0.006437398733443684,0.12
56.056852948,5.0186319146376555,0.0015665794455972935,-0.0016513011796305708,0.11999999999972033,5.013121564159349,-0.003864609788397382,0.002174953222465297,0.12480488412960297,5.021227387198085,0.004048946757000769,0.00011545124016051999,0.12480488412960297,0.12,0.0,-0.007285728763756791,0.12
56.10678129,5.022711908638319,0.0015595843482700128,-0.0017779382311076508,0.11999999999972033,5.027094633808538,-0.005949113114378144,-0.0035692912722008105,0.12076947797903288,5.028092917546415,0.0019181090825632942,0.00014612715421486879,0.12076947797903288,0.12,0.0,-0.00475983186822489,0.12
56.156559308,5.026791901758632,0.001552092972053843,-0.0018879020871633164,0.11999999999972033,5.051166870964719,0.018895891514451722,0.003844439534230169,0.11351284874075886,5.0363154421346765,0.005527901463215522,0.0010835307113970134,0.11351284874075886,0.12,0.0,-0.008122779023387226,0.12
56.206544847,5.030871894062071,0.0015441693565827691,-0.0020045795842553228,0.11999999999972033,5.033302273770765,0.023289340738405058,0.004704768752187196,0.11430783687200091,5.0391243552297,0.009307288341077318,0.0017015269561453132,0.11430783687200091,0.12,0.0,-0.013558762111892945,0.12
56.256047998,5.034951885242384,0.001535687808013193,-0.0021598525415741357,0.11999999999963151,5.058233590587592,0.015139131812490289,-0.015041726218674821,0.11161856242248891,5.047687216513339,0.01052375371321343,-0.002577392444191984,0.11161856242248891,0.12,0.0,-0.011680320618164479,0.12
56.306790511,5.04311186175058,0.001516137082469114,-0.002625386943444453,0.11999999999972033,5.030623789215119,-0.0003656682588277218,-0.012251737513079206,0.14172771375822063,5.057912881367825,0.01143285264265534,-7.563530692511347e-05,0.14165388878697951,0.12,0.0,-0.013325642332138593,0.12
56.356680865,5.047191846290871,0.0015049094941397266,-0.002882405471697906,0.11999999999972033,5.057086008286584,-0.02520224643603122,0.003262917083343009,0.11320944262256113,5.059436156390921,0.0016713776465477042,-0.0027288363396374025,0.11320944262256113,0.12,0.0,-0.004965993532362783,0.12
56.40611708,5.051271828212432,0.0014927651518562516,-0.0030393517213967406,0.11999999999972033,5.031744512355583,-0.024239527999194092,-0.006473823073524174,0.13480059541783265,5.05880951259349,-0.003849361822321659,-0.0033158509058961484,0.13480059541783265,0.12,0.0,0.0037478599160071973,0.12
56.457501779,5.055351809137668,0.001480289228673138,-0.0030453781260512715,0.11999999999972033,5.048933655235726,0.006239384941818389,-0.0038767876374614482,0.1153033594360292,5.06171573691494,-0.001725238619051589,-0.0037640460111721752,0.1153033594360292,0.12,0.0,0.007558885837907304,0.12
56.507380242,5.05943179097895,0.0014681175496081616,-0.002914601380029542,0.11999999999972033,5.0632492278162635,-0.011482905691147897,-0.005070993901077887,0.1047438271596011,5.06637422264616,-0.0038163185341029138,-0.0034720557993201573,0.1047438271596011,0.12,0.0,0.009357844595860448,0.12
56.55612879,5.063511774535247,0.0014565354145293563,-0.0027564559919691528,0.11999999999972033,5.074463423180008,-0.008970857663657905,-0.005222101220052745,0.13899445624582124,5.072630349464677,-0.0049287541808737435,-0.004116531453868992,0.13899445624582124,0.12,0.0,0.011544161810157029,0.12
56.606621374,5.067591760047115,0.0014456647162777324,-0.0025642981239497008,0.11999999999972033,5.077580099212585,-0.0002860933664763255,0.003582080000288832,0.11338325794252634,5.077424514632921,-0.0039430035660734854,-0.003154002913820591,0.11338325794252634,0.12,0.0,0.011139710733478265,0.12
56.65928392,5.071671747706299,0.00143563274925793,-0.0023550509222815784,0.11999999999972033,5.058474132128203,0.012418822103222003,-0.002020487881649082,0.11210930831677327,5.0771531913895895,-0.0004791258448700146,-0.00359663183962631,0.11210930831677327,0.12,0.0,0.007791936196674768,0.12
56.706885488,5.075751737312432,0.001426426042260757,-0.0021668763701653375,0.11999999999972033,5.050035516114222,0.0076109382868973525,-0.013421637529306005,0.14788047045849267,5.077049185437043,0.0012012124673816396,-0.007204124536866028,0.14788047045849267,0.12,0.0,0.009275776755195479,0.12
56.755635494,5.079831728398638,0.0014178994327216962,-0.0020105489197700856,0.11999999999972033,5.071930223345491,0.01789259453802133,0.005789227574224942,0.11119075060784518,5.079869816591996,0.004741942360045424,-0.005145986437885364,0.11119075060784518,0.12,0.0,0.0038339339518979445,0.12
56.806472519,5.083911720783303,0.0014100184034123806,-0.0018670555954188753,0.11999999999972033,5.105972186242623,-0.013341431985601027,-0.012580492553306274,0.12442339455184023,5.090146987209227,0.0008653045890998808,-0.006760430461512834,0.12442339455184023,0.12,0.0,0.007863841240089499,0.12
56.855774999,5.087991714021419,0.0014025911622462903,-0.0017669424944753095,0.11999999999972033,5.082776258617099,0.00896336090227918,0.00029996365923401773,0.13662099618147128,5.094349536690906,0.002561388052311326,-0.005608667045724536,0.13662099618147128,0.12,0.0,0.006201675320593547,0.12
56.906570471,5.0961517031185855,0.0013892658497135844,-0.0015119791839280203,0.11999999999949829,5.088343288338811,0.02047853073237198,0.0038829229406185167,0.09402987666468972,5.098845102102384,0.007523708088974878,-0.009928676395056582,0.11229065414710164,0.12,0.0,0.005742786490640394,0.12
56.958610068,5.100231698758535,0.001383302149497253,-0.0014265430784990466,0.11999999999967592,5.131176171688793,0.022241398682496895,-0.0020980098104227828,0.1095045601993411,5.110502054271392,0.012787453548445026,-0.005781216288811527,0.1095045601993411,0.12,0.0,-0.003353000271740021,0.12
57.007585902,5.104311694614046,0.0013774868431193374,-0.001445640922099313,0.11999999999972033,5.117602039450232,0.028306193859640196,-0.010903530088502734,0.1389236736248089,5.115825011837176,0.016049098206684643,-0.006632653543148223,0.1389236736248089,0.12,0.0,-0.008283201480413461,0.12
57.056375645,5.108391690044412,0.0013713820333181898,-0.0015624976709796112,0.11999999999972033,5.111113080263805,0.007630953944067952,-0.006875479313596118,0.12513839824735865,5.120120190224044,0.014226079435811332,-0.00629734970219505,0.12513839824735865,0.12,0.0,-0.009643460792293692,0.12
57.105854237,5.112471684480053,0.0013646469671516888,-0.001739894005084998,0.11999999999972033,5.130783853787162,-0.000250672110113002,-0.011494378788868482,0.1391318407945705,5.126287998971198,0.011121046757290328,-0.008009753244878848,0.1391318407945705,0.12,0.0,-0.0045108323707290865,0.12
57.156643738,5.1165516777300875,0.0013572272421233976,-0.0018796351796549924,0.11999999999963151,5.12437743920484,-0.0033016085462737607,-0.00386121860810346,0.12369432909834273,5.130340670319383,0.008032215839731075,-0.006975066739771022,0.12369432909834273,0.12,0.0,-0.0013925073134433295,0.12
57.205887477,5.124711662406136,0.001341414441277518,-0.0019605773734720495,0.11999999999918742,5.151182809712198,0.016896854425542847,-0.021585811389206216,0.09919956667882476,5.138436377745921,0.009862967166986971,-0.0107320828702096,0.09919956667882476,0.12,0.0,0.0004964961146813615,0.12
57.256850761,5.128791654642261,0.001333455033999162,-0.0019384177487455645,0.11999999999972033,5.144165579630339,0.0030960894831605296,0.0018398424189444917,0.110710729848163,5.14752244613752,0.009485886300763847,-0.007687002866736199,0.110710729848163,0.12,0.0,-1.7277922389683734e-05,0.12
57.305657184,5.132871647034423,0.0013255759742513496,-0.0019284206788760514,0.11999999999918742,5.138903668865435,0.024275965118835025,-0.009260070186190905,0.1290412183824303,5.150352661314142,0.012583912944760982,-0.007196859370759177,0.1290412183824303,0.12,0.0,-0.002951766754442394,0.12
57.355694996,5.136951639392041,0.001317679096557108,-0.0019543279893005448,0.11999999999972033,5.1476109313762635,0.0012831774274199082,-0.0016156982790159432,0.12030764641445629,5.154193621786152,0.010163246391681768,-0.0055468049880640765,0.12030764641445629,0.12,0.0,-0.004766816023735725,0.12
57.407280972,5.141031631280103,0.001309543759008181,-0.0020365363144777423,0.11999999999918742,5.1147836174706995,0.0035959356975448125,0.00045360422816093484,0.13007553313101516,5.150802654026693,0.008753259798575542,-0.004015832636654468,0.13007553313101516,0.12,0.0,-0.005314361460070799,0.12
57.455899453,5.145111622425334,0.0013010442086182853,-0.002131241262655109,0.11999999999972033,5.140704160874784,0.0008140414913076401,0.01760360890641779,0.11091169466670739,5.152653267593379,0.007094246506599109,0.0002689290926411927,0.11091169466670739,0.12,0.0,-0.007751620115756412,0.12
57.505809696,5.149191612709708,0.0012921411678785506,-0.002239567010588198,0.11999999999967592,5.152866012662663,0.005209665789412493,-0.0036191808676642174,0.11372152843383448,5.156298777931305,0.006689559974147251,-0.0010859588664127594,0.11372152843383448,0.12,0.0,-0.007754399923499801,0.12
57.557117325,5.157351589507356,0.0012726937007932343,-0.002526218686219117,0.11999999999972033,5.148589409292547,-0.019088997852112027,0.00210965921165624,0.10627561347335396,5.165489343875938,0.005348442750155648,9.761362564760604e-05,0.13782832303636455,0.12,0.0,-0.007531598471708273,0.12
57.60574157,5.157351589507356,0.0012726937007932343,-0.002526218686219117,0.11999999999972033,5.148589409292547,-0.019088997852112027,0.00210965921165624,0.10627561347335396,5.164807619044514,0.00016576881498637803,0.0007906195959339773,0.10627561347335396,0.12,0.0,-0.003326922681690131,0.12
57.655554975,5.165511561122572,0.0012511750124745914,-0.002704730291272563,0.11999999999967592,5.1796580550393125,0.01081502321350992,-0.005975360564333403,0.11957349683551781,5.1688489260894,0.0003018952031355851,-0.0026515843420790073,0.12345556987494555,0.12,0.0,-0.0001101884350759206,0.12
57.707058444,5.169591546285017,0.0012401716831806863,-0.0026827786883487615,0.11999999999976474,5.1980881304817235,-0.012213744796618874,-0.0034461849453784827,0.10416546810571199,5.1837884452729055,-0.0006236964349225237,-0.0027583982319970652,0.10416546810571199,0.12,0.0,0.0032872346063779288,0.12
57.75620493,5.1736715318512525,0.0012293192844511558,-0.0026267895292214362,0.11999999999972033,5.184680945707329,-0.01717941883655462,-0.003140835541968589,0.1272668364190477,5.189724662154537,-0.004152950952705764,-0.003144258704160885,0.1272668364190477,0.12,0.0,0.004700772809959628,0.12
57.805883959,5.1777515182089875,0.001218768897632541,-0.0025414003180509845,0.11999999999972033,5.170215997301258,-0.016873062354975373,-0.0016367000110456545,0.12700803430556723,5.189739421716564,-0.006863668773949333,-0.002331747055660103,0.12700803430556723,0.12,0.0,0.010052565833749732,0.12
57.855879216,5.181831505828675,0.0012087199176619382,-0.002370361029799573,0.11999999999927624,5.183550821389343,0.011930218333405719,-0.006893642346714078,0.11392519623481336,5.192932549685266,-0.0028949428000638096,-0.0032703178622734154,0.11392519623481336,0.12,0.0,0.011489938535514006,0.12
57.906572319,5.1859114953826255,0.0011994910456593253,-0.0021499338827079147,0.11999999999972033,5.181573986400176,-0.01675695171079172,0.009816332467780313,0.13590277362030642,5.194858040704527,-0.005823917824527092,-0.0010318018276622844,0.13590277362030642,0.12,0.0,0.010347583050402155,0.12
57.955797901,5.189991486826247,0.0011911386109893863,-0.001947606725248948,0.11999999999976474,5.197690983154272,-0.016147460104736163,0.003235042253702823,0.13323593413308513,5.199431953121323,-0.008010339197480155,-0.00031587597722357655,0.13323593413308513,0.12,0.0,0.01067841179660902,0.12
58.005781741,5.194071479814276,0.001183577639607685,-0.0017573660321642496,0.11999999999972033,5.207955734493149,0.00715042521601697,-0.005314979285065348,0.13999770612822768,5.2065394456388985,-0.004805300758257752,-0.0012177880924965148,0.13999770612822768,0.12,0.0,0.009133898713456922,0.12
58.05661335,5.19815147417855,0.0011767998241759411,-0.0015696505248965198,0.11999999999972033,5.18426926953611,0.0054126490928645046,0.0026070631432761103,0.16188319332315665,5.207086683111715,-0.0026349622744896344,-0.0004263696585454725,0.16188319332315665,0.12,0.0,0.005641747620276448,0.12
58.105746457,5.206311465908282,0.0011651984419565194,-0.001317296610841351,0.11999999999963151,5.191992615514543,-0.0041539687127937095,0.0014908523037379631,0.11707521460974335,5.2093961657829455,0.004586271872324927,0.0004483293653884487,0.11707521460974335,0.12,0.0,-0.0037119664649976633,0.12
58.156265573,5.21039146229683,0.001159770077137772,-0.001356668253002346,0.11999999999972033,5.2346681846018335,0.018700875031886353,-0.0007605661215155605,0.11506824553723605,5.217915079206759,0.007581890001733743,-0.0002797892936584552,0.11506824553723605,0.12,0.0,-0.007530450284722491,0.12
58.206113977,5.214471458290631,0.0011540536462210918,-0.0014530837067120983,0.11999999999963151,5.234707159634137,0.008845843915933557,-0.004151654397212161,0.1371524402055059,5.225801706769147,0.00784176975948294,-0.0009413964027165541,0.1371524402055059,0.12,0.0,-0.008679500857010513,0.12
58.257096784,5.22263144784844,0.001141017143574005,-0.001721535550025475,0.11999999999972033,5.177091472887039,-0.014879053671486066,-0.016132864360300894,0.1147555841171299,5.219409200666995,0.002990764991686254,-0.004503277036587622,0.1147555841171299,0.12,0.0,-0.0005548637358987942,0.12
58.306505328,5.226711441700502,0.0011339343151508634,-0.0017200272672514365,0.11999999999976474,5.241642093425017,-0.0313757347968998,-0.0009432481324971278,0.10083399014441788,5.231438776402747,-0.009478287348156362,-0.007409991646464066,0.10083399014441788,0.12,0.0,0.01614045269526644,0.12
58.35608228,5.230791436369746,0.0011273457625648768,-0.00147567972242956,0.11999999999972033,5.209424661531456,0.024338762583887986,-0.007575560366415245,0.10947063039369312,5.230743452493627,-0.002333835442939587,-0.006526638075527712,0.10947063039369312,0.12,0.0,0.017424561907256483,0.12
58.405592646,5.234871432953248,0.0011220830776744245,-0.0011167029610038921,0.11999999999972033,5.234382759837989,0.0014756094482126603,-0.008129462627161693,0.14202022925791988,5.236983006242145,-0.0015660136553857986,-0.006156522358527615,0.14202022925791988,0.12,0.0,0.01406640163878703,0.12
58.457360004,5.2389514310189504,0.0011181244301371976,-0.0008324700134912516,0.11999999999972033,5.273579135043677,0.007650025440021282,-0.0068966321534295345,0.08830925812162171,5.2473874716519004,0.0003726152846576956,-0.006507868606819842,0.08830925812162171,0.12,0.0,0.01165329376808092,0.12
58.506564285,5.2430314299773055,0.0011152218432283671,-0.0005993498695566291,0.11999999999972033,5.249035798313615,0.001084616109539764,-0.00753458077644875,0.10887562552135797,5.252445731636834,0.0004905979298128199,-0.006463849372236473,0.10887562552135797,0.12,0.0,0.01030313533409169,0.12
58.555566284,5.24711142946823,0.0011131976795619252,-0.0003965984642299092,0.11999999999972033,5.27546547515386,-0.016113304349827648,0.0066373376839848576,0.14253834125678372,5.262568617255246,-0.00304153738027124,-0.003320106516813918,0.14253834125678372,0.12,0.0,0.009740941866752565,0.12
58.606326928,5.251191429275671,0.0011119636024467733,-0.00020999834528494626,0.11999999999976474,5.261467399819491,0.002519469798324907,-0.004759620688705223,0.10985177003674837,5.265790058532933,-0.0018766750931428614,-0.0031290681114857317,0.10985177003674837,0.12,0.0,0.009595887464333895,0.12
58.658043681,5.259351429231409,0.0011116761884044913,0.00012961262148973552,0.11999999999972033,5.254557621290686,-0.01169960042261277,0.0004100540542099242,0.11600266589807921,5.26795356541678,-0.003970413874337889,-0.0016876767790666022,0.11600266589807921,0.12,0.0,0.008546020173090293,0.12
58.705792352,5.26343142913949,0.0011125229273118758,0.0002839806472450525,0.11999999999972033,5.273611193275099,-0.0038535197944090053,-0.0026854449806713084,0.10424563342442589,5.27203323946581,-0.003953319900192879,-0.0013267223653291216,0.10424563342442589,0.12,0.0,0.008014005329816241,0.12
58.756564525,5.2675114288728295,0.0011139874359733218,0.0004354905613477072,0.11999999999972033,5.297086077440764,0.002295574438227432,0.003937678432625662,0.1322152851952304,5.274562219246587,-0.0023620133927728226,-0.002365094284409191,0.1322152851952304,0.12,0.0,0.009651503134601062,0.12
58.805891773,5.271591428313682,0.0011161135686036526,0.0006094162264081821,0.11999999999918742,5.251977418821613,-0.002607239215817308,0.0013214542433185603,0.07980982035701512,5.272223150835376,-0.002415906666299493,-0.0006110905278125559,0.07980982035701512,0.12,0.0,0.006740988798811357,0.12
58.855724879,5.275671427344645,0.0011189199341101138,0.0007583777459314184,0.11999999999927624,5.306134771779832,-0.0022348648955642543,-0.007763911572667601,0.12528216023083333,5.282967473676885,-0.002391997841913272,-0.0016568326718605759,0.12528216023083333,0.12,0.0,0.005873785316667033,0.12
58.906609029,5.279751425981223,0.0011222528042252392,0.0008717753832792406,0.11999999999972033,5.278514185206701,-0.00317588028834509,0.007439683430078511,0.1152090582842448,5.286372243874311,-0.0025500559148319323,0.0003232071437839143,0.1152090582842448,0.12,0.0,0.004622079132986352,0.12
58.956055819,5.283831424246604,0.0011260134445961903,0.0009648684575140769,0.11999999999972033,5.287993122367599,-0.029866629810714987,0.0015237923695055461,0.1147203091362212,5.291530247284381,-0.008343092576804122,0.0005723219894416815,0.1147203091362212,0.12,0.0,0.00686151596395229,0.12
59.01106555,5.291991419765082,0.0011345538748143702,0.0011525714409544201,0.11999999999972033,5.280205100295527,0.023256931810809768,-0.0065055995168462125,0.11256661744258825,5.292215937828776,-0.0016460419351833205,-0.0016128313865459742,0.11256661744258825,0.12,0.0,0.005508205664319787,0.12
59.056730758,5.296071416802817,0.00113946891645928,0.0012545679497276802,0.11999999999967592,5.288626358711403,-0.01518176626497073,-0.0006838776827173194,0.11665298012415777,5.302839512808519,-0.005138565466067168,-0.0005248316522923237,0.11665298012415777,0.12,0.0,0.005045216597579533,0.12
59.105957767,5.296071416802817,0.00113946891645928,0.0012545679497276802,0.11999999999967592,5.288626358711403,-0.01518176626497073,-0.0006838776827173194,0.11665298012415777,5.302839512808519,-0.005138565466067168,-0.0005248316522923237,0.11665298012415777,0.12,0.0,0.007171899233784876,0.12
59.15688524,5.300151413333793,0.0011447880129708515,0.0013580117190152708,0.11999999999918742,5.301648780324556,0.04244690455367426,-0.0024777044445729256,0.13385800054992608,5.308553881642671,0.004950678560934253,-0.00016490992430968844,0.13385800054992608,0.12,0.0,-0.0023778105196367453,0.12
59.2064522,5.308311405071832,0.001156398251179621,0.0014063897244758548,0.11999999999976474,5.294728401357316,0.002609413733466958,0.01535802140181963,0.12743354007525085,5.311194005725594,0.0045525292221558645,0.0034395682827939467,0.12743354007525085,0.12,0.0,-0.008054879565849344,0.12
59.25887441,5.312391401339147,0.0011619152472308928,0.0012838231398608977,0.11999999999972033,5.29983579261843,-0.006873405568339241,-0.004466936447408361,0.10769784743984502,5.312889917324867,0.002127802364767115,0.001476275895301693,0.10769784743984502,0.12,0.0,-0.007796130067659429,0.12
59.305554787,5.316471398409359,0.001166800884997113,0.0011201025575811783,0.11999999999972033,5.3009741728065105,-0.028339134562364934,-0.009427300365886323,0.11272237992756523,5.314132556910992,-0.004352995615629834,-0.0002038049344714782,0.11272237992756523,0.12,0.0,-0.000766847719794319,0.12
59.355585762,5.320551396132321,0.0011711092154613673,0.0010134651209687889,0.11999999999972033,5.315666612094911,-0.0012163523909060746,-0.002089736227823844,0.12481924471474545,5.318474551591355,-0.003690505335093917,-0.0010672485272393828,0.12481924471474545,0.12,0.0,0.004460067141057128,0.12
59.406436027,5.324631394018285,0.0011752624308681355,0.0010367756239806991,0.11999999999972033,5.327838587076162,0.006088931223795401,-0.010664863086907199,0.12207978970439673,5.32397671746243,-0.0016357930036752805,-0.0028574960842834697,0.12207978970439673,0.12,0.0,0.006133666704300585,0.12
59.457715412,5.328711391645858,0.0011796612121853787,0.0011194901447476886,0.11999999999918742,5.322242931619422,-0.011829157519206233,0.006275141085830678,0.10773652211655177,5.327765684783016,-0.0037935173759647937,-0.0015097697613622024,0.10773652211655177,0.12,0.0,0.006909113495391704,0.12
59.505580114,5.336871385404353,0.001189738558479615,0.0013332893371788787,0.11999999999972033,5.351397455304437,0.023580755811179546,0.00496609055802881,0.11502271031586941,5.33705236514252,0.0020185892714459754,0.0008026866221209886,0.11502271031586941,0.12,0.0,-0.0006702711216931161,0.12
59.55750211,5.340951381733955,0.0011952112341507897,0.0013366002725347132,0.11999999999976474,5.338042241412095,-0.002819871287173585,-0.009176418484051263,0.09897517773955396,5.3473194933623684,0.0019961630112424397,-0.0011297517124036088,0.09897517773955396,0.12,0.0,-0.002178477817342225,0.12
59.605761835,5.34503137823574,0.0012005536756805428,0.0012861042530684015,0.11999999999972033,5.330610611331909,-0.0006839982335244375,-0.008065671870617741,0.1516954788214959,5.348365323575332,0.0014111339261767605,-0.00321234683552769,0.1516954788214959,0.12,0.0,0.0005370301361471851,0.12
59.655599758,5.34911137495348,0.0012057287788342845,0.0012578683690124095,0.11999999999940947,5.366959998328683,0.015310031506687135,0.016376743720698164,0.09374126394192428,5.3561522092913805,0.004381059332493383,0.001682697218417219,0.09374126394192428,0.12,0.0,-0.0031419323431385966,0.12
59.706497948,5.3572713685277495,0.0012159678029042729,0.0011956126404902847,0.11999999999972033,5.349960145167147,0.012758652195259474,-0.001272027860434632,0.09918249108993427,5.354313445102402,0.003823219435867575,0.0027650741003247075,0.10621934432942567,0.12,0.0,-0.007871677491354583,0.12
59.755569743,5.36135136592383,0.0012205743142797826,0.0010557841252001262,0.11999999999972033,5.355265359602452,-0.0005783939112203112,0.008201525524669677,0.11536791789947394,5.359287284444407,0.0043999720582726595,0.00251409226273202,0.11536791789947394,0.12,0.0,-0.009528796769319905,0.12
59.805610241,5.365431363990023,0.0012245417528461875,0.0008867717151116048,0.11999999999972033,5.3714652242911995,-0.02138103103759695,0.010293807363933035,0.1075771405371312,5.365087837024004,-0.0010510446450398758,0.003934337235754294,0.1075771405371312,0.12,0.0,-0.007573071078396473,0.12
59.856743556,5.373591361866413,0.0012303781667322316,0.0005668127013757155,0.11999999999972033,5.346596814214023,0.0006540571706433627,0.00862034071216656,0.11369010452090042,5.366633581722947,0.0018630296600820736,0.002642099636766702,0.11369010452090042,0.12,0.0,-0.006505363315542692,0.12
59.905554978,5.377671361337687,0.001232450453827009,0.00044704823359304526,0.11999999999972033,5.359271160477161,0.0008878512572866654,0.006207523221414109,0.1278538421604388,5.366633581722947,0.0018630296600820736,0.002642099636766702,0.11369010452090042,0.12,0.0,-0.0067606748227496405,0.12
59.95557268,5.381751361033122,0.0012340199409744958,0.00032142764895902757,0.11999999999940947,5.403774103705329,-0.0001392313104920974,0.021822819478035403,0.14134439087370254,5.382232839546632,0.0013418488602225144,0.007196585499501143,0.14134439087370254,0.12,0.0,-0.009929965634642511,0.12
60.008299665,5.385831360900383,0.0012350455371974596,0.0001691316344600014,0.11999999999918742,5.367515179787118,-0.013383964232525894,0.004900166431123331,0.09472687640422742,5.381565593544791,-0.0017692503869468433,0.006861400525705173,0.09472687640422742,0.12,0.0,-0.00884878072592199,0.12
60.058676407,5.389911360882075,0.0012353735067245088,-4.6422189242004095e-06,0.11999999999967592,5.41049520839447,-0.009313273594823623,-0.01109022217436291,0.11897383487232727,5.392326044054717,-0.0033700005132520352,0.003122742908278407,0.11897383487232727,0.12,0.0,-0.00486690719520833,0.12
60.105796187,5.398071360767478,0.001234149969195413,-0.00026571815496711224,0.11999999999972033,5.371243172662938,-0.010511262310006713,0.0014016511228669949,0.13266527569584027,5.395087481862261,-0.0011474926885270222,0.0027488127429210747,0.13266527569584027,0.12,0.0,-0.00681155751610964,0.12
60.156629039,5.40215136054882,0.0012328218543576376,-0.0003821783337257427,0.11999999999972033,5.371243172662938,-0.010511262310006713,0.0014016511228669949,0.13266527569584027,5.395087481862261,-0.0011474926885270222,0.0027488127429210747,0.13266527569584027,0.12,0.0,-0.005016523526890792,0.12
60.207702602,5.4062313601814695,0.0012310928849780702,-0.0004560498398823072,0.11999999999967592,5.413743368322989,-0.0002942412207295722,-0.0075241808151971555,0.10521425545679408,5.40293638251649,-0.0024126021612928266,0.0005626625167566197,0.14848062023582914,0.12,0.0,0.00040262745189902083,0.12
60.256780972,5.410311359746301,0.0012292085251127752,-0.000460591906035449,0.11999999999972033,5.41998125250619,-0.01715253591152132,0.015429877618545354,0.1144140090296241,5.414797579412857,-0.00517176941953379,0.0027604977806352745,0.1144140090296241,0.12,0.0,0.0023923974668313007,0.12
60.306011328,5.41439135934653,0.0012274029969099847,-0.0004217279724047447,0.11999999999972033,5.423644998747525,0.013307199804952468,0.015936173091533876,0.11130678943631389,5.420294598800862,-0.0012164788171467045,0.004814628043288921,0.11130678943631389,0.12,0.0,0.0026269090923939633,0.12
60.356717738,5.418471359017816,0.0012257657926034358,-0.00039500667248029464,0.11999999999967592,5.444270001142788,-0.01666566397154929,0.0206241980925145,0.1280184426287097,5.42998883746405,-0.004445421054994804,0.008809206595014649,0.1280184426287097,0.12,0.0,-0.005427023284786076,0.12
60.405847499,5.42255135866219,0.0012240636073328171,-0.0004481674056812982,0.11999999999967592,5.437186921913915,0.011838093812397399,0.005726406832084752,0.11586463430976379,5.435514079308581,-0.0009594464533811552,0.007804966813650583,0.11586463430976379,0.12,0.0,-0.009405906441215623,0.12
60.456384908,5.426631358137184,0.001221999433725807,-0.000575419896276404,0.11999999999972033,5.405300184365336,-0.021320778278810078,-0.006546047742706054,0.11940017485253082,5.432928311312344,-0.005274194580753104,0.004119800167045512,0.11940017485253082,0.12,0.0,-0.0022744803362961573,0.12
60.505706109,5.430711357257219,0.001219325909482783,-0.0007191742287277711,0.11999999999972033,5.461855367818231,0.0003865234172847358,-0.012281921527131997,0.13181593459682653,5.444365503171176,-0.004080182256520251,-0.0006794106765570078,0.13181593459682653,0.12,0.0,0.003983315867907282,0.12
60.555961086,5.434791356157051,0.0012163298093376064,-0.0007297034648465155,0.11999999999972033,5.40370637616858,0.013750717535039482,0.005808391089368977,0.11668585032642043,5.440511977272978,-0.00028587529810334853,0.0005370140479327159,0.11668585032642043,0.12,0.0,0.0008871389153812507,0.12
60.606443483,5.442951354278073,0.0012107959841051136,-0.0006575736098610604,0.11999999999940947,5.446348252306602,0.0006889733542574518,-0.0031999294915726444,0.11594682567431427,5.450485603566735,0.002078957909178236,0.0015425451860273936,0.11594682567431427,0.12,0.0,-0.004349242684522707,0.12
60.655609332,5.44703135330171,0.001207974654476521,-0.0007303036543117926,0.11999999999967592,5.467772661767211,0.013931372151411521,-0.007441934361207453,0.10988811626245294,5.458369193773025,0.004585043804845598,-0.0004680181348708021,0.10988811626245294,0.12,0.0,-0.005264929942009243,0.12
60.706206397,5.451111352069762,0.0012048060474474788,-0.0008252223191933981,0.11999999999967592,5.457009109170995,-0.005400884116070766,0.005383235286884485,0.13165151257524826,5.463014945850161,0.0024742758091882986,0.0009978977968704392,0.13165151257524826,0.12,0.0,-0.005278624720167515,0.12
60.755588002,5.455191350504232,0.0012012338046821292,-0.0009247233887259049,0.11999999999972033,5.467779474880416,0.026192351191314328,0.00503701479330365,0.15560952144153217,5.470299566484569,0.0075235250308270185,0.0017035462308531972,0.15560952144153217,0.12,0.0,-0.008532925123131928,0.12
60.806328842,5.459271348540792,0.0011972339463789587,-0.0010526467369493975,0.11999999999972033,5.440439737160227,-0.006507044701335581,0.006207284346244673,0.12034928197988677,5.468393621292921,0.004563359199635211,0.0025586317452943705,0.12034928197988677,0.12,0.0,-0.010438031691616261,0.12
60.85677803,5.463351345840547,0.0011925454377260654,-0.0012458536519997304,0.11999999999972033,5.477677127782755,0.0006263642831809019,-0.0009616630325095349,0.10931493573277441,5.474119142758794,0.003731355220093437,0.0015116291327595698,0.10931493573277441,0.12,0.0,-0.01046344953985983,0.12
60.90559314,5.4674313421739225,0.0011870797585955125,-0.0014278481325658075,0.11999999999918742,5.479229861597413,-0.02905991790546593,-0.002452232487948587,0.13033993056210644,5.480706278603907,-0.003227833041211325,0.0006972531935182329,0.13033993056210644,0.12,0.0,-0.003215821995966992,0.12
60.957959253,5.47151133757408,0.001180955090829258,-0.0015499699994089779,0.11999999999972033,5.470196518635567,0.013502050226806792,0.013458562084195137,0.1267364271566987,5.482528027464466,0.00034941732848304185,0.003978319623843728,0.1267364271566987,0.12,0.0,-0.0002684285616987119,0.12
61.005724566,5.475591332540129,0.0011745461153332046,-0.001593641617402378,0.11999999999972033,5.4886328715032455,0.01765645581970624,-0.0021344893604959164,0.1340443189865774,5.489351448434503,0.004029408339368148,0.0033024965730999328,0.1340443189865774,0.12,0.0,-0.007533954251589148,0.12
61.055995378,5.479671327110804,0.0011678907976883507,-0.001677788899904709,0.11999999999963151,5.493957121870201,0.006393370210503555,-0.005718128469791946,0.10387775369746138,5.493554942116906,0.004525392991919035,0.0011175623126597311,0.10387775369746138,0.12,0.0,-0.008085229097609661,0.12
61.108061014,5.48375132087119,0.0011607573047803896,-0.0018210431070989283,0.11999999999972033,5.477237295244713,0.02091354676037426,0.006779186491909225,0.10436058403498216,5.494553893089093,0.008017551365398258,0.0029216884943073147,0.10436058403498216,0.12,0.0,-0.013776213225919647,0.12
61.156288655,5.487831313457097,0.0011529823600730674,-0.002009245996014742,0.11999999999963151,5.466511848703162,0.020285622907544824,0.007011898560076217,0.12831550053182678,5.493126789424963,0.01064039207837998,0.004515723504701086,0.12831550053182678,0.12,0.0,-0.019472719003608432,0.12
61.206036151,5.4919113040521506,0.0011442286495697413,-0.0022988354464980308,0.11999999999972033,5.477578149436347,-0.034223322952336495,0.00799596317112676,0.1386155132687974,5.49494520389333,0.0011520755191344132,0.004378458194946631,0.1386155132687974,0.12,0.0,-0.011869008851375148,0.12
61.256947506,5.500071276720754,0.0011231431497443277,-0.0028212965117940156,0.11999999999972033,5.495500345620822,0.009742012474704268,0.004464326377702126,0.11819137394945645,5.499632382223581,0.002993968908093776,0.004870056254894312,0.11819137394945645,0.12,0.0,-0.011965608077487627,0.12
61.307978179,5.504151259176536,0.0011111810069176018,-0.003039726764996788,0.11999999999972033,5.534492086784356,0.009402214135605887,-0.004686393794187189,0.10749454103314983,5.514239364771433,0.004160899889734592,0.0012109949979822359,0.10749454103314983,0.12,0.0,-0.009307835557707377,0.12
61.355663872,5.508231239147485,0.0010983985416929858,-0.003220407304763224,0.11999999999972033,5.516162963995758,-0.0015060597082726202,0.010166350439939085,0.12399590702704437,5.519657566423899,0.0029813160505515017,0.003058834716448903,0.12399590702704437,0.12,0.0,-0.008845122213802695,0.12
61.405620925,5.512311216912513,0.0010849300447129155,-0.0033826350824962986,0.11999999999972033,5.519960725690092,0.022316177301616596,-0.003614614674986995,0.11495091992078484,5.524423991966167,0.0070851492110642275,0.0019058374713330959,0.11495091992078484,0.12,0.0,-0.010802222699463647,0.12
61.455988002,5.516391192312696,0.0010707637448822717,-0.003570866837448245,0.11999999999972033,5.507741067558494,0.009207978590983459,-0.000537197983619069,0.11926364064530329,5.525205484535526,0.007538933489517883,0.0014782763468096471,0.11926364064530329,0.12,0.0,-0.012337224973128988,0.12
61.505712368,5.520471164659171,0.001055744315733979,-0.003793845216331917,0.11999999999972033,5.541666551871194,0.010486067406221058,-0.006298195479619798,0.1437535801151653,5.533936722929164,0.00815483423665455,0.0002597095545325027,0.1437535801151653,0.12,0.0,-0.01207065165478204,0.12
61.555681431,5.524551133461349,0.0010397913209072406,-0.004025151819528667,0.11999999999972033,5.530216774992603,0.0056666265100762435,-0.008660381494698239,0.08216278313667891,5.535477622049647,0.007612724596659317,-0.0017577089450222967,0.08216278313667891,0.12,0.0,-0.009671753074857337,0.12
61.606668678,5.532711060493086,0.0010052945008050599,-0.004397479824917872,0.11999999999972033,5.5276608086601025,-0.033783893250452876,0.008129178484707417,0.12110556314843839,5.541259951516401,-0.004365443400427907,-0.00046948031220868207,0.12110556314843839,0.12,0.0,-0.00337068408969857,0.12
61.655964671,5.536791020245567,0.0009871724117765481,-0.004467014387311865,0.11999999999976474,5.5276608086601025,-0.033783893250452876,0.008129178484707417,0.12110556314843839,5.541259951516401,-0.004365443400427907,-0.00046948031220868207,0.12110556314843839,0.12,0.0,0.0012359001045055002,0.12
61.713507699,5.540870980070673,0.000969066685520063,-0.004390830024076496,0.11999999999972033,5.53708044178586,-0.00888800576392004,-0.0062512016084615525,0.10963116559355866,5.543239339873056,-0.0054833208108714376,-0.0017795006698731709,0.1335611042440014,0.12,0.0,0.006737085005950896,0.12
61.755919155,5.544950941982043,0.0009514379933233482,-0.004243496958535545,0.11999999999972033,5.5129737147738425,-0.01768469533065589,-0.00798563422092531,0.1289762613077977,5.546124889780064,-0.00622735414428508,-0.0005338083270886591,0.10963116559355866,0.12,0.0,0.009336465866832473,0.12
61.805843665,5.549030906687126,0.0009344684628989829,-0.004073338440303371,0.11999999999972033,5.53690507730043,0.0021963767233005365,-0.0028070704127610775,0.11525146399491074,5.545930271591791,-0.006379169731402906,-0.0015434440056166796,0.11525146399491074,0.12,0.0,0.011761586055703252,0.12
61.856903716,5.553110874521651,0.0009182695838734451,-0.0038610219521426504,0.11999999999972033,5.551895414510776,0.02250220554073032,-0.022026795266238772,0.09659135416317811,5.550466481896505,-0.0002917803913053702,-0.004962420065263084,0.09659135416317811,0.12,0.0,0.011642837128628993,0.12
61.908486666,5.5571908457472325,0.0009029483579831351,-0.0036565702031587533,0.11999999999972033,5.5634203353019815,-0.0018365843557354633,-0.009953538385031354,0.13691578738420454,5.55915255832626,-0.0006574922332736328,-0.006694970761061777,0.13691578738420454,0.12,0.0,0.010370507977970442,0.12
61.956926926,5.561270819777149,0.0008883925420276558,-0.003476830532734177,0.11999999999967592,5.567623618077446,-0.009088900559419697,-0.007679922075166992,0.13767052297140214,5.565178300197578,-0.0024780061293748342,-0.0065051300073547215,0.13767052297140214,0.12,0.0,0.012211781509744758,0.12
62.006195255,5.5653507964801445,0.0008746067500540349,-0.0032784214536374515,0.11999999999972033,5.579200843880053,0.014867789727449445,-0.005751624139284918,0.09066595979786271,5.570999165109341,0.0011852306647523454,-0.006141019401092405,0.09066595979786271,0.12,0.0,0.009324213017798543,0.12
62.05693382,5.573510757964668,0.0008495522568585614,-0.002888875154607126,0.11999999999972033,5.57327917894642,-0.009332052934997417,0.004448808578525149,0.10935666375751442,5.577509972584313,-0.002622691916010331,-0.0016468614108885128,0.10935666375751442,0.12,0.0,0.007527129195079876,0.12
62.105901742,5.577590741826052,0.0008380779412586857,-0.0027401109226479576,0.11999999999972033,5.555969084420317,-0.00762520608966332,-0.015631447417981625,0.14216780650207572,5.577591526546261,-0.0037187858677811512,-0.0037857510350441394,0.14216780650207572,0.12,0.0,0.008843989533547907,0.12
62.15565469,5.581670727271066,0.000827181204711271,-0.002593502753055109,0.11999999999972033,5.570782528776923,0.01926949990745293,-0.010707753613210799,0.13105276754459413,5.581143037159453,0.0011263629486009475,-0.0048969222368889925,0.13105276754459413,0.12,0.0,0.008245813862785428,0.12
62.205580186,5.585750714458187,0.0008169582667489627,-0.002419358909894893,0.11999999999945388,5.57966852251297,0.02206570060284708,-0.003495087963382516,0.10833190843914925,5.584357799090117,0.005556396600169109,-0.0051588146956688796,0.10833190843914925,0.12,0.0,0.004181501170568536,0.12
62.256610455,5.589830703157412,0.0008073565023192131,-0.002302185318470123,0.11999999999972033,5.548966193426028,-0.024402148306848576,-0.0009901825907679925,0.13115923974931387,5.581751449928751,-0.0008210046335055329,-0.0032239761245880815,0.13115923974931387,0.12,0.0,0.004167219011922841,0.12
62.305966228,5.593910692647675,0.0007980961189489079,-0.002239955744199713,0.11999999999972033,5.5878168184326045,0.011221037278898912,0.0012541445042253613,0.1242679872000672,5.587998877854263,0.001727095000596006,-0.002074959795425142,0.1242679872000672,0.12,0.0,0.0032282762634638037,0.12
62.357003283,5.597990682793874,0.0007891297424804216,-0.002155860606254655,0.11999999999967592,5.593245940579984,0.007315218035684433,6.613178532447568e-05,0.12302258738751481,5.593197265151204,0.002907960616149976,-0.0013383889975751638,0.12302258738751481,0.12,0.0,0.0009122831134863028,0.12
62.40606396,5.602070673521351,0.0007804313729672069,-0.0021194242952235144,0.11999999999976474,5.591183145829175,-0.010764675364899189,0.011816650893295923,0.12898961964199263,5.597780205378641,2.705327612885413e-05,0.0012625335675740695,0.12898961964199263,0.12,0.0,-0.0015444177165515535,0.12
62.46390664,5.610230654888867,0.0007629938426393074,-0.0021697141288291714,0.11999999999972033,5.624509155621423,0.022778356122640387,0.01936531142898078,0.09927892179429901,5.6044058629706655,0.0012721317838852652,0.0015433751184521923,0.10476642946930725,0.12,0.0,-0.003469138222409109,0.12
62.506421106,5.614310645026951,0.0007540234652573453,-0.0022359371743170607,0.11999999999972033,5.601481216862764,-0.03616547955069059,-0.005834771768724739,0.11469337813348648,5.613011602331158,-0.0030487898146118204,0.001962961612660253,0.11469337813348648,0.12,0.0,-0.0043944700169412775,0.12
62.55555421,5.618390634121177,0.0007445913312521391,-0.0023671792023970827,0.11999999999972033,5.608250830402576,0.010384683676700604,-0.015256871130137264,0.10364990941737723,5.615725588713395,-0.00021941405038102685,-0.0015704633922890678,0.10364990941737723,0.12,0.0,-0.0018866564121738847,0.12
62.60652307,5.622470622507044,0.0007348563728953112,-0.002403536057106515,0.11999999999972033,5.6093490821732255,0.008977781523856315,0.008429149431519999,0.1506020751695121,5.620215668597999,0.0017450718013726355,-0.0002034549814997431,0.1506020751695121,0.12,0.0,-0.00012782012722741432,0.12
62.655780309,5.626550610762058,0.0007250666678410987,-0.0023923327803287344,0.11999999999972033,5.602077371031808,0.004394928943806735,-0.005292186146946996,0.11703812829529432,5.620137833567111,0.002297459625002366,-0.001427219184949565,0.11703812829529432,0.12,0.0,-0.0009643963055360387,0.12
62.705721325,5.6306305990369845,0.000715285254327993,-0.0024057138141884305,0.11999999999967592,5.628887367869346,-0.009896105901553888,0.0030210119556385896,0.1194006482571627,5.6259973057109125,-0.00028603144540363017,-0.0012072391036348775,0.1194006482571627,0.12,0.0,0.0013358534114534658,0.12
62.756326796,5.634710587194695,0.0007054550567771983,-0.0024034026528411056,0.11999999999972033,5.64681022354357,0.016970412993905074,0.004073711233821013,0.1340993821075346,5.636072057174923,0.00338044861973828,-0.00016194888276685254,0.1340993821075346,0.12,0.0,-0.00264454594673699,0.12
62.805957932,5.638790575436159,0.0006956597007665558,-0.002414207136867407,0.11999999999972033,5.656632049182943,0.017471017890417762,0.0001701073821726031,0.1305337344956013,5.64565811358808,0.006368462696675386,0.000700545614699463,0.1305337344956013,0.12,0.0,-0.006335247393039882,0.12
62.857070846,5.64287056322902,0.0006856796220516254,-0.0024921758196683064,0.11999999999972033,5.649442799479154,-0.00806854190451789,-0.0038373106517561907,0.12220218684375704,5.651507233948224,0.003298343175620464,-0.00030992957944623087,0.12220218684375704,0.12,0.0,-0.007937882257397482,0.12
62.905909895,5.646950549865016,0.0006752381952751513,-0.002624826705248551,0.11999999999972033,5.6525111351715065,0.021190022097959376,-0.0006339482123063474,0.1253103106735608,5.656580767479419,0.007090148163495794,0.0007144915652748929,0.1253103106735608,0.12,0.0,-0.007850425634515566,0.12
62.955673017,5.651030535224201,0.0006643087040119222,-0.00273389799287732,0.11999999999963151,5.653226631501664,0.002704803210737984,-0.0082564419356665,0.12179025354467443,5.6609886738775685,0.006144414941814005,-0.0015619126717152294,0.12179025354467443,0.12,0.0,-0.007841634008229407,0.12
63.005635906,5.655110519072594,0.0006528300758217671,-0.0028941612651380913,0.11999999999972033,5.658336889635757,-0.022787036971607486,0.004920312030381386,0.1271756891638185,5.6648964086380165,1.0238728807628918e-05,0.0001903057947728777,0.1271756891638185,0.12,0.0,-0.0040246238670172,0.12
63.055737334,5.6591905012404675,0.0006407680087853339,-0.0030019962379636716,0.11999999999972033,5.668191049120327,-0.0258677616058804,-0.017012448294673563,0.11135609126884363,5.670770961111048,-0.005517922535118752,-0.0035433019908023165,0.11135609126884363,0.12,0.0,0.004793448996654858,0.12
63.106530078,5.663270482600285,0.0006284350469349825,-0.003017234050332091,0.11999999999976474,5.6661650762413265,0.01085023831576752,-0.011233448379325807,0.14739227122952947,5.6749203649156055,-0.00208055745867157,-0.004738885858668621,0.14739227122952947,0.12,0.0,0.009465170746354883,0.12
63.156688556,5.667350464868991,0.0006164078819934205,-0.0028658517557366703,0.11999999999972033,5.667177286316867,0.005757780788783618,-0.01967151621524179,0.13662813478920952,5.6785304704655575,-0.0004761436659313802,-0.00768926727602638,0.13662813478920952,0.12,0.0,0.011257862851744821,0.12
63.209857094,5.671430449138895,0.0006050804081273886,-0.002684454809351186,0.11999999999972033,5.654787680961139,-0.01361071754730714,-0.0037874872197923345,0.11688512664925381,5.676998935109527,-0.0032842545114958473,-0.006271983161710467,0.11688512664925381,0.12,0.0,0.012793301022712976,0.12
63.256453434,5.679590424362017,0.000585002294526796,-0.002204795303163751,0.11999999999976474,5.6870969233490785,-0.04057649350498071,-0.005001028960984695,0.08745832256507238,5.68761074664877,-0.015026376594392956,-0.006281641864023266,0.08745832256507238,0.12,0.0,0.019497258301153716,0.12
63.30830967,5.683670415885648,0.0005766957943411169,-0.0018579121631390131,0.11999999999972033,5.685922354582153,0.008810050772766852,-0.008021928981818787,0.11167341559588795,5.6909460068745314,-0.009996509511983245,-0.005567286771717373,0.11167341559588795,0.12,0.0,0.02433544991277574,0.12
63.355804596,5.6877504104422245,0.0005700533211033581,-0.0013995815247732524,0.11999999999972033,5.692385275714563,-0.04122811261457196,0.004256812446807609,0.1297566907690398,5.695200031732684,-0.016630014853168895,-0.0032052790769281645,0.1297566907690398,0.12,0.0,0.025722229799724404,0.12
63.406617644,5.691830407592404,0.0005652607732271873,-0.0009427267492249561,0.11999999999972033,5.682350471907325,0.02033906301283217,7.648963051140308e-05,0.1340452268129489,5.697789078768343,-0.008798887190006339,-0.0010867252306988712,0.1340452268129489,0.12,0.0,0.026779625398427435,0.12
63.455873104,5.695910406550896,0.0005624008002327014,-0.00047552826803199213,0.11999999999972033,5.726624041394267,0.002179548769043133,-0.006824797290656345,0.13874777421560197,5.708952547145122,-0.006487076644121154,-0.0020065096991731574,0.13874777421560197,0.12,0.0,0.015157065318762306,0.12
63.506082714,5.699990406354372,0.0005612018292373098,-0.00012582336783294022,0.11999999999972033,5.689929456734659,0.010562602145567923,-0.013066863242627484,0.11756299441146478,5.708206811203425,-0.002896530439761699,-0.0039887913228405765,0.11756299441146478,0.12,0.0,0.011884213710317476,0.12
63.555899897,5.704070406344033,0.0005612244342049312,0.0001237032116625186,0.11999999999936506,5.707859182641768,-0.001272518333228037,0.003619573460835757,0.0879460384630372,5.712540565710656,-0.0025558140526065693,-0.002148067721304278,0.0879460384630372,0.12,0.0,0.009441996093601357,0.12
63.606066672,5.708150406227197,0.0005621684216649286,0.00033447825266974155,0.11999999999967592,5.699071062783902,0.010132123604338244,-0.0008291506822075836,0.15300104306463416,5.714881734319166,0.00012719086936130572,-0.0014464990525564873,0.15300104306463416,0.12,0.0,0.004352797952240239,0.12
63.657293247,5.712230405886295,0.0005638296901187453,0.00046051558998829524,0.11999999999967592,5.670755904087974,0.004659211489576925,0.007764803075435702,0.10686116255585464,5.710255752460621,0.0011009884047539493,0.0005087344478742148,0.10686116255585464,0.12,0.0,0.003359583476264924,0.12
63.706414498,5.716310405379517,0.0005658615383473577,0.000530947248708015,0.11999999999972033,5.731141159888453,-0.013315279250200119,0.0027451395119616807,0.11776474997700238,5.718661830238253,-0.0019515257346118912,0.0007906945613129667,0.11776474997700238,0.12,0.0,0.0012683810585110227,0.12
63.755933608,5.720390404786039,0.0005680620252776803,0.0005491791252884512,0.11999999999967592,5.711361675863534,-0.007907790533687469,0.007170334989651617,0.12920575249416466,5.722746640283075,-0.0032009223465439144,0.0034241139174986317,0.12920575249416466,0.12,0.0,0.0002752645759033236,0.12
63.805879399,5.724470404145032,0.0005703489282040674,0.0005680280131360863,0.11999999999967592,5.75465791586708,-2.7214209840236672e-05,-0.004579113997680026,0.14818628962172678,5.7354695750027265,-0.0025258103716373327,0.001796030043172348,0.14818628962172678,0.12,0.0,4.847217150523561e-05,0.12
63.856330694,5.72855040348563,0.0005726685456342167,0.0005672802984208218,0.11999999999972033,5.70724254599684,0.010011966003788285,0.010089922899976744,0.09170350898264386,5.732866086386755,0.00015599527543987612,0.004217184525102037,0.09170350898264386,0.12,0.0,-0.004852403298804398,0.12
63.906232567,5.732630402842896,0.0005749583922811391,0.0005405847769906866,0.11999999999972033,5.752806466519365,-0.005725578203372014,0.006535319283086452,0.12212126768597234,5.740567389149786,-0.0010726720695931054,0.004446856607884554,0.12212126768597234,0.12,0.0,-0.005195593879613786,0.12
63.956674876,5.736710402333511,0.0005769944166937327,0.00045307793617758356,0.11999999999972033,5.743313053216539,0.005307747174644192,0.008389910584432406,0.11700556598157873,5.746179254190568,0.0003113808453545782,0.0053323998445639,0.11700556598157873,0.12,0.0,-0.0069984198431505,0.12
64.006613486,5.740790402003313,0.0005786307543359631,0.00034187906427773576,0.11999999999972033,5.727350872458502,0.020239377399777436,0.0008938985024653562,0.14268846075221783,5.747750205758701,0.00455807321566112,0.005329795397613775,0.14268846075221783,0.12,0.0,-0.012624862064830742,0.12
64.055881584,5.748950401837671,0.0005799614221985594,-5.64005292517567e-05,0.11999999999976474,5.74660751657083,-0.0014506778918961538,0.0028734594276288612,0.11001277836574329,5.750178581547415,0.003932857689211066,0.003021913781478156,0.11001277836574329,0.12,0.0,-0.011561062601799529,0.12
64.107577442,5.753030401771056,0.0005792715381242317,-0.00027719391875566087,0.11999999999927624,5.791487587393514,0.00020202534236135025,-0.02505500563542928,0.13028351442447714,5.763756011845706,0.0031032603623876564,-0.004264015361248716,0.13028351442447714,0.12,0.0,-0.004939516762247169,0.12
64.156672148,5.757110401497373,0.0005777870846201138,-0.0004204042322554017,0.11999999999976474,5.7701116147817055,0.016032392244186552,-0.01120244942284868,0.12391652771789022,5.769401729207991,0.005815297722227206,-0.005789565013242028,0.12391652771789022,0.12,0.0,-0.0003437073772891991,0.12
64.206143888,5.761190401115231,0.0005760214115324854,-0.00043950649889537997,0.11999999999972033,5.757630629912909,-0.0021221104135792364,-0.006456640448710684,0.12122115713685101,5.771904882654255,0.004102198966393602,-0.0065771944186902385,0.12122115713685101,0.12,0.0,0.0023327593398529663,0.12
64.255895597,5.765270400721915,0.0005742300250033829,-0.0004269020964016667,0.11999999999972033,5.767320921977842,0.02605476529730578,-0.006766936554123555,0.13869406918507976,5.775378615098464,0.00872981441838443,-0.006042310683043945,0.13869406918507976,0.12,0.0,0.000900547533535517,0.12
64.308057093,5.769350400395237,0.0005725987148320709,-0.0003771023717735673,0.11999999999967592,5.784306168934856,0.01193833448889524,-0.00013338328975359543,0.12524693133688103,5.781577508964359,0.009395121794541784,-0.0043015580360851674,0.12524693133688103,0.12,0.0,-0.0030530390636413812,0.12
64.355934801,5.773430400109338,0.0005710713877986458,-0.00038130753028868997,0.11999999999936506,5.743571620760601,0.01236122422794835,-0.01760875376845617,0.14732604072293826,5.779824399073072,0.00996456284919741,-0.006228901486573998,0.14732604072293826,0.12,0.0,-0.003974080610358255,0.12
64.40648794,5.777510399751145,0.0005693644113536296,-0.0004581078615079227,0.11999999999945388,5.807400797728772,-0.02177424379440822,0.005961955420842687,0.12262896041535279,5.789646631786355,0.003232092778866405,-0.00461226028789626,0.12262896041535279,0.12,0.0,-0.0008968530911507189,0.12
64.456644118,5.781590399273051,0.0005673897508320721,-0.0004899308841211222,0.11999999999967592,5.766199607235206,0.013724972199983686,0.0002050832036108206,0.10372672100684438,5.7893542478090865,0.005447781123304716,-0.0037852349726959157,0.10372672100684438,0.12,0.0,0.00013318666914459236,0.12
64.506209252,5.785670398806302,0.0005654384810686548,-0.00046298986741277477,0.11999999999972033,5.80287803193669,-0.006775314410624815,0.003209176977001428,0.12080608057230643,5.795886649166623,0.0028542140325707867,-0.0026912323583801303,0.12080608057230643,0.12,0.0,0.00025353965213603745,0.12
64.556269837,5.789750398373319,0.0005635588383012054,-0.00045888843508857353,0.11999999999972033,5.786721383418468,0.005494886084580174,0.008287843723668822,0.1170969300869097,5.79825418273371,0.0034218659745982516,0.00045736663832876334,0.1170969300869097,0.12,0.0,-0.003800674320412637,0.12
64.605662612,5.793830397928341,0.0005616538742794552,-0.0004929448503725763,0.11999999999972033,5.822997496289087,0.001979981156725376,0.010789565317963693,0.14926385730524733,5.812712566865756,0.0031482069797475727,0.0026263464230045623,0.14926385730524733,0.12,0.0,-0.006307747826607752,0.12
64.657535836,5.7979103973440305,0.0005594729513884037,-0.0005848742597366701,0.11999999999972033,5.770269417769674,0.021367047375120744,0.004009878171854161,0.13407883189189568,5.807379576375484,0.007027809937435069,0.002851303406996117,0.13407883189189568,0.12,0.0,-0.010372736858574594,0.12
64.705937787,5.801990396482504,0.0005568265348135646,-0.0007268021469263383,0.11999999999967592,5.803558430663159,0.012508692871340455,0.0004943270054381594,0.12775300781828394,5.8119874445275315,0.008203361495818861,0.0015445151085779,0.12775300781828394,0.12,0.0,-0.012872565694622706,0.12
64.755609974,5.806070395058194,0.0005534273667995663,-0.0009461705817291488,0.11999999999972033,5.80105142908329,0.007708452340208922,-0.007308104145093391,0.14221743347854326,5.815738660611308,0.008083613142900499,0.00039745392322184433,0.14221743347854326,0.12,0.0,-0.012516685018562745,0.12
64.807769372,5.8101503927224485,0.000549070979292779,-0.0011868111945587418,0.11999999999972033,5.814313692044511,-0.0130358526686828,-0.003700646910949264,0.10439231862517226,5.818985705090085,0.0035971616191706234,-0.00155054271964563,0.10439231862517226,0.12,0.0,-0.007865669653226019,0.12
64.855783007,5.8142303892845595,0.0005437800892572029,-0.0013879736793309127,0.11999999999972033,5.834656284926219,-0.006062392646465997,-0.01090642433528152,0.12341446544523878,5.8272831381524135,0.0015194645488979626,-0.0035729185541457805,0.12341446544523878,0.12,0.0,-0.001431501603746712,0.12
64.905615236,5.818310385004111,0.0005378714430505319,-0.0014964560905376583,0.11999999999976474,5.822714563098676,-0.01693238973217375,0.0048752447697396825,0.09842113175717221,5.8293263089962,-0.0023914285859323176,-0.0018248914197703317,0.09842113175717221,0.12,0.0,0.004036737628108921,0.12
64.955915948,5.822390380358589,0.0005317146102705061,-0.0015110732027906147,0.11999999999976474,5.821400268782137,-0.016019885479010818,0.007501010009321726,0.14970098818809704,5.834012919382305,-0.005274092174663893,-9.22866352809854e-05,0.14970098818809704,0.12,0.0,0.006231375364243345,0.12
65.006518686,5.826470375960114,0.0005257246856183082,-0.001418368966738686,0.11999999999972033,5.818412639455008,-0.01620927319314934,0.0038424823948861797,0.11543258563331982,5.834995241720413,-0.00758701398637108,0.0007646640538285088,0.11543258563331982,0.12,0.0,0.007707017989255443,0.12
65.055920746,5.834630369217862,0.0005152581649934084,-0.001126412181256835,0.11999999999918742,5.813505992002795,0.008616210361565162,0.002698095627066824,0.10256963738107099,5.8331331652035985,-0.0016332996221489122,-0.0003302938379947181,0.10256963738107099,0.12,0.0,0.009374823514775395,0.12
65.106357887,5.838710367002927,0.0005110117139564595,-0.0009556293629926978,0.11999999999967592,5.841849056406926,0.013603884687452057,-0.004361179820239053,0.11549469970374313,5.839353586254005,0.0015893802016906146,-0.00024718492792968975,0.11549469970374313,0.12,0.0,0.004853839790643508,0.12
65.156156773,5.842790365349253,0.0005073403221911794,-0.0008573209747549788,0.11999999999963151,5.8355497890711145,0.01904848221381248,-0.005790250446648945,0.08337598233641116,5.841576982558551,0.005285005417090699,-0.0016374888945118518,0.08337598233641116,0.12,0.0,-0.0013783530665041552,0.12
65.205590131,5.846870363867072,0.0005038626818242932,-0.0008668417933831486,0.11999999999972033,5.821194852811853,-0.013513450902532458,0.0033075927227249795,0.11869912704453522,5.841960540635239,0.0012979248879802846,-0.0010111280668375984,0.11869912704453522,0.12,0.0,-0.0018239705190664104,0.12
65.255716685,5.8509503622428936,0.0005002225617681477,-0.0009114858553801302,0.11999999999972033,5.84858937096387,0.011605054771519175,0.008158664192634835,0.09335944438130418,5.846561108245139,0.0034977959661291044,0.0005577632830290732,0.09335944438130418,0.12,0.0,-0.0033222490719607874,0.12
65.305783795,5.855030360490242,0.0004964411565978985,-0.0009524624966853408,0.11999999999972033,5.8493847963857935,-0.016233293991278923,-0.012562230541171445,0.10297559919484744,5.850988525377261,-0.0007086291176875816,-0.0023517066327211214,0.10297559919484744,0.12,0.0,-0.00034587633665594114,0.12
65.357132451,5.85911035850356,0.0004924155258781568,-0.001005943579636936,0.11999999999918742,5.853167514118172,-0.01662518541237442,0.006606407812593348,0.1512865984853258,5.856206984487078,-0.004082352434161686,9.468072381327037e-05,0.1512865984853258,0.12,0.0,0.0019643306962091925,0.12
65.40793623,5.863190356474416,0.0004883466238972164,-0.0009739768779338544,0.11999999999972033,5.841500435201726,0.00862856539624059,0.006131841424828332,0.11411622743076331,5.8574335797671795,-0.0013712615707343373,0.0005003609143445965,0.11411622743076331,0.12,0.0,0.002867167270670032,0.12
65.456135745,5.8672703546750435,0.0004845157343610624,-0.0009063764674432336,0.11999999999972033,5.854252722898151,0.011685016000607834,0.006194464077743189,0.12009000314920898,5.8616040535159515,0.0014133388013607823,0.001598826536402542,0.12009000314920898,0.12,0.0,0.0020917740439153057,0.12
65.506646888,5.8754303515059325,0.00047732476907300244,-0.0009062903048434734,0.11999999999972033,5.890398774977938,0.004501485125765756,0.009153231733928518,0.12797026665832342,5.87179951293175,0.002089993491731982,0.003031320713602493,0.12797026665832342,0.12,0.0,-0.005670912090190321,0.12
65.555571149,5.8795103496301175,0.00047341475741190475,-0.0010230517865885294,0.11999999999972033,5.879371861207935,0.013885327064035313,-0.003958661787258747,0.11280283541332449,5.878162969030545,0.00538013278403352,0.0031547506943576968,0.11280283541332449,0.12,0.0,-0.009752749993555361,0.12
65.606243442,5.883590347127792,0.0004689007522997966,-0.0011981247744847767,0.11999999999967592,5.86332489850739,0.004092143164843069,0.001339922765903914,0.13121043332894144,5.879788033958209,0.005120474294253478,0.0019295638803633417,0.13121043332894144,0.12,0.0,-0.010653078867500217,0.12
65.657028706,5.887670343679357,0.0004636013105340619,-0.0013980099072279663,0.11999999999972033,5.9045380227208275,0.01580653541784478,-0.003335390002781328,0.10244395415835458,5.888293382931313,0.007385833795598505,0.0006355090814652577,0.10244395415835458,0.12,0.0,-0.011001378551887781,0.12
65.706530455,5.891750339110729,0.00045749998411246035,-0.001595383894613803,0.11999999999972033,5.880987474665338,0.018701309583548056,-0.008925409202588693,0.1236080042245764,5.891302213629355,0.009773360581101538,-0.0017198703493356312,0.1236080042245764,0.12,0.0,-0.011121751378012894,0.12
65.755909958,5.8958303332121496,0.00045056662218002425,-0.0018036490443658086,0.1199999999995427,5.900047194705843,-0.0031516217491065488,0.011751018869341549,0.12320742159534698,5.896561050289819,0.007048319726123575,0.0008049098997336386,0.12320742159534698,0.12,0.0,-0.011123712927670752,0.12
65.810629018,5.903990316651144,0.000434156198087682,-0.002229283042949422,0.11999999999972033,5.918903742812998,0.01902883597489437,0.002937196695737432,0.11732321390984086,5.904877666247671,0.009597021728507528,0.0012643907152325544,0.11732321390984086,0.12,0.0,-0.01421471425956456,0.12
65.857525478,5.903990316651144,0.000434156198087682,-0.002229283042949422,0.11999999999972033,5.876410042690532,-0.0037407628522126636,-0.005339638843936431,0.105695071114455,5.902635592371447,0.006762178450234964,-0.0009191937459654185,0.105695071114455,0.12,0.0,-0.010064143166673855,0.12
65.907408764,5.912150291999937,0.00041412314192770463,-0.002660391737391041,0.11999999999967592,5.8982924730463475,-0.0033592902605279955,-0.01008643239704433,0.11968716581426483,5.908606687121512,0.006852416230583011,-0.001270039323732449,0.11968716581426483,0.12,0.0,-0.010047317069441859,0.12
65.955722283,5.916230276402521,0.00040284389828194195,-0.0028561612696998626,0.11999999999972033,5.923722838051162,-0.005060969625854891,0.004726328397914866,0.1276931882985733,5.917239844633203,0.004329258478774807,-5.359194535631771e-05,0.1276931882985733,0.12,0.0,-0.008333580882845013,0.12
66.006113022,5.920310258816883,0.00039086620499268463,-0.003010129984032605,0.11999999999976474,5.888227069770332,-0.029280803693673484,-0.00506777941506994,0.1031415079783633,5.915205491054778,-0.002811788111917464,-0.001609443978988471,0.1031415079783633,0.12,0.0,-0.006642726355355823,0.12
66.056147803,5.924390239525183,0.00037832038244010435,-0.003137251511103629,0.11999999999972033,5.923310919335205,-0.00249047195655556,-0.006392013543841666,0.12179678957424586,5.92094783361329,-0.00275978298746275,-0.00227046216245892,0.12179678957424586,0.12,0.0,0.0030066720981048265,0.12
66.106597429,5.928470219534013,0.00036554832339037653,-0.003106423375088656,0.11999999999967592,5.938754126698517,0.03476522310278797,0.0005082522542593352,0.09986257112288714,5.928412011191416,0.005201278968709016,-0.002302276609229227,0.09986257112288714,0.12,0.0,0.001016645340441148,0.12
66.158713427,5.9325502002285635,0.00035299723828821037,-0.0030697458218660752,0.11999999999972033,5.938754126698517,0.03476522310278797,0.0005082522542593352,0.09986257112288714,5.928412011191416,0.005201278968709016,-0.002302276609229227,0.09986257112288714,0.12,0.0,-0.0024012761545826843,0.12
66.205653649,5.936630180822349,0.0003404134203704071,-0.0031040749107477876,0.11999999999967592,5.944733334139906,-0.0023490255146789733,-0.0059834036171245554,0.10676396051894663,5.935660562301608,0.0020942211217215745,-0.0033838767809461537,0.10676396051894663,0.12,0.0,4.4645061914867605e-05,0.12
66.25657986,5.940710160963787,0.00032768375987560845,-0.0031285289777220645,0.11999999999972033,5.951295597501025,-0.016170293033259755,-0.015090257762050582,0.11008831986833323,5.943577343518181,-0.0018163933470122348,-0.006967503624457376,0.11008831986833323,0.12,0.0,0.006792859423354567,0.12
66.306378512,5.944790141176562,0.0003149771038673036,-0.003073680750291686,0.11999999999972033,5.954818639448268,0.024683934901357802,0.01419569555129523,0.11298766330174523,5.949051232163812,0.00381842841635995,-0.0013086880748489392,0.11298766330174523,0.12,0.0,0.002236674700823219,0.12
66.356882601,5.9488701223784926,0.0003025921038924399,-0.0030235018871787264,0.11999999999976474,5.934206861331927,0.011966572721955263,0.00404372821852125,0.1344493115406739,5.951644803286671,0.005550491272372084,-7.46159408900578e-05,0.1344493115406739,0.12,0.0,-0.0042712260837905695,0.12
66.406130146,5.952950103653536,0.0002902310916052774,-0.0030448890087963905,0.11999999999967592,5.93811476487567,-0.013803187492601184,0.005110269248432253,0.10457643170235384,5.951857415060874,0.0014539833270215208,0.0002880315491091252,0.10457643170235384,0.12,0.0,-0.003076446160383414,0.12
66.457564101,5.957030084254998,0.00027765000402326284,-0.0031190558381874217,0.11999999999972033,5.966871226654982,-0.0024366026041541073,-0.007083307463630634,0.12071174353964828,5.959431152482755,0.0006156585230810763,-0.0010422429463795204,0.12071174353964828,0.12,0.0,-0.0013299824076962172,0.12
66.505964192,5.9651900435369285,0.0002518721118972022,-0.0031704329289874967,0.11999999999972033,5.95878591042831,-0.003229251085250378,-0.00753707183071403,0.13192271425728627,5.9703018860469035,-0.0014319326572702447,-0.0011915337505192906,0.13192271425728627,0.12,0.0,0.0008780014576936978,0.12
66.557596526,5.9651900435369285,0.0002518721118972022,-0.0031704329289874967,0.11999999999972033,5.95878591042831,-0.003229251085250378,-0.00753707183071403,0.13192271425728627,5.9703018860469035,-0.0014319326572702447,-0.0011915337505192906,0.13192271425728627,0.12,0.0,0.0029684115548912348,0.12
66.606795167,5.973350003177208,0.00022620819161062612,-0.0030977090358577674,0.11999999999972033,5.968222513412004,-0.01062695013333776,0.003992905897710016,0.10352208111386874,5.979988092804017,-0.0021853955230557377,-0.0020640558553433777,0.10352208111386874,0.12,0.0,0.0049787411215197405,0.12
66.655574419,5.977429984074905,0.00021372359414629518,-0.003015893431684114,0.11999999999972033,5.962674726734042,-0.021528551387089007,0.006626469364944082,0.11289707812102039,5.9814569750514,-0.006284668790574004,7.238704482255643e-05,0.11289707812102039,0.12,0.0,0.006012623275387912,0.12
66.705694057,5.981509966173748,0.00020163821603259695,-0.0029060985215369163,0.11999999999972033,5.987884095579248,-0.0213610988488426,-0.003744742126611975,0.10348169769178973,5.985713678805445,-0.009489663515104895,-0.0010084738317911687,0.10348169769178973,0.12,0.0,0.01089879446031091,0.12
66.755988646,5.985589949806745,0.00019008324560689145,-0.002741535911399131,0.11999999999972033,6.000223846177644,-0.005839763812037588,0.006269872409849674,0.13264965836814957,5.994129415970506,-0.008705223049377049,8.082314851398978e-05,0.13264965836814957,0.12,0.0,0.012411038040342177,0.12
66.806482694,5.98966993574088,0.00017937341419563588,-0.002508541498196617,0.11999999999972033,5.989553328950394,0.00890254623600736,-0.005329532864653877,0.11226688067083793,5.996717439182646,-0.004977593547010757,-0.0013076445805674556,0.11226688067083793,0.12,0.0,0.010808892212171326,0.12
66.85559287,5.993749924000183,0.00016958869684726333,-0.0022948083193368497,0.11999999999972033,5.990671887687093,0.008628481166663472,-0.01535187672446827,0.09054933288875353,5.9990659083748,-0.0021192380854865686,-0.00429577425743857,0.09054933288875353,0.12,0.0,0.01004466965336882,0.12
66.906363851,5.9978299141273865,0.00016061579801001204,-0.0021057832720120535,0.11999999999972033,5.981268560072255,-0.03717993673125171,-0.004835835363086069,0.11057740568093116,6.000411622647363,-0.009582248228445223,-0.004553103872486853,0.11057740568093116,0.12,0.0,0.014947423946086067,0.12
66.956118763,6.0019099059095415,0.00015243091776336262,-0.0018848868945421698,0.11999999999972033,5.982555329291864,0.040388860096906246,-0.01102940929858409,0.096096842143361,5.999340839374682,0.0009995649470179325,-0.0062791066037876835,0.096096842143361,0.12,0.0,0.01357095369873556,0.12
67.006591076,6.005989899757888,0.00014535516840826152,-0.0015893269707161117,0.11999999999967592,5.99806098286042,-0.014506462958368582,0.007039759193464984,0.12495711150629567,6.003762701279381,-0.0022974171942652245,-0.002981424491506088,0.12495711150629567,0.12,0.0,0.0098144356204544,0.12
67.055730339,6.010069895335187,0.00013935354488208107,-0.0013662487668204169,0.11999999999949829,6.0158482213674525,0.02033590636546996,-0.008995775702829282,0.10723210419964709,6.010534512450764,0.0024805594213731874,-0.003608204140691451,0.10723210419964709,0.12,0.0,0.004511655331557934,0.12
67.106899704,6.014149891948315,0.0001340989733899197,-0.0012295783190787936,0.11999999999967592,6.015483454912753,-0.009293861134049789,-0.006200794889160834,0.1386827365534794,6.01722980008011,-4.452029656080124e-05,-0.003932680796784423,0.1386827365534794,0.12,0.0,0.005795847360864556,0.12
67.158750053,6.01822988908846,0.00012926955740149041,-0.0011330723387625405,0.11999999999967592,5.986960053852539,-0.008130444316808694,-0.0034164361717925126,0.10768768394067788,6.015434450755126,-0.0017794382786420094,-0.0031335981760208936,0.10768768394067788,0.12,0.0,0.006730415368099558,0.12
67.207313061,6.026389884825499,0.0001209469213110415,-0.000896279408800919,0.11999999999967592,6.034020495902688,-0.010222057213200136,-0.0014644119686794662,0.13288000105217107,6.022740008231915,-0.0035799955406702376,-0.0021480350549078465,0.13288000105217107,0.12,0.0,0.007860315044644002,0.12
67.25707803,6.026389884825499,0.0001209469213110415,-0.000896279408800919,0.11999999999967592,6.0034429461934895,0.030871994505288596,-0.00725297077992728,0.12177604915024817,6.0228869682015285,0.003711505395959884,-0.0027888211836346794,0.12177604915024817,0.12,0.0,0.0018680198185246663,0.12
67.305874696,6.030469883406612,0.00011754678487981665,-0.0007874464460141391,0.11999999999972033,6.025913441075571,0.013050211127601118,0.005805743494026636,0.1206626396801448,6.029238015809183,0.005698150313599573,-0.001952831135193513,0.1206626396801448,0.12,0.0,-0.002827157947875714,0.12
67.356149526,6.038629880908438,0.00011116274222236548,-0.0008083034929693756,0.11999999999972033,6.036442844985565,0.007879456732650447,-0.0032442955162795203,0.11082510149789693,6.040000239647608,0.00536443868043039,-0.005355300831417946,0.11082510149789693,0.12,0.0,4.434628795454965e-05,0.12
67.406455853,6.0427098795671235,0.00010785441800624801,-0.0008087654003976245,0.11999999999972033,6.036442844985565,0.007879456732650447,-0.0032442955162795203,0.11082510149789693,6.040000239647608,0.00536443868043039,-0.005355300831417946,0.11082510149789693,0.12,0.0,0.0006526188098929478,0.12
67.456014173,6.04678987824772,0.00010457324261882281,-0.0008039176738663147,0.11999999999963151,6.054039162005689,-0.0025937502431637796,0.005601930574531204,0.10697112374420567,6.044695089253156,0.0057986501618432365,-0.003356438063948604,0.13037003593126215,0.12,0.0,-0.0016318236652217931,0.12
67.507181243,6.050869876893503,0.00010124918074822321,-0.0008302852782116593,0.11999999999972033,6.0493209627106825,-0.011638516177072558,-0.01490607956841653,0.13352171575100158,6.054981096376721,0.0006656487497686838,-0.0037976295325703917,0.13352171575100158,0.12,0.0,0.0007150113701125125,0.12
67.556631993,6.05494987542666,9.778962586431077e-05,-0.0008476984240316115,0.11999999999972033,6.0673720353143565,-0.011881749767271394,0.010150416830835075,0.14141322468913847,6.06298418939228,-0.0019901840919667613,7.570998859187132e-05,0.14141322468913847,0.12,0.0,0.0026512187554864203,0.12
67.606222339,6.0590298740456845,9.443325384202693e-05,-0.0007978855548764995,0.11999999999972033,6.034196601818723,-0.0053378520783568095,0.004100717682952423,0.1107690842921633,6.060539315117404,-0.0026920586269752883,0.0007421308509541435,0.1107690842921633,0.12,0.0,0.0026322001297681983,0.12
67.656438217,6.06310987282447,9.127702980068933e-05,-0.0007492545012151643,0.11999999999972033,6.064391466566007,0.0008871869934071173,0.016553485008751683,0.12112855230642222,6.065024212475513,-0.0019010705400879532,0.0041131848874181665,0.12112855230642222,0.12,0.0,0.002641602981182967,0.12
67.705914271,6.067189871736805,8.829809562778445e-05,-0.0007244680195904935,0.11999999999972033,6.063290712052148,0.018653061875040938,0.0035970297050850184,0.1185705760434301,6.070310128467837,0.0024814351591063025,0.004626737696167933,0.1185705760434301,0.12,0.0,-0.00596603185501466,0.12
67.755925378,6.071269870610154,8.526673775953903e-05,-0.0007809835575964684,0.11999999999972033,6.049259450470893,-0.0002965237532732324,0.005960455762121129,0.12411937845381565,6.06984369046197,0.0019130096658486993,0.004916231265274046,0.12411937845381565,0.12,0.0,-0.009240279715833851,0.12
67.806722394,6.075349869144393,8.18124924647022e-05,-0.000922389761672038,0.11999999999972033,6.071819467449196,0.0018375757675045126,0.010588125920682173,0.1368267269454106,6.074685547245845,0.0019287965569900311,0.006532528386683051,0.1368267269454106,0.12,0.0,-0.010968828432523461,0.12
67.859543479,6.07942986705079,7.768506443710265e-05,-0.0011088468866312664,0.11999999999972033,6.07643053997074,0.0021257771219599965,0.0030340462692516625,0.12812000014646813,6.079772642788681,0.0019949738282178052,0.0055693960592711755,0.12812000014646813,0.12,0.0,-0.011746642828726358,0.12
67.907884287,6.083509864018179,7.271725158407119e-05,-0.0013272592874786914,0.11999999999972033,6.060148167817473,-0.009801973110064274,0.013112438571663209,0.1271302036100855,6.080228903198982,-0.00046717318352000126,0.0069980522504887645,0.1271302036100855,0.12,0.0,-0.01091149809202172,0.12
67.956590193,6.0916698542931185,6.015711691543431e-05,-0.0017373256512945442,0.11999999999972033,6.073450810825473,-0.007175629298559292,-0.00731777850060226,0.10169000132976021,6.082836450340612,-0.0018919069047801402,0.004714625544767913,0.10169000132976021,0.12,0.0,-0.006648709339648511,0.12
68.008340309,6.095749847633325,5.2786876185153103e-05,-0.0018662250660326054,0.11999999999932065,6.071964581157646,-0.007757184331271001,0.0026395425359281126,0.11201358183679103,6.087791276904532,-0.0012392303666950925,0.001133087548545938,0.11201358183679103,0.12,0.0,-0.0045209773673673525,0.12
68.056100482,6.099829840233136,4.501649561001508e-05,-0.0019330001119175818,0.11999999999976474,6.1005518274712065,0.005016449168639319,0.0015539099813175093,0.11931788451777169,6.094320345215328,9.49960552038135e-05,0.0004693979143369494,0.11931788451777169,0.12,0.0,-0.0011689940719304542,0.12
68.10853681,6.103909832510238,3.707811571003647e-05,-0.001957345675924859,0.11999999999972033,6.078713867559336,-0.015272221045649754,-0.009359881823613742,0.12832598376166374,6.095457396769209,-0.0031811536541125974,-0.0019386871336779308,0.12832598376166374,0.12,0.0,0.002803526065374237,0.12
68.155757708,6.107989824614691,2.905146979933542e-05,-0.0019710583971848015,0.11999999999972033,6.129522321230629,0.00720874275080403,-0.005857183209261399,0.12221362927874495,6.106126914781669,-0.0009901049787913777,-0.0025876240104721277,0.12221362927874495,0.12,0.0,0.004701365457028097,0.12
68.206683607,6.116149809809251,1.3511328867286366e-05,-0.001823891339102841,0.11999999999972033,6.116312995698922,0.0024385137366506483,-0.0098481218948236,0.1485373537577641,6.119145677404602,0.0018929938358461784,-0.005297098055742642,0.1485373537577641,0.12,0.0,0.005105820932470655,0.12
68.255896788,6.120229803337966,6.245353820387453e-06,-0.0017339957321232237,0.11999999999976474,6.148385866535664,0.03103837700248056,-0.0045807077616152264,0.1180510480374896,6.129917313276625,0.00805609560471693,-0.005581019437591169,0.1180510480374896,0.12,0.0,0.0019289842874201655,0.12
68.305917896,6.124309797501081,-6.555061824134978e-07,-0.0016652608593191404,0.11999999999918742,6.131113328951519,-0.0057604521160441475,-0.010860826340581957,0.13513004564410588,6.134462091361541,0.005089988072193387,-0.006583563487688436,0.13513004564410588,0.12,0.0,0.0015942995076743086,0.12
68.357376411,6.128389791894748,-7.419192017893607e-06,-0.0016536772624162102,0.11999999999972033,6.157479844554698,-0.027300752551520053,0.0023752127892144137,0.10962049838384458,6.142688093215226,-0.0017886964750701232,-0.005354011747332925,0.10962049838384458,0.12,0.0,0.0063725542723550715,0.12
68.40560073,6.132469786449125,-1.4085014419278966e-05,-0.0016051108557247776,0.11999999999936506,6.120323399855649,0.006511814346113185,-0.0008221796199858005,0.11537696397474523,6.142067525119985,-4.209630548139575e-05,-0.004078512389442505,0.11537696397474523,0.12,0.0,0.006520864532401891,0.12
68.455975977,6.136549781572308,-2.039175518161167e-05,-0.0014859878584593926,0.11999999999918742,6.12706595882591,0.0009654070472504537,0.012837885206201011,0.11564067730057483,6.142324329536184,0.00018547587512225943,-0.0003227717677070658,0.11564067730057483,0.12,0.0,0.0021498043520025685,0.12
68.506007236,6.144709773708083,-3.1714270729999076e-05,-0.0013223965794820361,0.11999999999967592,6.112964124215583,-0.004140093746998249,-0.007793768961140015,0.11891831637592666,6.143950322929708,-0.0026177960284201876,-0.0029176199174737348,0.11891831637592666,0.12,0.0,0.004453459947831925,0.12
68.556407841,6.148789770338541,-3.695701552389872e-05,-0.001240884154687568,0.11999999999940947,6.166704483779622,0.012972862954029267,-0.004039959311612426,0.09822871858132812,6.152037477571476,0.000677625216823333,-0.002398755892061425,0.09822871858132812,0.12,0.0,0.004695748457951185,0.12
68.605710603,6.152869767465062,-4.179777434156689e-05,-0.0011398712687573857,0.11999999999967592,6.156137528060268,-0.01537677094538681,-0.008499491161678797,0.09749040842828358,6.156716918805224,-0.0027494933096026517,-0.003266396922556123,0.09749040842828358,0.12,0.0,0.006285351818754987,0.12
68.656341685,6.156949764994269,-4.628670452239315e-05,-0.0010497117784085046,0.11999999999918742,6.171296038425543,-0.0011310343672627202,-0.0038822827581848503,0.12933293953116853,6.163702128059983,-0.0024204073080372614,-0.0031150093510372173,0.12933293953116853,0.12,0.0,0.007936014208646735,0.12
68.706313724,6.161029763013141,-5.0304123942438945e-05,-0.000913945260870997,0.11999999999976474,6.162358016663922,-0.018971700000597072,0.004913518474714614,0.13493448243729167,6.1680188012160215,-0.00593082056901688,-0.0021212285097051233,0.13493448243729167,0.12,0.0,0.009638762308961307,0.12
68.756843525,6.165109761571852,-5.372893201714432e-05,-0.0007612293539381048,0.1199999999995871,6.1462222595929825,0.0011252939686564151,-0.0006804214717544798,0.10792389410350306,6.167067072419093,-0.004440483508573454,-0.0010301530135404656,0.10792389410350306,0.12,0.0,0.008506405579103045,0.12
68.80585097,6.173269760105157,-5.8560787001881505e-05,-0.00043357361805177483,0.11999999999972033,6.155865600798691,0.006479689040649214,0.0009556206250730916,0.10373366305129138,6.173926774112947,-0.0013896824606524027,0.002416460220416877,0.11288459445672165,0.12,0.0,0.0037059139326690205,0.12
68.855505798,6.177349759809811,-6.0109975481867086e-05,-0.00034236341853298365,0.11999999999972033,6.155865600798691,0.006479689040649214,0.0009556206250730916,0.10373366305129138,6.172510035864271,0.0002837202623872609,0.0021106754462242084,0.10373366305129138,0.12,0.0,-0.0015203810516484,0.12
68.905637207,6.177349759809811,-6.0109975481867086e-05,-0.00034236341853298365,0.11999999999972033,6.148920490161359,-0.030271168643155977,-0.014507279013701361,0.11541103687123344,6.17207251078755,-0.0062203513376921735,-0.0011584760517885024,0.11541103687123344,0.12,0.0,0.00697160456126579,0.12
68.957485245,6.185509759419553,-6.260694711746679e-05,-0.00019169425496425586,0.11999999999967592,6.184812603539466,0.007868780378084502,-0.002008382926220636,0.11066141863078947,6.18275097480183,-0.005857784610881628,-0.0005781856939918929,0.11066141863078947,0.12,0.0,0.012649939059399566,0.12
69.007429705,6.189589759395848,-6.29660570923597e-05,1.9817598665476107e-05,0.11999999999963151,6.183471904071737,-0.006314611446148001,0.011079309957038529,0.09821338375498295,6.18688525756716,-0.005936998837745642,0.0020193655616972043,0.09821338375498295,0.12,0.0,0.010301704176621136,0.12
69.057076271,6.193669759359862,-6.24759457746761e-05,0.00021678328491541525,0.11999999999972033,6.170593871351635,0.004410516146244207,0.003399703777835783,0.12995268454299486,6.187230480337625,-0.003732546454666798,0.002955784538497653,0.12995268454299486,0.12,0.0,0.0081105966639916,0.12
69.105634151,6.197749759191815,-6.131386466166714e-05,0.0003349181946289267,0.11999999999927624,6.196168120218128,0.0029221835152090023,-0.010989005068672508,0.12084021344562755,6.19404181932155,-0.00233336528292672,0.0005148678620236492,0.12084021344562755,0.12,0.0,0.00261114071215592,0.12
69.156012493,6.201829758927229,-5.9845666949513575e-05,0.0003841046031692543,0.11999999999972033,6.195335185067313,0.006034600568369304,-0.0037930369551587807,0.1059611607683608,6.199366322357539,-0.0005651763605966271,0.00020258526075222745,0.1059611607683608,0.12,0.0,0.00253695254571708,0.12
69.206996252,6.20590975859397,-5.819715374315902e-05,0.0004198188600254919,0.11999999999976474,6.242687979131535,-0.009359212025727287,0.0018999511961150725,0.11795199504095713,6.212718670213757,-0.0024291864967490285,0.0013476492398692864,0.11795199504095713,0.12,0.0,0.0011085918631370708,0.12
69.255682128,6.209989758216505,-5.644231955670341e-05,0.00044055721396975316,0.11999999999972033,6.216653938955685,-0.016486401110371845,0.0046102836351906,0.11951482572982552,6.217795527830149,-0.005400316199031644,0.002028874248414807,0.11951482572982552,0.12,0.0,0.0026226679144374394,0.12
69.307417202,6.214069757797325,-5.4593203936909695e-05,0.00047157342800744847,0.11999999999972033,6.205749705800406,0.00492089708491116,0.0014123558773966687,0.10911161303798918,6.2183396692645045,-0.0032061685526978394,0.0025107144994344485,0.10911161303798918,0.12,0.0,0.0021240386170022843,0.12
69.356341477,6.2181497572891775,-5.2558098238290455e-05,0.0005274029356890862,0.11999999999976474,6.22525311157522,-0.00790549079445928,-0.012412208882989684,0.10207882508253581,6.22359182925575,-0.004218532364808221,-0.0009431716422100816,0.10207882508253581,0.12,0.0,0.004213554855499001,0.12
69.406721895,6.222229756686015,-5.0339872120110206e-05,0.0005603024068673539,0.11999999999972033,6.233833827206515,-0.015210861880663987,0.005892410003663848,0.13793151288118247,6.230598623598511,-0.006542354696899732,0.00020241082450002195,0.13793151288118247,0.12,0.0,0.007257830158982076,0.12
69.455713593,6.226309755924977,-4.785138871221915e-05,0.0006705315424991045,0.11999999999976474,6.2115296034497165,-0.0343043680672205,0.007963387942940329,0.14044311965178402,6.232755980566992,-0.012415485067771861,0.0017441721711651547,0.14044311965178402,0.12,0.0,0.010631922157586942,0.12
69.507026145,6.230389754804634,-4.48324566344351e-05,0.0008119394821139213,0.11999999999972033,6.250996674745094,-0.0007093021883201446,-0.0036206775333835367,0.11964004428175923,6.240646125556835,-0.009937398339174456,0.001490225117273178,0.11964004428175923,0.12,0.0,0.011286770505989824,0.12
69.555983504,6.23446975311062,-4.112191730530128e-05,0.0010101394594660357,0.11999999999918742,6.2457152100301805,0.0037230780079954987,-0.008732296744745165,0.1058770108934909,6.2459553005335335,-0.007051883258962067,-0.0008233836280537689,0.1058770108934909,0.12,0.0,0.011411716788932371,0.12
69.605842933,6.238549750567467,-3.657322550950226e-05,0.001220277311680707,0.11999999999972033,6.249903842091326,-0.0026353635193190556,0.003634614968730595,0.13077527962843533,6.252241015257482,-0.006109118160544918,-5.079559071471778e-05,0.13077527962843533,0.12,0.0,0.00937814089417893,0.12
69.657008647,6.2467097423193225,-2.500508728942066e-05,0.0016005833524964078,0.11999999999972033,6.215914523241001,0.005630210715249865,0.018101518388202585,0.12562812628931358,6.246271920291995,-0.0033083427368677237,0.002209123900727147,0.12562812628931358,0.12,0.0,0.006023034576559149,0.12
69.706339456,6.250789736533795,-1.8136336947115456e-05,0.0017477022240202434,0.11999999999972033,6.239354487104968,-0.0108686122154453,-0.0008090518302316502,0.12487021291370157,6.248918147110638,-0.004910349734069463,0.0021848608285797893,0.12487021291370157,0.12,0.0,0.003586976727940926,0.12
69.755806417,6.2548697300238025,-1.0848369555411561e-05,0.0018208836505717535,0.11999999999972033,6.258414989502637,-0.014567027528901676,-0.0019303619887477274,0.11013980553146517,6.255707367479914,-0.00695393530550195,4.189856613804363e-05,0.11013980553146517,0.12,0.0,0.006350036557749946,0.12
69.805856633,6.258949722971456,-3.263135257052146e-06,0.0019105406638191581,0.11999999999972033,6.256806185850157,0.013887036767571194,0.0168350518645174,0.12816085557002194,6.2605417168399,-0.0024976114781550167,0.003325581620662525,0.12816085557002194,0.12,0.0,0.0035230605858420526,0.12
69.856101102,6.2630297150000755,4.800725542505448e-06,0.002024650546573594,0.11999999999972033,6.249857519852659,-0.004142892719871141,-0.0007065759476220292,0.1243247918604579,6.263293796091981,-0.0028392406969696654,0.0028195628125125176,0.1243247918604579,0.12,0.0,0.001098431329195329,0.12
69.905771792,6.267109706548461,1.3105218330759953e-05,0.002041875870251167,0.11999999999972033,6.253838536751388,0.0010238505276477866,0.004439297815936244,0.11590571485320046,6.2659140420798325,-0.0020014012379034113,0.002520321559842538,0.11590571485320046,0.12,0.0,-0.0005721553649939771,0.12
69.957935221,6.271189698052448,2.1431520474321206e-05,0.002037460847451638,0.11999999999972033,6.267705148695909,0.00042557697387524465,0.001554899316208412,0.12678805458185127,6.270609621760671,-0.0014783526977420285,0.002691942711203205,0.12678805458185127,0.12,0.0,-0.0014863647384037995,0.12
70.00690848,6.275269689638908,2.9717290221000657e-05,0.002020847028103363,0.11999999999972033,6.250745438452446,0.0005805370227110765,-0.016309804761712524,0.12943258576510142,6.270550744665311,-0.0010661914788535135,-0.001630505907386425,0.12943258576510142,0.12,0.0,0.0008282399037917087,0.12
70.056811802,6.2793496814297445,3.790175043835694e-05,0.0019960019245230934,0.11999999999980915,6.27766846396857,0.006108034504652169,0.006490755607407485,0.12656016445762766,6.27738911183054,0.00046485590022659826,-8.886497858567575e-06,0.12656016445762766,0.12,0.0,0.002291917791066428,0.12
70.106692106,6.283429673184052,4.610435907703701e-05,0.002030522937701553,0.11999999999972033,6.293406151920956,-0.008222166842419429,0.004579913913835668,0.11738768602966596,6.28525045777323,-0.0013686727599092827,0.0007006219280996227,0.11738768602966596,0.12,0.0,0.0005032879325878857,0.12
70.162448555,6.291589656175615,6.276495621655755e-05,0.0020428874552871944,0.11999999999967592,6.258058166100971,0.016458279066752547,-0.0010262571990995628,0.12641219060243294,6.28306146823604,0.0024147112497351175,-8.236414161621001e-05,0.12641219060243294,0.12,0.0,-0.001171999119607132,0.12
70.205973064,6.2956696477916125,7.103607550812927e-05,0.0020069949081730387,0.11999999999972033,6.297151180026871,-0.011414100576865078,0.011509814265769292,0.10013734154472581,6.289521507462532,-0.0004999455153308872,0.0023420751206641483,0.10013734154472581,0.12,0.0,-0.002739920717505016,0.12
70.257025585,6.2956696477916125,7.103607550812927e-05,0.0020069949081730387,0.11999999999972033,6.290724277201868,-0.018935575318978364,0.0095796425262498,0.15303664800967526,6.296038266920614,-0.004379843653088395,0.002968415134939205,0.15303664800967526,0.12,0.0,-0.0010295715935066817,0.12
70.305645579,6.303829631902994,8.71384929431483e-05,0.0019538694001223714,0.11999999999972033,6.302211291014478,0.01121566198841816,0.0014443612634704912,0.11258009873301694,6.308456887685366,0.00036642714616723793,0.003952517069407574,0.11258009873301694,0.12,0.0,-0.003826223938260907,0.12
70.356400069,6.30790962425987,9.503560316411962e-05,0.0019058136499354595,0.11999999999972033,6.289679092702797,-0.004747310942058955,0.011142805821269886,0.11055673881783026,6.308576408631467,-0.0006897069614646182,0.005450683455798123,0.11055673881783026,0.12,0.0,-0.006333143028167365,0.12
70.406831904,6.311989617216566,0.0001026156843334258,0.0018019745159503656,0.11999999999972033,6.274072573713481,-0.012955837270598186,0.005553837382882603,0.12555032413584408,6.305572298835481,-0.0032660932828318698,0.004225512760874021,0.12555032413584408,0.12,0.0,-0.006964778213252788,0.12
70.455663915,6.316069611029704,0.00010971958861088698,0.0016881585014860184,0.11999999999972033,6.315553567193923,0.036838303799652354,0.007881225292535083,0.14455612599376813,6.312343670967204,0.005270942530463862,0.0051048103016046245,0.14455612599376813,0.12,0.0,-0.008877754223152684,0.12
70.505569939,6.320149605480204,0.00011644837923701944,0.001611743245052369,0.11999999999967592,6.3421170346587035,-0.009981617395753614,0.015102887836654309,0.12872234707102082,6.322453134347693,0.0020717928238316815,0.007202312716312094,0.12872234707102082,0.12,0.0,-0.012720904191667801,0.12
70.556647935,6.324229600738427,0.00012266477872023462,0.0014226154015617894,0.11999999999963151,6.33573790447711,0.0019814245534117113,0.014674305650997739,0.12621579029726943,6.330541931802901,0.0021054134593522945,0.00885570385820253,0.12621579029726943,0.12,0.0,-0.015769888677023003,0.12
70.606331913,6.332389595111685,0.0001321595450436153,0.0008751973925329313,0.11999999999972033,6.308264157666586,-0.004879042305586422,0.015958514249247147,0.1485944680924205,6.331065622201584,0.0006843273078250551,0.010527740952408684,0.1485944680924205,0.12,0.0,-0.017157268804708997,0.12
70.656117855,6.336469594042529,0.00013508969778413494,0.0005623834547211991,0.1199999999995427,6.322033954671614,-0.005264815864723907,-0.0017106716178528244,0.1271288725031533,6.336759898478337,-0.0013611938879734848,0.0061885427297870485,0.1271288725031533,0.12,0.0,-0.012222146545762164,0.12
70.705573403,6.340549593663781,0.00013682038918821552,0.0003019026136757218,0.11999999999972033,6.335070948572959,0.013282419582801611,-0.005086970634107096,0.09946883258599476,6.339418689870799,0.0017456666734991357,0.0038324127419798785,0.09946883258599476,0.12,0.0,-0.009583925104130541,0.12
70.756126759,6.34462959357463,0.00013764245826711598,0.00010721020061865847,0.11999999999963151,6.356871904306889,-0.013015029423037172,-0.0016508098718124053,0.11143829476637657,6.34623183600386,-0.0013835424435948696,0.002766202445055174,0.11143829476637657,0.12,0.0,-0.004611151539375108,0.12
70.806147465,6.3487095935695805,0.00013776954432738293,-2.7219604008439488e-05,0.11999999999949829,6.33683809469038,-0.02249891306669015,-0.004720796742796991,0.13100574808414922,6.349750730855835,-0.005864201719167236,0.0014910942084786865,0.13100574808414922,0.12,0.0,0.0005575195508356508,0.12
70.855829398,6.3527895935602885,0.0001375057830727415,-8.682108343565326e-05,0.11999999999972033,6.343199533118737,0.028827946490320208,0.003482192100527804,0.11627538626222375,6.35303038527897,0.0015083957245761717,0.002080854904722935,0.11627538626222375,0.12,0.0,-0.0008805664980090946,0.12
70.907372068,6.356869593548927,0.00013720486710065214,-5.616462241760258e-05,0.11999999999972033,6.3393833703718085,-0.006312493473295762,-0.002298960621270316,0.11841414053251667,6.3541622663511985,-0.0001526817740790925,0.0017753233003303464,0.11841414053251667,0.12,0.0,-0.0020977477402817075,0.12
70.95728813,6.360949593539537,0.0001369301628377945,-8.337482710220735e-05,0.11999999999967592,6.354892369419682,-0.023344311457285206,0.007585562182350595,0.1330230039304818,6.360345708959494,-0.005049395111655108,0.0024051192599066117,0.1330230039304818,0.12,0.0,0.0001017091270217995,0.12
71.01023699,6.3650295935173515,0.00013650759994550513,-0.00012354072335178692,0.11999999999972033,6.355905532821629,-0.0032257745577367906,0.011310307009654385,0.11379448611404411,6.362874197280817,-0.004637658067587015,0.004631405882316208,0.11379448611404411,0.12,0.0,-0.00031742863082109075,0.12
71.05591736,6.369109593486377,0.00013600508351609933,-0.0001246265492177226,0.11999999999918742,6.376250510402204,-0.007537440331226702,-0.015143162660531643,0.13100556947488848,6.371824772204088,-0.005269667676166425,0.0007848909960076876,0.13100556947488848,0.12,0.0,0.002328879479652881,0.12
71.105835815,6.377269593421342,0.0001349775888570512,-9.653806804197043e-05,0.11999999999976474,6.377947255759731,-0.02231551631078446,-0.00420464424512927,0.14229839185084742,6.381652470329252,-0.008533217652561011,-0.0008751814185397228,0.14229839185084742,0.12,0.0,0.008340894191636763,0.12
71.156282124,6.38134959341472,0.00013479714123665465,2.5414528454669134e-05,0.11999999999972033,6.401668945508407,-0.010001109264582144,-0.0016498219227311052,0.10474423461240241,6.389707115066325,-0.008848825196526394,-0.0013205843899208882,0.10474423461240241,0.12,0.0,0.012415077509067706,0.12
71.20637376,6.385429593373251,0.00013531896112696127,0.0002402812838263228,0.11999999999972033,6.3588831303328135,0.005824266768891792,-0.012364582372805119,0.1009348403207351,6.386899474110274,-0.005761582118716095,-0.0027389244882398264,0.1009348403207351,0.12,0.0,0.013521226555630136,0.12
71.256625674,6.389509593093223,0.00013680161570288384,0.0004886400365531596,0.11999999999972033,6.395507466455451,-0.024107275321644205,-0.0028707342743438252,0.12424757789828021,6.3924802396791405,-0.009666236356420296,-0.00228806059934481,0.12424757789828021,0.12,0.0,0.014847050162169181,0.12
71.305640582,6.393589592320483,0.00013929599982253162,0.0007382998243297398,0.11999999999972033,6.392195999788301,-0.011320569132275108,0.0033328596384445686,0.12772468470241685,6.396824500310194,-0.010018124755610442,-0.000702713318934305,0.12772468470241685,0.12,0.0,0.014950925891142917,0.12
71.355842999,6.397669590740616,0.0001428716847805844,0.001014813417847715,0.11999999999967592,6.395833430956323,-0.007914897026310475,0.007049603770242873,0.15302350525142155,6.402582104100743,-0.009561013856318322,0.0014864998704402675,0.15302350525142155,0.12,0.0,0.012871418623887361,0.12
71.405894672,6.4017495880130815,0.00014757803848270898,0.0012923159397039425,0.11999999999972033,6.417324330850759,-0.0010148009095312085,-0.0013220850628075608,0.14054206624332,6.410701293760303,-0.007747674571765211,0.001523601678410813,0.14054206624332,0.12,0.0,0.010069985547589458,0.12
71.456978632,6.405829583948513,0.00015333107924939504,0.001519981430322098,0.11999999999972033,6.407456042906558,-0.011713458923559643,0.013736159338232024,0.11359984669131704,6.413806435004298,-0.008561246414016496,0.004828607862237303,0.11359984669131704,0.12,0.0,0.0061332101516070325,0.12
71.506761885,6.413989572422128,0.00016703114296067893,0.0017854783338778577,0.11999999999963151,6.419225996592031,0.00218511451624034,-0.00890413399952239,0.11975457974949799,6.420481876676378,-0.0009971864307826259,0.004292938134925044,0.11975457974949799,0.12,0.0,-0.005058361726022043,0.12
71.556512448,6.4180695661579055,0.0001741799596370974,0.0017065288065139003,0.1199999999995871,6.376238266501951,-0.017669029195784326,0.010471819864041254,0.12996763749277576,6.416037979032732,-0.004500172567819861,0.004848930291658815,0.12996763749277576,0.12,0.0,-0.005344460494140861,0.12
71.60634974,6.422149560549927,0.00018094366615589702,0.0016118569705007508,0.11999999999940947,6.411706830402131,-0.01733202006451842,-0.007653701970218786,0.10430125608952638,6.418698996306869,-0.007228677262286167,0.0023560686254807707,0.10430125608952638,0.12,0.0,0.0009976988311091346,0.12
71.656673002,6.426229555421993,0.00018741216016177368,0.0015797953795784836,0.11999999999918742,6.415536235187486,-0.021004316045304467,-0.010298578180597689,0.10493471952266613,6.421342546429745,-0.010165697095152984,-0.00012179654179587937,0.10493471952266613,0.12,0.0,0.00863280022613119,0.12
71.705735427,6.430309550132676,0.00019398101902054626,0.0016677489539171206,0.11999999999918742,6.415971524222239,-0.01733202393340735,-0.011947988716464063,0.11705632852396451,6.424334134025561,-0.011706492085496232,-0.0030258167265484934,0.11705632852396451,0.12,0.0,0.01589636912575182,0.12
71.756036089,6.434389543737388,0.00020119983712073625,0.0018982913788936505,0.11999999999972033,6.42475878955077,-0.020000372602614034,-0.0028325016027189714,0.11840218469094291,6.429250586070174,-0.013480386687496427,-0.0031507906763180277,0.11840218469094291,0.12,0.0,0.020899485457686502,0.12
71.808374215,6.438469535063354,0.00020960332845565812,0.0022391355803228243,0.11999999999972033,6.430122099864474,0.0115906105309561,0.008785748561123075,0.13771602748767575,6.434570734600752,-0.008152015840826692,-0.0005943189928938803,0.13771602748767575,0.12,0.0,0.017686214429237453,0.12
71.855898569,6.442549522912221,0.00021954957086486445,0.002633527230831648,0.11999999999967592,6.470030592805964,-0.01571769302402921,-6.819701891033715e-05,0.10577323698570465,6.446368674985744,-0.009759477311228424,-0.00031822444952363775,0.10577323698570465,0.12,0.0,0.014882080483402896,0.12
71.905835618,6.446629507066499,0.00023091546671343837,0.0029276042624757125,0.11999999999972033,6.463666860443519,-0.007182682874311929,-0.00023765598020482814,0.12481752219606754,6.45395379855058,-0.009214614203134928,6.395813444297695e-05,0.12481752219606754,0.12,0.0,0.013374982592303832,0.12
71.956018944,6.45478946546623,0.00025694416784031874,0.0034246638091981283,0.11999999999972033,6.454386862513607,0.013317996140089862,-4.887981686312829e-05,0.1256934791178877,6.459213373781364,-0.0009131797780802622,-0.0001693024601435563,0.1256934791178877,0.12,0.0,0.00758426670131801,0.12
72.005856684,6.458869440377056,0.00027125134362091327,0.003572110213325899,0.11999999999976474,6.4618872725608,0.015032952419624705,-0.0006149472802795884,0.1314809958923241,6.464773484923274,0.00246757254879413,0.0003476068355202265,0.1314809958923241,0.12,0.0,0.000897390041166372,0.12
72.056319241,6.462949413836656,0.0002859674880951732,0.0036233732342999263,0.11999999999972033,6.464479589618657,0.005153403953020011,0.011009643548613163,0.12299545452165472,6.46820335613487,0.0030574507999239324,0.002824483900533194,0.12299545452165472,0.12,0.0,-0.004660964797947405,0.12
72.106306814,6.467029387292288,0.00030068470177408715,0.0035711616433979783,0.11999999999918742,6.4875718413653685,0.0023238658077401092,0.0029016396571519888,0.12981355225636362,6.477230314340639,0.0029151953171837074,0.0030913769425185483,0.12981355225636362,0.12,0.0,-0.007620735827041194,0.12
72.156366484,6.471109362070289,0.0003150301196499839,0.0034533498784456566,0.11999999999972033,6.483629492594814,-0.018350433210823153,0.008258243585592006,0.10581223541859695,6.4823374346117575,-0.0015780876764502519,0.004849931185715864,0.10581223541859695,0.12,0.0,-0.006994783517534724,0.12
72.206911358,6.479269317350378,0.0003420373217691773,0.0031761026572203034,0.11999999999972033,6.496106488491289,-0.0006174755354514912,0.0077845070442752766,0.10285472181906918,6.488786372868119,-0.0013515013235786352,0.005213889204809112,0.10285472181906918,0.12,0.0,-0.006570544703248983,0.12
72.256618442,6.483349297558283,0.0003547449042727046,0.0030582302037104213,0.11999999999967592,6.483702947683834,-0.003213318117370494,-0.01584652288215704,0.10262120728725774,6.49454677014769,-0.004110295373185635,0.000707929793080264,0.10262120728725774,0.12,0.0,-0.0001728112544202038,0.12
72.30926163,6.487429278862059,0.0003670963251279692,0.0030186123495344044,0.11999999999972033,6.483702947683834,-0.003213318117370494,-0.01584652288215704,0.10262120728725774,6.49454677014769,-0.004110295373185635,0.000707929793080264,0.10262120728725774,0.12,0.0,0.0020728268548900297,0.12
72.356062862,6.4915092599635695,0.0003795143235638291,0.0030753085614548567,0.11999999999976474,6.476878061275255,-0.00033078601083054915,0.015111352020283108,0.12663027501878096,6.4961928090100525,-0.005081898534334176,0.000502165273537499,0.1354553034177095,0.12,0.0,0.005283733495886945,0.12
72.40595322,6.495589240107099,0.00039224289374383865,0.003164842234517818,0.11999999999972033,6.487636113959237,0.006819867581425524,-0.00509916186089549,0.129257924923508,6.4972850392773465,-0.004041199743764757,0.0036648493627387466,0.12663027501878096,0.12,0.0,0.0014189496478781733,0.12
72.456177571,6.4996692193899674,0.0004052447916674591,0.003202377710035919,0.11999999999972033,6.510229754924667,0.019010249623336483,0.011221116062016062,0.14913392534772857,6.506882196902379,0.002690494323311185,0.005011103091201124,0.14913392534772857,0.12,0.0,-0.00486335378159173,0.12
72.508153631,6.503749198526946,0.00041829236342305723,0.003167213955127092,0.11999999999972033,6.497456666739436,0.011750937267950026,-0.00048515730885113553,0.15000952561274655,6.510713362864729,0.004630346133336291,0.003779935677189664,0.15000952561274655,0.12,0.0,-0.007899461982061547,0.12
72.556973992,6.507829179008744,0.00043091100426545574,0.0030022743760018795,0.11999999999967592,6.497456666739436,0.011750937267950026,-0.00048515730885113553,0.15000952561274655,6.510713362864729,0.004630346133336291,0.003779935677189664,0.15000952561274655,0.12,0.0,-0.011502433829403205,0.12
72.606598445,6.511909161862572,0.0004427369293554531,0.0027979105185458506,0.11999999999976474,6.49709172802867,0.017974476991263835,1.7712794979887934e-06,0.11099272622906246,6.51604197387492,0.0037348978145560173,0.004546388430878918,0.11099272622906246,0.12,0.0,-0.00938193234998086,0.12
72.658670745,6.5159891469100915,0.0004537808391693947,0.002618197665373077,0.11999999999963151,6.4933044963228035,-0.01302446019095545,0.007531988551979254,0.14225965635074783,6.516208186241315,0.00021007847470011108,0.004252904269870318,0.14225965635074783,0.12,0.0,-0.009146393696917866,0.12
72.707118588,6.520069133927454,0.000464071179041203,0.0024338724285967468,0.11999999999972033,6.547987308466067,0.012939359509381182,-0.008022733182660337,0.12066750152497954,6.526600130307558,0.0029011331783757237,0.0021975185663970906,0.12066750152497954,0.12,0.0,-0.0082203020201063,0.12
72.755614262,6.524149122599318,0.00047368395825631514,0.0022812762768782938,0.11999999999972033,6.524553581143176,-0.0010737876828304928,-0.0029023454610400483,0.10575068653371465,6.530045172006197,0.0020574495340160734,0.0007206359388826382,0.10575068653371465,0.12,0.0,-0.0061282983015490495,0.12
72.810774909,6.528229112643282,0.000482695757602865,0.0021399741760775195,0.1199999999995871,6.5276919014901384,-0.013743588876493799,0.003485445190077517,0.1252700378105568,6.5333220867523725,-0.0012877521243955686,0.0011939839962661386,0.1252700378105568,0.12,0.0,-0.0029260004669968546,0.12
72.856998696,6.53230910377422,0.0004912019660935702,0.0020362395956678844,0.11999999999972033,6.534791905519951,-0.003918204041144694,0.0022666527038683664,0.1456967179979905,6.540240807654948,-0.00183305813941258,0.00047680874511846173,0.1456967179979905,0.12,0.0,-0.00015023128670688113,0.12
72.907237466,6.540469087432601,0.0005075322587480486,0.0019716906298722554,0.11999999999972033,6.548038130555697,-0.010300564819811267,-0.0060127417927388,0.13074347641530895,6.5424454881502685,0.0016180398457196945,0.0018224344264843972,0.11268964695635898,0.12,0.0,-0.00368383350491046,0.12
72.956051595,6.544549079731501,0.0005154591382673955,0.0019145646768028578,0.11999999999976474,6.531809831100579,-0.009056262840425891,-0.018557692407108733,0.13590724214753835,6.548682433895921,-0.0026806994200206415,-0.003438358429465133,0.13590724214753835,0.12,0.0,0.0030580952708414216,0.12
73.01199098,6.548629072136602,0.0005233312096024257,0.0019669206230711147,0.11999999999976474,6.5756369939830375,0.003851936454554828,0.0018728006197159725,0.10086100360673632,6.548682433895921,-0.0026806994200206415,-0.003438358429465133,0.13590724214753835,0.12,0.0,0.007315285935170292,0.12
73.055711026,6.5527090637459,0.0005316043311964504,0.002094385372303937,0.11999999999972033,6.55589623847485,0.004457983964347774,-0.004980521449753781,0.10689631136237913,6.561560760550388,-8.833773760568353e-05,-0.004331369912959605,0.10689631136237913,0.12,0.0,0.0072178055167126135,0.12
73.105737042,6.556789054204703,0.0005404264973281636,0.002229607997986218,0.11999999999972033,6.566857731838274,0.01614114057793607,-0.00040419192717656895,0.12341772968671928,6.566533919788224,0.0033462030358756556,-0.003667684054497811,0.12341772968671928,0.12,0.0,0.0044699692177550335,0.12
73.155706015,6.560869043451398,0.000549792574515402,0.002355144998809833,0.11999999999967592,6.565112481741043,-0.023795953451185896,-0.00780301597645777,0.11220353373499646,6.570466590010135,-0.0024365995924236854,-0.004505476231948437,0.11220353373499646,0.12,0.0,0.006453322427530849,0.12
73.212749924,6.564949031786655,0.0005595484694444619,0.002431970873117484,0.11999999999963151,6.5486157817915815,0.0007826579423279575,-0.006792187717775401,0.10129921172891726,6.569246684589843,-0.0017734904797642866,-0.00461378129389101,0.10129921172891726,0.12,0.0,0.008896152435967045,0.12
73.256316659,6.5690290190635,0.0005697363920587486,0.0025712103743141036,0.11999999999949829,6.5759519975585246,-0.0009344616170961589,0.00873024816256594,0.1094143188612612,6.575112684490963,-0.001592762342031789,-0.0015023103375384707,0.1094143188612612,0.12,0.0,0.007261746375590997,0.12
73.30580458,6.5731090046695995,0.0005805721391037945,0.0027380930697931283,0.1199999999995427,6.605787150736356,0.009139899856446925,0.004964914717527317,0.11129887164218305,6.58539459418949,0.0006884547329431309,0.0007327303834697615,0.11129887164218305,0.12,0.0,0.0006945428507834004,0.12
73.355906739,6.577188988783803,0.0005919571287417307,0.0028242346412265546,0.11999999999972033,6.591094741995747,-0.028842636723286574,0.01193930561094143,0.11850285226696558,6.591179488468036,-0.005554312800230765,0.0031093454779043414,0.11850285226696558,0.12,0.0,0.002191657842813471,0.12
73.406118957,6.5853489557182785,0.0006151866474507855,0.0028692815675586624,0.11999999999972033,6.599193163326469,0.033915852523343906,0.0039654262426219505,0.12372449749928432,6.596421551657296,0.005829340531341905,0.003539765321312276,0.12372449749928432,0.12,0.0,-0.0009676826280647238,0.12
73.455966684,6.589428939026977,0.0006268570581513377,0.0028272855655300877,0.11999999999967592,6.588063583155415,-0.043616354078847536,0.0022834153837093755,0.12176103275248097,6.599032479813178,-0.004650166813732255,0.0031958246593717355,0.12176103275248097,0.12,0.0,-0.009912548657819882,0.12
73.507500123,6.593508923579645,0.0006380824727848386,0.0026624920681544676,0.11999999999972033,6.589619682266805,0.005793230372290325,-0.00020578524622920635,0.1421922125278185,6.601341678444653,-0.002427875354192609,0.0030303285550120664,0.1421922125278185,0.12,0.0,-0.003359679741591598,0.12
73.55954619,6.597588909628503,0.0006487516938271531,0.002579448049501498,0.11999999999972033,6.589616702864334,-0.002663593559424447,0.008306510416936088,0.13245571257069902,6.604097845621131,-0.0024520168084920754,0.004441091642552591,0.13245571257069902,0.12,0.0,-0.0030866207850060432,0.12
73.60559754,6.6016688963345205,0.0006591668126165845,0.0025250973236202556,0.11999999999972033,6.611439600196552,-0.026684506447874536,0.0014670941671730557,0.12845739689392863,6.610391651014653,-0.007579396416743351,0.0037111682735084615,0.12845739689392863,0.12,0.0,0.00018594504049824698,0.12
73.656670688,6.605748883624304,0.0006693506739548004,0.0024784577307349156,0.11999999999972033,6.618549505417596,0.0166471347804684,0.0041979497327088,0.10996188125384553,6.615623849652046,-0.002423437745189833,0.0034360993549361106,0.10996188125384553,0.12,0.0,0.0021470544268633288,0.12
73.706060712,6.613908858145259,0.0006897418747607638,0.002535488818994579,0.11999999999972033,6.606649743537307,-0.003846216147484848,-0.021542086088891594,0.1515957234496147,6.618524977595699,-0.0027564875739414275,-0.0023787238264251225,0.1515957234496147,0.12,0.0,0.005291514078748694,0.12
73.755901698,6.617988844586731,0.0007002597107738329,0.002627932383894207,0.11999999999972033,6.616613308976835,-0.0030629941644812974,0.01431659196684558,0.09589511553291553,6.622005864902813,-0.002880776246274595,0.0018833726820958814,0.09589511553291553,0.12,0.0,0.006140899686104689,0.12
73.810609346,6.622068829896515,0.0007112075162336253,0.0027375896402998534,0.11999999999972033,6.629409885456742,-0.001482099888324474,0.0018853550302159027,0.12057561633906787,6.627411304663653,-0.002576562002655259,0.0017988342568976054,0.12057561633906787,0.12,0.0,0.0024871710845269356,0.12
73.856039256,6.626148814253203,0.0007225055165745821,0.0027920852636142772,0.1199999999995427,6.639135474028861,0.022229696356403147,-0.0020294632797144573,0.11311362984411208,6.63491190546345,0.002687866816563252,0.0016272767376014573,0.11311362984411208,0.12,0.0,-0.0019558507576660803,0.12
73.906381016,6.630228798293845,0.0007339172398972257,0.0027813266425632285,0.11999999999976474,6.6238035929461905,0.0020300705952805463,0.006624145306268244,0.128578183803145,6.638202788352105,0.0025697472326456842,0.002045038054874122,0.128578183803145,0.12,0.0,-0.0050711310697001966,0.12
73.957645855,6.634308782974715,0.0007450972614809761,0.002693223346777761,0.11999999999976474,6.632291570973245,-0.026325384606115138,0.01049298094633188,0.10526378576690647,6.640561028404984,-0.0035357637623918653,0.0026641755836114664,0.10526378576690647,0.12,0.0,-0.0028491102651585186,0.12
74.00562661,6.638388768715854,0.0007558834135172828,0.0026093400559850837,0.11999999999976474,6.647326634050891,0.019184113370350305,0.006855210571467765,0.139480747372101,6.646960424337561,0.001306250444242291,0.004022307643651587,0.139480747372101,0.12,0.0,-0.004349868845257645,0.12
74.055682845,6.642468754988715,0.0007664669186971002,0.0025648316837122917,0.11999999999972033,6.650043330853458,0.006354884392693028,0.01678455310480688,0.13014695536712614,6.65210604807852,0.002421668594619092,0.006580833241212868,0.13014695536712614,0.12,0.0,-0.009588341875224744,0.12
74.106561218,6.646548742153609,0.000776699689545445,0.0024318593866510443,0.11999999999972033,6.646176313652595,0.030464505556403617,0.012539422240298649,0.10681764293919857,6.654903858857834,0.008411451136286134,0.007616816992391876,0.10681764293919857,0.12,0.0,-0.017255087876709832,0.12
74.157465746,6.6506287310892,0.000786197722141181,0.0021974765165898615,0.11999999999963151,6.6533273876602115,-0.006783133594322665,0.010225541241089332,0.13713258611446213,6.659317202351941,0.005229596024819722,0.007642690462365207,0.13713258611446213,0.12,0.0,-0.019936030859130417,0.12
74.205727164,6.658788717075128,0.0008012205125400072,0.0014704055977525087,0.11999999999972033,6.684530714171161,0.00683154274395301,0.010414774555845335,0.11826723030074306,6.668179490080106,0.00560277339308146,0.007650377594298405,0.11826723030074306,0.12,0.0,-0.020069901317619467,0.12
74.25597259,6.658788717075128,0.0008012205125400072,0.0014704055977525087,0.11999999999972033,6.6244370184254,-0.021919012274976928,0.011358925928106568,0.1479829895209431,6.663694407426372,-0.0001934222144463352,0.008257759189339707,0.1479829895209431,0.12,0.0,-0.015106315000098236,0.12
74.306072122,6.662868713638351,0.0008065015267000954,0.0011382053223871463,0.11999999999972033,6.664977527212802,-0.01391714777671645,0.0013523748687959628,0.12879337489990672,6.671250136648306,-0.003060123056114342,0.006003661874758001,0.12879337489990672,0.12,0.0,-0.01019498977561832,0.12
74.355569384,6.666948711560008,0.0008106087093374833,0.0008889412839800739,0.11999999999976474,6.664273211354416,0.00179139231768735,0.003621658593254532,0.08965591608077762,6.672940335005002,-0.0020142502554143155,0.004688292899679608,0.08965591608077762,0.12,0.0,-0.006233406449598498,0.12
74.405689328,6.671028710258932,0.0008138603743146479,0.0007193131241910496,0.11999999999980915,6.65180038207862,0.01157305163281299,-0.006100552640716741,0.11418959627242004,6.673777050494532,0.000874790848339795,0.0010281243893758393,0.11418959627242004,0.12,0.0,-0.0043015810730967306,0.12
74.456624322,6.675108709344619,0.0008165895479014188,0.0006252105079525962,0.11999999999918742,6.6662466859056835,-0.0318288890007346,0.008254061196872492,0.1257511088321563,6.678322726428509,-0.006041672167253175,0.002275882711736521,0.1257511088321563,0.12,0.0,0.00012358356153867062,0.12
74.506537655,6.679188708618688,0.0008190227258063964,0.0005841136533027928,0.11999999999972033,6.6773937491352156,-0.02542548067447435,0.020580343003954147,0.1306650594893655,6.683036348001111,-0.010103413533552472,0.006492863707511479,0.1306650594893655,0.12,0.0,0.002802443609477296,0.12
74.556310512,6.683268707874278,0.0008214867181232865,0.0006286163470358189,0.11999999999972033,6.686604231487558,0.007017952992526403,-0.005521879196013406,0.11637331362108728,6.688252505368605,-0.006466611038967731,0.003842697785170741,0.11637331362108728,0.12,0.0,0.0030649597184575364,0.12
74.60807512,6.687348706994222,0.0008241656435506123,0.0006852013599352639,0.11999999999972033,6.656908772783549,-0.03238872025592513,0.0057926039910313875,0.13689152980790473,6.685979538582087,-0.011945217822297724,0.003594330567947117,0.13689152980790473,0.12,0.0,0.00640470554623202,0.12
74.655696415,6.691428705934311,0.0008271047707790802,0.0007710146075927956,0.11999999999972033,6.6853580995813715,0.00735918257255972,0.014029256042384608,0.1192482481698066,6.691345682845931,-0.00780737867690634,0.006459658740045324,0.1192482481698066,0.12,0.0,0.00483001425867441,0.12
74.705623328,6.695508704472935,0.0008305539040786555,0.0009063521453607211,0.11999999999932065,6.713384926295941,-0.0011366111610300032,-0.008551798055424732,0.10044223890481069,6.699963228340856,-0.006396623914265792,0.003243616443520718,0.10044223890481069,0.12,0.0,0.0034665567201328535,0.12
74.756204561,6.6995887026922,0.0008343652303137452,0.0009640709823015847,0.11999999999972033,6.711013033419874,-0.022128971512066043,0.013529797169553376,0.12943460125853865,6.706912008325295,-0.009698373164742459,0.004977804920731166,0.12943460125853865,0.12,0.0,0.004506203642037623,0.12
74.806927421,6.703668700660004,0.0008384365664596101,0.0010347478504392927,0.11999999999949829,6.721605857914794,0.005208562382747534,0.006161989582298593,0.12389304053103864,6.713519488287273,-0.006515418832928939,0.005246754615183158,0.12389304053103864,0.12,0.0,0.001842559103423416,0.12
74.855570502,6.707748698308534,0.0008428161655381802,0.0011042575265894944,0.11999999999918742,6.703940823044651,-6.221786457143597e-05,0.007584541775913896,0.14129824514826234,6.716557637169277,-0.005115295565059503,0.005984640201818269,0.14129824514826234,0.12,0.0,-0.0012943275189178634,0.12
74.905599124,6.711828695755914,0.0008473800217365404,0.0011217247043207605,0.11999999999972033,6.706747533291246,-0.007703462021812875,-0.007518981315218618,0.11511089299789659,6.718286296044421,-0.005667079250273804,0.003145105435306101,0.11511089299789659,0.12,0.0,0.0016941775751217023,0.12
74.95559849,6.719988690642104,0.0008565152061710807,0.001140703997750379,0.11999999999927624,6.721350717021944,0.008455383982280115,0.007790528256701354,0.10685855186534048,6.72491082030336,-0.0021175091586583257,0.003989831550336177,0.10685855186534048,0.12,0.0,0.001995284753227554,0.12
75.007096689,6.724068687905292,0.000861240727101689,0.0011715934072926678,0.1199999999995427,6.722890258097258,-0.00662828954283543,-0.01914027910348816,0.12088934360597257,6.729150299807478,-0.003100897687526761,-0.0006947407758924303,0.12088934360597257,0.12,0.0,0.00223212422042108,0.12
75.056150897,6.72814868505382,0.00086606417206032,0.0012079522164560844,0.11999999999967592,6.725421147603693,0.007288241211994529,0.00823600579241512,0.11557914173365011,6.733159755029507,-0.0008813687099913027,0.0010564846281451963,0.11557914173365011,0.12,0.0,0.004481415890375186,0.12
75.110355367,6.732228681889656,0.0008711446076331014,0.0012858384187456732,0.11999999999972033,6.709606034221245,0.033414268767698915,0.006501599375178956,0.13220614689716575,6.732097553823135,0.006412354683132903,0.00167780800464852,0.13220614689716575,0.12,0.0,-0.003927106704853987,0.12
75.155721566,6.736308678509388,0.0008763962802224131,0.0012556190716301824,0.11999999999967592,6.742289866290668,-0.012553623912005814,0.010460742997184016,0.12102441523010309,6.739510645077414,0.0024147310747879803,0.0033656563259933233,0.12102441523010309,0.12,0.0,-0.007978679659059268,0.12
75.205733233,6.740388675632978,0.0008812382066724874,0.0011150460574253316,0.11999999999972033,6.731090119258439,0.02788604216553297,-0.000881064257737229,0.12993408754282737,6.742011863396041,0.007825551454783187,0.0026948292276066516,0.12993408754282737,0.12,0.0,-0.011381523064386192,0.12
75.256309815,6.744468673430538,0.0008854734609012875,0.0009531428773897681,0.11999999999967592,6.749238257950425,0.0039821050981079095,-0.0007361590018146934,0.10306992908330914,6.746579484397659,0.007010948501340204,0.0025035221308142355,0.10306992908330914,0.12,0.0,-0.013310043122788119,0.12
75.306913591,6.748548671967594,0.0008889184757574608,0.0007298406367377765,0.11999999999972033,6.736320978350988,0.009544606495272091,-0.011702470553245418,0.11441980885134778,6.747943215623405,0.007535932474331765,-0.0015607662765401123,0.11441980885134778,0.12,0.0,-0.011003181131987273,0.12
75.357055204,6.756708670854615,0.0008930736315629389,0.00034083585292272984,0.11999999999972033,6.75392305651907,-0.018977422265159794,0.003494442940956181,0.12723331878978725,6.7527101531452765,0.002167302386880148,-0.0018782179620864526,0.12507171627100144,0.12,0.0,-0.00535835336261546,0.12
75.405675452,6.760788670667477,0.0008943070041881614,0.00027486490960199923,0.11999999999976474,6.768508597735023,0.00925038048497927,0.0012502587774398202,0.12373274167439738,6.763625881280972,0.00013823813968628527,-0.0006546703391787752,0.12373274167439738,0.12,0.0,0.0006720316777891052,0.12
75.459088034,6.764868670506888,0.0008954515970323533,0.0002869000183994698,0.11999999999972033,6.768508597735023,0.00925038048497927,0.0012502587774398202,0.12373274167439738,6.763625881280972,0.00013823813968628527,-0.0006546703391787752,0.12373274167439738,0.12,0.0,0.0007994542713348361,0.12
75.506685373,6.768948670330067,0.0008966526176615067,0.00030248647784431406,0.11999999999972033,6.774700046244717,0.005213442748046138,-0.006986954869117288,0.1426729905969626,6.7724134228812005,0.001196083666585521,-0.0016817718760313931,0.1426729905969626,0.12,0.0,0.0009240539722345975,0.12
75.555890085,6.773028670133512,0.0008979189134361365,0.0003093860932276886,0.11999999999967592,6.7673444713663296,0.011318071796024244,0.004728300129843939,0.13369487820368525,6.784002206650618,0.005758240290324951,0.0017925840808524854,0.13369487820368525,0.12,0.0,-0.004263132187467498,0.12
75.60570485,6.777108669969659,0.0008990728389710817,0.00024761708798174076,0.11999999999972033,6.761286639123965,-0.02087250403397485,-0.016259167808122903,0.11524509066121894,6.782657075671583,7.809195281785735e-05,-0.0017865321926209604,0.11524509066121894,0.12,0.0,-0.0027161538177779684,0.12
75.656459046,6.78118866989259,0.0008998586230498935,0.00015822739052702352,0.11999999999972033,6.789369333517191,-0.004128667168670911,0.01525139576182914,0.12068076013954535,6.788570827025715,-0.0007892112820563047,0.0016012255153303844,0.12068076013954535,0.12,0.0,-0.0007965525918627037,0.12
75.705627491,6.7852686698457605,0.0009004766285142361,0.00014619634712298543,0.11999999999972033,6.796833210400891,-0.005498830419853594,0.002275182466475917,0.12567150932168966,6.795479067169916,-0.0017794410729922055,0.0018989298304214048,0.12567150932168966,0.12,0.0,-0.0008556689837360594,0.12
75.755794298,6.789348669807596,0.0009010341537550938,0.00012780155707239622,0.11999999999972033,6.761656996468746,0.028614049827604255,0.00742257580192613,0.1148820735632435,6.792703592485389,0.004689267115128678,0.003382548797269071,0.1148820735632435,0.12,0.0,-0.005822651986396152,0.12
75.80695289,6.793428669781554,0.0009014900514614834,7.250435595866423e-05,0.11999999999918742,6.773474050600322,-0.019591882784045663,-0.002592730535104291,0.13478934439713194,6.793751747825759,-0.00045782764580127797,0.0017043313459238886,0.13478934439713194,0.12,0.0,-0.005689755864077813,0.12
75.856094178,6.797508669777823,0.0009014961935616153,-6.541531332269881e-05,0.11999999999972033,6.796927624962119,0.015265530148292565,-0.00026085672995668327,0.1337714943781803,6.799445967911346,0.0028812343021572483,0.002063324598383161,0.1337714943781803,0.12,0.0,-0.005503436547715288,0.12
75.906432061,6.801588669752874,0.0009010559531907268,-0.00015307876218020902,0.11999999999918742,6.793125219295023,-0.022402031331369417,-0.0007246204864934746,0.10079979673231028,6.8018638632683315,-0.0024808400833815276,0.0010060841968642389,0.10079979673231028,0.12,0.0,-0.006289273135534805,0.12
75.955689732,6.805668669664518,0.0009002156743690068,-0.00024799071600691453,0.11999999999972033,6.7895725211620555,0.008278668254516367,-0.0030300467553548258,0.10247295497529907,6.8031399275025,-0.00019996536716648198,-0.000352268260939837,0.10247295497529907,0.12,0.0,0.00010231407928636328,0.12
76.009461383,6.809748669521721,0.0008991366111349838,-0.00027135276563700723,0.11999999999976474,6.822989875633717,0.006054091939829374,0.008711061202732608,0.09862005138484586,6.811426255502549,0.0011420909955781719,0.0017254746360134147,0.09862005138484586,0.12,0.0,-0.0017496582917741906,0.12
76.060653001,6.8138286693737795,0.0008980379405546289,-0.0002710043493691896,0.11999999999972033,6.80364560773875,0.03023780430004702,0.0014481451083475532,0.12106439391757691,6.813565267312902,0.007321899685134459,0.0019430238619396274,0.12106439391757691,0.12,0.0,-0.0069768658381034136,0.12
76.107439418,6.821988668872128,0.0008952217016407255,-0.0004777692784797598,0.11999999999967592,6.822359955105301,-0.025125345314792658,-0.005281593223238326,0.1121631214126958,6.812743204281271,0.005587631102401044,0.0018666748655337914,0.11543513016087163,0.12,0.0,-0.01057742998128568,0.12
76.157136347,6.821988668872128,0.0008952217016407255,-0.0004777692784797598,0.11999999999967592,6.822359955105301,-0.025125345314792658,-0.005281593223238326,0.1121631214126958,6.818099788011684,-0.0009346633930598421,-9.548405244093752e-05,0.1121631214126958,0.12,0.0,-0.0021653712078888872,0.12
76.208672304,6.830148667333837,0.0008902318788723449,-0.0006779248635269789,0.1199999999995427,6.823783794637077,0.017982283090643186,-0.0009356813236888676,0.1141460074807485,6.82515279687249,0.003076883894854409,-1.595169595793516e-05,0.1141460074807485,0.12,0.0,-0.0036805666109503625,0.12
76.256769294,6.834228666305102,0.0008873356447945794,-0.0007457539236926388,0.11999999999972033,6.83130066820071,0.01178251523201654,-0.008021452824512807,0.11112704536239751,6.833318828481216,0.0031116753706299746,0.0015634089866294128,0.1454187979518724,0.12,0.0,-0.005031325261612938,0.12
76.305594972,6.838308665007165,0.000884083698034352,-0.0008524951470291708,0.11999999999972033,6.871075802280458,0.0019819290884622973,-0.001344277936659826,0.12425494491431027,6.848684518780462,0.004307499304559354,0.00021756356495795874,0.12425494491431027,0.12,0.0,-0.006346742512764358,0.12
76.356504744,6.842388663310509,0.0008803654450861121,-0.0009701874090985389,0.1199999999995427,6.842060651756604,-0.022717217679764194,-0.0015825428920961176,0.13592447614072536,6.852260055742789,-0.0014284764599696983,-0.0008175882754609283,0.13592447614072536,0.12,0.0,-0.0020248915335457827,0.12
76.406502818,6.846468661186173,0.0008762031454150969,-0.0010501828241268928,0.11999999999972033,6.85642754867961,0.010025173818035112,0.013313244883993193,0.12173907338241569,6.8566943104201385,0.001025879892573388,0.0019673079135280273,0.12173907338241569,0.12,0.0,-0.0018684584382104086,0.12
76.455603097,6.850548658913429,0.0008718966995747091,-0.0010587782697073097,0.11999999999972033,6.851460148601419,0.00012208201310246098,0.00780326326014073,0.10804852176005621,6.859596964720289,0.0008523354772854365,0.0033196368335520797,0.10804852176005621,0.12,0.0,-0.004639520991782133,0.12
76.506705236,6.854628656531437,0.0008674883620452144,-0.001109113115799458,0.11999999999972033,6.851319614231808,0.00187610399940887,-0.0019241570094120672,0.10673959273528685,6.8609765260856195,0.0010707742274450793,0.0024691374741223245,0.10673959273528685,0.12,0.0,-0.0052322100361141405,0.12
76.557782392,6.8627886506647835,0.0008577125161198814,-0.0012709407980530847,0.11999999999976474,6.862857478284094,-0.005678858420226179,0.004348743719346795,0.11995161723815712,6.867633509087675,-0.003737908462687569,0.0011225374900695707,0.11995161723815712,0.12,0.0,-0.0007629216167112465,0.12
76.606023033,6.866868647391367,0.0008525443052048325,-0.0012543217787484033,0.11999999999945388,6.861779124868282,0.004562224887678772,-0.0019971049619905284,0.11272467771428121,6.870613024273528,-0.001979064290367913,0.0012262326673554676,0.11272467771428121,0.12,0.0,0.001579980962913214,0.12
76.656971333,6.87094864427328,0.0008475002980111754,-0.0012213306414789933,0.11999999999972033,6.871639386782452,0.004497629328813818,-0.004586670424931084,0.12438382180149939,6.875754638158999,-0.0006098378580630262,2.0773273888507983e-05,0.12438382180149939,0.12,0.0,0.0010559710287710042,0.12
76.70737556,6.875028641282759,0.0008425604574153514,-0.0012011959622700527,0.11999999999976474,6.886448049733906,-0.0064680715964094155,0.0006844674523735676,0.11286637893693421,6.882800685117278,-0.0018515996500587384,0.0001534365171900313,0.11286637893693421,0.12,0.0,0.0008886908593743197,0.12
76.756012068,6.879108638381765,0.0008376951213000158,-0.001182185635596826,0.11999999999949829,6.913918649580322,-0.004401649375426287,0.009918893818978473,0.14300867123323624,6.882800685117278,-0.0018515996500587384,0.0001534365171900313,0.11286637893693421,0.12,0.0,0.001933180852448927,0.12
76.806037947,6.883188635606225,0.0008329362699091944,-0.0011489619530883125,0.11999999999918742,6.8892344571654585,-0.0002604591353050137,0.01249900210273636,0.13086142198967515,6.8983583354685205,-0.0018910343572939921,0.004217078876461332,0.13086142198967515,0.12,0.0,0.0010976075970931538,0.12
76.856535813,6.887268632959201,0.0008282887682736627,-0.0011322068756893717,0.11999999999972033,6.8777505878157426,0.035637239097747714,-0.0030315145713192,0.11940689457828295,6.897540441982515,0.00607412995556979,0.0026888658554461015,0.11940689457828295,0.12,0.0,-0.0066085330141356065,0.12
76.905779463,6.891348630271466,0.0008236061226292602,-0.0011889298320560925,0.11999999999972033,6.912029355860743,0.011210295455274369,-0.005168111664591856,0.13504129042812532,6.905925656536792,0.007163373608286587,0.0005428972084771597,0.13504129042812532,0.12,0.0,-0.009974643363831517,0.12
76.955956186,6.8954286269871945,0.000818433194185498,-0.0013552146182014776,0.11999999999976474,6.876024895389064,-0.0034640732832130683,0.01127356381668706,0.12421808806185508,6.904172311929899,0.004934997880238716,0.0018868637640501692,0.12421808806185508,0.12,0.0,-0.010109032968850826,0.12
77.006720042,6.89950862269602,0.0008125199696160017,-0.001543622010101886,0.11999999999972033,6.8916288557512555,-0.00196420333587817,-0.0061106520913948095,0.13600550700141462,6.906545915908001,0.0034642913221259453,-0.00013371326366026516,0.13600550700141462,0.12,0.0,-0.010012406387236968,0.12
77.055566109,6.903588617240406,0.0008058509989645514,-0.0017150495579555454,0.11999999999972033,6.874505083522892,0.03423291157141803,0.0006455194713024567,0.09301531983039792,6.903916239103546,0.009995999394542031,-0.000381021598983213,0.09301531983039792,0.12,0.0,-0.009750209844373674,0.12
77.106245042,6.907668610797498,0.0007986016231035607,-0.0018450307145935266,0.11999999999972033,6.898608871855304,-0.016920728394905674,-0.007013799097906306,0.10432466436714655,6.905872516155963,0.004270809790866147,-0.0016472921898583318,0.10432466436714655,0.12,0.0,-0.005410132470117643,0.12
77.156160083,6.915828594660023,0.000782383206101468,-0.0020932720054926608,0.11999999999972033,6.89883020706795,0.007959865485725684,0.0054174234458387645,0.14281458675200467,6.9119673397956936,0.0053475867522685145,3.6613829140009265e-06,0.14281458675200467,0.12,0.0,-0.004225064489058618,0.12
77.206243603,6.919908585362599,0.0007736735679771127,-0.002174380683233946,0.11999999999972033,6.922049729558973,-0.00114878853775353,-0.0057826353189306765,0.14372574506085073,6.918577839603148,0.003959288863804332,-0.0016238992660992588,0.14372574506085073,0.12,0.0,-0.00429704141275995,0.12
77.255982399,6.923988575261292,0.0007645954063596186,-0.002270786200758491,0.11999999999972033,6.92817151250497,0.006806640029470821,-0.0019315169296005032,0.11220700449876123,6.925107034617237,0.0045543735918281165,-0.0011576178259761975,0.11220700449876123,0.12,0.0,-0.004059943465552817,0.12
77.305900988,6.9280685644203635,0.0007551903379036655,-0.0023405034967546464,0.11999999999972033,6.933428411411762,0.0030154184335729785,-0.009220929360502858,0.13664708527055736,6.931068685927878,0.004206629418608282,-0.0023764435618804586,0.13664708527055736,0.12,0.0,-0.0032440280294215845,0.12
77.356052985,6.932148552873108,0.0007454838010034477,-0.0024187277369143974,0.11999999999972033,6.943125827863657,0.017062833503321086,0.0036266663756224417,0.1239215928668422,6.936883506253849,0.006937177169475502,-0.0010334881051777057,0.1239215928668422,0.12,0.0,-0.0053914055800554205,0.12
77.405932796,6.940308527310648,0.0007250641727330209,-0.002606279669712217,0.11999999999976474,6.920467060523424,-0.004843800937348468,-0.010353435008290534,0.0939229535325273,6.942777569212519,0.005404398499055033,-0.003154546698500967,0.12184508251783606,0.12,0.0,-0.0037411468034998906,0.12
77.457077609,6.940308527310648,0.0007250641727330209,-0.002606279669712217,0.11999999999976474,6.920467060523424,-0.004843800937348468,-0.010353435008290534,0.0939229535325273,6.9413339191119015,0.0032066583656525384,-0.004381748048019463,0.0939229535325273,0.12,0.0,-0.0010251103293088708,0.12
77.506515081,6.944388513080432,0.0007142885680719993,-0.002658460258078362,0.11999999999972033,6.943814010161239,-0.009054712371779258,-0.00046482766965233544,0.11019054619776229,6.948597876663906,0.0005864474456990648,-0.00462499953033197,0.11019054619776229,0.12,0.0,0.003662796976736075,0.12
77.5561709,6.948468498820087,0.0007035014654975571,-0.0026169120518444323,0.11999999999972033,6.935237608722521,0.01334757821006464,0.0026692252953621123,0.10638929503515313,6.950490031197277,0.003285685034612212,-0.0021125027201236986,0.10638929503515313,0.12,0.0,0.0021272997427065348,0.12
77.606398293,6.95254848522193,0.0006929679271920816,-0.0025570676334323457,0.11999999999972033,6.948842939539017,0.014966778133722063,0.0012532314326350869,0.13425860101792278,6.955993251649608,0.00576087522135876,-0.0016631368959336562,0.13425860101792278,0.12,0.0,-0.0020413158933225727,0.12
77.660490958,6.956628471909721,0.0006825454914433465,-0.0025642173728705232,0.11999999999972033,6.945194836083087,-0.0006758182284385847,0.0071528899278704506,0.12153155535081597,6.957355641908368,0.004407459969986911,-5.504887879218836e-05,0.12153155535081597,0.12,0.0,-0.004647693338496049,0.12
77.705904624,6.9607084581886935,0.0006719645427069484,-0.0026321431342397504,0.11999999999918742,6.960907326150007,-0.02943765204559187,-0.009911987494940159,0.09240139593780247,6.962262637189343,-0.0027938704090985653,-0.002427880469036401,0.09240139593780247,0.12,0.0,0.0006913792319968169,0.12
77.755624699,6.964788443567947,0.000661042354469112,-0.002707901171094158,0.11999999999972033,6.957101964353264,-0.0008076218286003727,-0.000208580407596646,0.1202887061102378,6.963965244978988,-0.0023749714854417532,-0.0021705550287526437,0.1202887061102378,0.12,0.0,0.004955268111108676,0.12
77.805716243,6.968868428800272,0.0006500651000370987,-0.0026579418949983693,0.11999999999949829,6.961504641431876,-0.026463694441949924,-0.0026147766710961375,0.1240622061954075,6.968420302918803,-0.007499866598039377,-0.001702685425460112,0.1240622061954075,0.12,0.0,0.010688921150001106,0.12
77.85586887,6.972948414952429,0.0006394360216415212,-0.0025324468596937396,0.11999999999963151,6.96186113970613,-0.03942841581706317,-0.0042119416789531865,0.12802018239827714,6.972285261192432,-0.014293043072296504,-0.0009555253211844936,0.12802018239827714,0.12,0.0,0.015467654463683096,0.12
77.908377043,6.9770284029526115,0.0006295446262113305,-0.00228936682022857,0.11999999999945388,6.993368889771647,-0.013258089369356796,-0.0057408388600160435,0.12453426050756648,6.981402750389507,-0.014087472817118219,-0.00203042993155303,0.12453426050756648,0.12,0.0,0.021420288407195606,0.12
77.957558412,6.981108393808273,0.00062091695151143,-0.0019290393685167137,0.11999999999963151,6.99383140478393,0.011962593089922232,-0.0041699011207006215,0.13886124971073632,6.98960802139495,-0.008575425453853223,-0.0023546339067292096,0.13886124971073632,0.12,0.0,0.017233042582661996,0.12
78.006639877,6.985188387609776,0.0006138179327536356,-0.001563496668251073,0.11999999999972033,7.0220461123965725,0.022697038861204277,-0.0014093132927618717,0.11188285015652585,7.001181586250817,-0.0019516203530988074,-0.0007273150192923958,0.11188285015652585,0.12,0.0,0.010802792371012272,0.12
78.057358267,6.989268383535385,0.0006080624006776518,-0.0012773444992900005,0.11999999999967592,6.985425939812679,0.003894345679454861,0.004442304792878913,0.12028693341563432,7.002608742413666,-0.0007041626421644808,0.0006395087376004714,0.12028693341563432,0.12,0.0,0.0032431440497663008,0.12
78.106323183,6.993348380655789,0.0006032186863137622,-0.0011195616619108762,0.11999999999972033,7.000808538627631,0.012136078081751761,-0.0036187818846078715,0.12060048110498507,7.0060914087125274,0.0020130150016967946,0.0004670660215389082,0.12060048110498507,0.12,0.0,-0.0015087512847107242,0.12
78.156041374,7.001508375790039,0.0005943078900481025,-0.0011044982719107962,0.11999999999972033,7.008055785292275,0.0013557387291584476,-0.007395669491118267,0.12950152359512965,7.01136945328587,0.0018591054925533876,-0.0009306451559084397,0.12950152359512965,0.12,0.0,-0.001207919547000807,0.12
78.207025246,7.001508375790039,0.0005943078900481025,-0.0011044982719107962,0.11999999999972033,7.008463275734722,0.0047392115130117495,-0.0075141900438180816,0.11136540846278606,7.014712892609794,0.0024544458561711275,-0.0025297773979605404,0.11136540846278606,0.12,0.0,1.8114509524140256e-05,0.12
78.256820351,7.005588373257319,0.0005897618418985858,-0.0011196965949688423,0.11999999999972033,7.0065320660939685,0.018241758668594444,-0.003286285725871854,0.13625130651756784,7.019343421283592,0.005786856628394548,-0.0026072260493868868,0.13625130651756784,0.12,0.0,-0.002592731031824863,0.12
78.306630494,7.01374836796793,0.0005804721606886396,-0.0011781685898862699,0.11999999999972033,6.99023469498151,0.009987052890340601,-0.007860597446421409,0.1457756377292297,7.018713698793271,0.006652663499101228,-0.004094655510314448,0.1457756377292297,0.12,0.0,-0.0024976438022006595,0.12
78.35761822,7.017828365022465,0.0005755699346975986,-0.0012267287655446228,0.11999999999972033,7.021721474938004,-0.00490690005462338,-0.004454122726043181,0.10219644195844996,7.025653613494342,0.003118390710663595,-0.0026643749875255246,0.10219644195844996,0.12,0.0,-0.0035873541988939153,0.12
78.40599406,7.021908361795711,0.0005704391889254149,-0.0012901636553319948,0.11999999999972033,7.0129869180891236,-0.017897277924933338,-0.013843874071281265,0.13694849974595738,7.027294798821391,-0.0013723106558225645,-0.005796429124145394,0.13694849974595738,0.12,0.0,0.0038668935491376053,0.12
78.455875274,7.025988358294023,0.0005650938668478687,-0.0013045572083153051,0.11999999999972033,7.012098585037979,-0.01669893138902575,0.018472902226018342,0.10136011328321701,7.027115759336037,-0.004600999094867304,-0.0008914375740347565,0.10136011328321701,0.12,0.0,0.007573977593852959,0.12
78.508849272,7.030068355100781,0.0005599914423689094,-0.0011840395138516075,0.11999999999972033,7.003622964257483,0.00019839576767460468,-0.001022662208943677,0.11310888217331727,7.026658687533676,-0.0035890664591226445,7.375665909266043e-05,0.11310888217331727,0.12,0.0,0.006537780804102193,0.12
78.556637347,7.034148352567894,0.0005554482079224087,-0.001046281011238662,0.11999999999972033,7.041292159235858,-0.020578021713419267,0.010449079690216195,0.1474768703709894,7.035598676284316,-0.007173928959224052,0.002896600392621603,0.1474768703709894,0.12,0.0,0.005447294815888976,0.12
78.605754439,7.03822835057131,0.0005514139725253647,-0.0009353116154831814,0.11999999999967592,7.035923278482751,0.00375983707593486,-0.01082571428771396,0.13445919061291497,7.040899441527397,-0.004872518916730418,0.0015417312306633185,0.13445919061291497,0.12,0.0,0.004769230552754749,0.12
78.655827815,7.042308348969861,0.0005478008947193148,-0.0008367443642525859,0.11999999999972033,7.062887564104467,-0.008725363902595323,0.001512745450513284,0.12207418632020114,7.049093169365453,-0.005685850780308737,0.001975497408036781,0.12207418632020114,0.12,0.0,0.0047838875726838506,0.12
78.707882432,7.0463883476881195,0.0005445685555757025,-0.0007479287414928965,0.11999999999967592,7.029767166195294,0.004397932696200103,-0.002305015974143178,0.11066447552824875,7.049823703427979,-0.003545848734635254,0.0014138999217289737,0.11066447552824875,0.12,0.0,0.003398181175815528,0.12
78.756444193,7.050468346671885,0.0005416905051722987,-0.0006670110603826807,0.11999999999918742,7.043217193921257,-0.01976719409349633,0.0046165353167032476,0.10850995552624831,7.052654833478735,-0.006975421843301676,0.001852675857881686,0.10850995552624831,0.12,0.0,0.0059291844907186034,0.12
78.807111576,7.058628345276217,0.0005369400381945702,-0.0004747220462914514,0.11999999999972033,7.042546817223344,0.017476948578957,-0.012803646651066983,0.1602033117442067,7.05988156808113,-0.0020643628141275424,-0.0016686929862133515,0.1602033117442067,0.12,0.0,0.00615410304438712,0.12
78.85638396,7.06270834492483,0.0005352525586909185,-0.0003553833778465982,0.11999999999972033,7.06568147214016,-0.010553032000328118,0.005043506816103197,0.12842599077655742,7.066397589230281,-0.0038618278391016124,0.00024298086407118682,0.12842599077655742,0.12,0.0,0.005611628094160735,0.12
78.906091008,7.066788344738961,0.0005340275943062754,-0.00024746531801707604,0.11999999999918742,7.0603099000946665,-0.0015078025836567032,0.0013894554110952613,0.10955987313394655,7.068252589586018,-0.00335912922870774,0.00036468995175599917,0.10955987313394655,0.12,0.0,0.004821765476520875,0.12
78.95664018,7.070868344656387,0.0005332143163789594,-0.00015376546440187548,0.11999999999932065,7.046940860460265,0.0011203790430604123,-0.002734258069057204,0.13069383124400458,7.0690745505844035,-0.0024125878624724852,-0.0003915422914668924,0.13069383124400458,0.12,0.0,0.00428036805610999,0.12
79.00631728,7.074948344629707,0.0005327582287767275,-7.084705240248495e-05,0.11999999999967592,7.075203065965155,0.01975656531226364,-0.0003583968859904323,0.09744118082810509,7.0734678445856485,0.0022906605697303214,-0.00033335291424590666,0.09744118082810509,0.12,0.0,0.001006152685776521,0.12
79.058167621,7.079028344626472,0.0005326133422001954,-1.3950190361360977e-05,0.11999999999972033,7.089041577786742,0.028591800459943986,-0.017553421743944156,0.11597217109807725,7.081258615804272,0.007839178485741565,-0.004205771484177027,0.11597217109807725,0.12,0.0,-0.0007129459006437987,0.12
79.105691702,7.083108344625982,0.0005325529941539894,-2.328717964744387e-05,0.11999999999923183,7.076019336886958,-0.001194077120479346,-0.0027903617069987403,0.134764602637198,7.084801433767715,0.005903872868152273,-0.0032998424492134333,0.134764602637198,0.12,0.0,-0.0030464059017845943,0.12
79.155563494,7.08718834462084,0.0005323584352467739,-7.620171312117577e-05,0.11999999999972033,7.096684197680804,0.021232998538272534,-0.0011035844183679717,0.0826529999107189,7.090366341200605,0.00914962491849728,-0.0024167537714719608,0.0826529999107189,0.12,0.0,-0.007808859260433664,0.12
79.206386821,7.091268344591518,0.0005318831603456664,-0.00016968158673308085,0.11999999999972033,7.08652125074824,-0.01920919653063457,0.007166217924927036,0.13808490890344313,7.094232056291612,0.00313801490825376,-0.0004250270536864456,0.13808490890344313,0.12,0.0,-0.004865313798524823,0.12
79.256214076,7.0953483444740755,0.0005309155609460898,-0.00029585715992462477,0.11999999999972033,7.105416458751158,-0.008825361978595733,-0.019553575563766922,0.1377020959777714,7.10194604746449,0.000560694144431495,-0.005528402897369092,0.1377020959777714,0.12,0.0,0.00416558329936571,0.12
79.305918584,7.103508344035607,0.0005282461814479592,-0.00028175417176762025,0.11999999999976474,7.12083906357215,-0.010577713182999491,0.013001200227209464,0.119153561992839,7.113026120677929,-0.0027440988157065,0.0011639024030745944,0.119153561992839,0.12,0.0,0.003188943388106741,0.12
79.356080535,7.1075883439124246,0.0005272470400036287,-0.00021248814966894248,0.11999999999972033,7.096145788629645,-0.00993547843682764,-0.000524840895073719,0.1027395354304008,7.112463360350799,-0.004269186832456102,0.0007148561131866591,0.1027395354304008,0.12,0.0,0.003724171485811739,0.12
79.406548253,7.111668343841468,0.0005264886676791292,-0.00015745907867235372,0.11999999999967592,7.095186430018931,-0.0024363477376086913,0.006847282950837402,0.12251766393166721,7.113047928561915,-0.0038655017755209143,0.0014771443995905665,0.12251766393166721,0.12,0.0,0.0037398152386434224,0.12
79.45648838,7.1157483438105915,0.0005259948535475745,-8.195673160419918e-05,0.11999999999972033,7.113655619216883,-0.0029575223340005292,-0.010340294579873207,0.1369323194301427,7.116972242810861,-0.003687041710856681,-0.0011548126677889752,0.1369323194301427,0.12,0.0,0.005925327726620454,0.12
79.510853713,7.119828343805403,0.0005258110161778214,-2.2881510696136227e-06,0.11999999999972033,7.123153065094571,0.010517473431059805,0.0012805673038375947,0.11936296666451675,7.1230548535094975,-0.0006761843944160001,0.00041727084887667443,0.11936296666451675,0.12,0.0,0.003386036759407787,0.12
79.556051838,7.123908343799004,0.0005260089379242209,8.971080185186616e-05,0.11999999999972033,7.136023309458445,-0.00469980740214223,-0.00394491987111124,0.13725399552331424,7.131526894256564,-0.001538918411073943,0.0002584813314254299,0.13725399552331424,0.12,0.0,0.0017755916305674073,0.12
79.605861357,7.127988343774438,0.0005264545649250045,0.0001264925681647805,0.11999999999972033,7.143944889279652,-0.010989679938771457,0.012112636681502796,0.1192835886280334,7.1390055952035105,-0.003518647487266302,0.0029366437126448347,0.1192835886280334,0.12,0.0,0.0007086994735859187,0.12
79.657826698,7.132068343734185,0.0005270268922579353,0.00014967891692459478,0.11999999999972033,7.118166003653775,-0.0015900575040442362,0.005876413696925569,0.12037932258377645,7.140049383336935,-0.0030849865112775768,0.0029341470924604015,0.12037932258377645,0.12,0.0,0.00010978459468902866,0.12
79.705762025,7.136148343684845,0.0005276612082219932,0.00015927197341483328,0.11999999999963151,7.132323852136495,0.019214493630038253,0.002965214213426509,0.12359111241015634,7.143727221090927,0.0016638906527031432,0.0027087528784114634,0.12359111241015634,0.12,0.0,-0.003052404083657027,0.12
79.755746674,7.140228343633778,0.0005283065921015123,0.00014849756383195043,0.11999999999963151,7.107846874139682,0.004333193299531081,-0.003947523022856743,0.10198066036022849,7.139394749293601,0.002225683231529535,0.0015122860442580305,0.10198066036022849,0.12,0.0,-0.00486100992587145,0.12
79.805688183,7.144308343605617,0.0005287781619382804,7.648663060396123e-05,0.11999999999967592,7.149281733530635,-0.012200183033952153,-0.002811815080321316,0.0959443764688833,7.145427918999011,-0.0008382177649808075,0.0007571080540473647,0.0959443764688833,0.12,0.0,-0.0014586611095312645,0.12
79.855868692,7.148388343602121,0.0005289224845649114,4.29615606275444e-06,0.11999999999972033,7.153950345807143,-0.011080087651379163,-0.011702113219010931,0.1371918384087694,7.151162827467583,-0.0030295795730791285,-0.0026516909747370293,0.1371918384087694,0.12,0.0,0.005396991901188721,0.12
79.907171901,7.152468343601884,0.000528886437814012,-3.676518083239229e-06,0.11999999999980915,7.1627286462120345,0.000830329709521401,-0.002743246403749158,0.10668097373254898,7.157916300112668,-0.0022223646997395715,-0.0025292281914179255,0.10668097373254898,0.12,0.0,0.006226565909325381,0.12
79.95590534,7.156548343596409,0.0005290591506550452,9.653654653438e-05,0.11999999999972033,7.167181227725324,-0.02449798348627653,-0.008920401597770123,0.12460595281987756,7.165325326297847,-0.006974607724315644,-0.00462820096540037,0.12460595281987756,0.12,0.0,0.013959459462812842,0.12
80.005722055,7.160628343534746,0.0005297413659145118,0.00026045346991206895,0.11999999999972033,7.161542911264253,-0.007410985750628973,2.542043886070427e-05,0.1140235828364348,7.1685549262186905,-0.00707804193727689,-0.0031388844963956396,0.1140235828364348,0.12,0.0,0.014727947165343449,0.12
80.056103837,7.168788342335174,0.0005339828659334753,0.0007911078051507532,0.11999999999972033,7.183170735084588,0.025650298732274417,0.0005111378864674611,0.11950983871870952,7.177938718702979,-0.00014704046879824174,-0.0012177114139453808,0.11950983871870952,0.12,0.0,0.009152559229170897,0.12
80.105805306,7.172868340672383,0.0005376601130034381,0.000973617212544577,0.11999999999972033,7.170296839180876,-0.0008652760503945262,-3.895410408957399e-05,0.12215449542789204,7.179189138744304,-0.0003019544164057299,-0.0004588430848642801,0.12215449542789204,0.12,0.0,0.005554264511261807,0.12
80.15578495,7.176948338565454,0.0005418055516121086,0.0010528319784584986,0.11999999999936506,7.197673698111238,-0.0085465020883612,-0.0013651701964264614,0.1309873496013655,7.189673088609335,-0.006763820626452766,0.00034311362170101855,0.1309873496013655,0.12,0.0,0.006976898416532477,0.12
80.205686717,7.181028336061349,0.0005463238043029456,0.0011699789176434334,0.11999999999967592,7.194010675784452,0.010507859821259633,0.004196052674009419,0.09562599799292794,7.194440454499924,-0.003089665139400181,0.0007988631220612855,0.09562599799292794,0.12,0.0,0.005743019336388143,0.12
80.255581379,7.185108332924849,0.0005513804344058527,0.0012998348451055942,0.11999999999972033,7.194199924814979,0.003867682491719709,-0.0074832105162687765,0.10726494635961772,7.198300409466343,-0.0016259367064275524,-0.0003742766198061879,0.10726494635961772,0.12,0.0,0.0038619542455756188,0.12
80.307009892,7.1891883292389585,0.0005568638116544108,0.0013826089921146914,0.11999999999972033,7.171938649208234,0.023094775036544293,-0.004688544110875638,0.12614214503468046,7.197401458466603,0.0036085468883193294,-0.0005764995617580472,0.12614214503468046,0.12,0.0,0.0034439271767859212,0.12
80.356540388,7.193268325159204,0.0005626332149702166,0.0014344489068794301,0.11999999999967592,7.205269492008645,-0.014393943885735368,0.009343063193761554,0.12903329777909872,7.203276867947518,-0.00019541518843081392,0.0014036165269690085,0.12903329777909872,0.12,0.0,-0.0018844588445937206,0.12
80.405657776,7.197348321008798,0.0005684526810544972,0.001411014277714684,0.11999999999972033,7.176258999033477,0.05102174836006631,0.002482729321114265,0.09714223566058283,7.20096123007738,0.01068059769938735,0.0013183025706221007,0.09714223566058283,0.12,0.0,-0.00903511638213598,0.12
80.45582322,7.201428317047742,0.0005741377850905315,0.0013756176953654362,0.11999999999972033,7.208291769758443,-0.01234497004400363,-0.00769600510113873,0.12235796791185832,7.207420246285052,0.005786327823917036,-0.001682510253050523,0.12235796791185832,0.12,0.0,-0.006496492337010133,0.12
80.509329428,7.205508313611793,0.0005794299134350922,0.0012259211544496562,0.11999999999972033,7.206314335446517,-0.004136458711847613,-0.004361805375696281,0.12251384409204383,7.211030502879665,0.0036699211813857767,-0.0025294403370191045,0.12251384409204383,0.12,0.0,-0.0027191868784630416,0.12
80.559610731,7.209588310822095,0.0005841994100877583,0.00112345098773261,0.11999999999967592,7.21252470245789,0.020289394797979296,0.00019654079586319667,0.1260981177177201,7.2164952126581525,0.007189884759497352,-0.0022165067163588646,0.1260981177177201,0.12,0.0,-0.004392431301226245,0.12
80.606025774,7.217748306231108,0.0005928486341371826,0.0009886151313374563,0.11999999999923183,7.214401108747905,-0.010083191200324481,0.0015140917692574622,0.11829864852870016,7.216520593093308,0.0012101460763575844,-0.0023777600399651853,0.11829864852870016,0.12,0.0,-0.0018708287727142033,0.12
80.655934088,7.221828304328822,0.0005967882217007625,0.0009472579624247534,0.11999999999972033,7.225191898395294,-0.001473950111808093,-0.006138491981773977,0.11704385409972422,7.221848710553145,0.0006245914040441457,-0.002729399876915842,0.11704385409972422,0.12,0.0,0.0015226753832321617,0.12
80.706950115,7.225908302503642,0.000600647408110571,0.0009525198590822775,0.11999999999967592,7.241394502140808,-0.023976506724513694,-0.005899004047328474,0.09335643801168746,7.229797228518894,-0.00461201809700478,-0.0033192146603724074,0.09335643801168746,0.12,0.0,0.006768830618490877,0.12
80.756164575,7.229988300535917,0.0006046533421195632,0.0010344921420765753,0.11999999999967592,7.230848299496537,-0.004197758257155831,0.014808197166966009,0.12878511358103573,7.235477941844472,-0.004507035240098193,0.0008731273156304006,0.12878511358103573,0.12,0.0,0.0072172357772552626,0.12
80.806782215,7.23406829799341,0.0006092045940390969,0.0011874988753850099,0.11999999999972033,7.240092760627772,-0.0352741843633193,-0.006110398918770469,0.13755162625966214,7.240818666034837,-0.011047346437640954,-0.00013864144334106165,0.13755162625966214,0.12,0.0,0.006144133865006401,0.12
80.85875784,7.2381482947761135,0.0006143253965854863,0.001339764048664602,0.11999999999967592,7.242206811703702,-0.015247669664109873,0.0017529244553893288,0.1122744878730487,7.246209874032588,-0.011940294251017888,0.0020788949675849505,0.1122744878730487,0.12,0.0,0.013024645420266715,0.12
80.906891841,7.242228290438055,0.0006202685586433305,0.0015759315047815256,0.11999999999972033,7.244784462392127,-0.034049532606904735,-0.006947266541501734,0.11351314955361863,7.250197107250348,-0.01664436594210425,0.00133375633030216,0.11351314955361863,0.12,0.0,0.016991936840049758,0.12
80.955926328,7.246308284517844,0.0006272121949841363,0.0018424169326547583,0.11999999999967592,7.255450952994995,-0.017988843305943494,0.005901997024752734,0.14646886233965675,7.256396710596821,-0.016912578671569003,0.002012697447640179,0.14646886233965675,0.12,0.0,0.019215817449561596,0.12
81.007719188,7.250388276239394,0.0006354208999155511,0.0021882667475940976,0.11999999999963151,7.259521229221049,0.024606225279056607,-0.0032972637251805193,0.14485895848999103,7.262223428937825,-0.008102375524164884,0.0008556242312760247,0.14485895848999103,0.12,0.0,0.014916182195018939,0.12
81.055635439,7.254468264832371,0.000645060528113581,0.0025195890404708134,0.11999999999972033,7.24312991014364,0.03410804406340949,0.009279047483894281,0.1252204389637466,7.263208168022463,0.0008770790994025463,0.003105262965577197,0.1252204389637466,0.12,0.0,0.004085396759687969,0.12
81.108603536,7.258548250532929,0.0006558588016814819,0.002759899115515826,0.11999999999967592,7.268863108056876,-0.018060222819396524,-0.0028794304344818165,0.10527047969352683,7.267491241340655,-0.0031430558498355275,0.001730960911259801,0.10527047969352683,0.12,0.0,0.0024625645944323983,0.12
81.156168941,7.266708218023379,0.0006788912048792731,0.002856928633294737,0.11999999999972033,7.274069007017896,0.004345704381407298,0.0027276356438088495,0.10536600893150684,7.27639333646742,0.00027873707417251127,0.0036250783705053208,0.10536600893150684,0.12,0.0,-0.002452322852106413,0.12
81.205569782,7.270788201563157,0.0006904805147247463,0.0028117278579170455,0.11999999999976474,7.243517113066197,0.00905323462349293,0.0025674653761199387,0.1123051471828444,7.273829323975878,0.0021541937013662893,0.00367687384123814,0.1123051471828444,0.12,0.0,-0.005067474178146802,0.12
81.255574137,7.274868185906402,0.0007017830774058084,0.002721977381859204,0.11999999999967592,7.282699739942028,-0.01568639717588416,-0.001134832990738601,0.12446031422504003,7.280582692328366,-0.001623429124296855,0.0026998305307899652,0.12446031422504003,0.12,0.0,-0.007773996114562998,0.12
81.307233133,7.278948171534808,0.0007126110667335966,0.0025898863794274985,0.11999999999945388,7.255206595912583,0.019278002316832125,0.002340294305974978,0.1298358193333012,7.279831441337087,0.002826969898342905,0.0014350064659170202,0.1298358193333012,0.12,0.0,-0.005649581756336603,0.12
81.355687319,7.28302815836816,0.0007229756826104529,0.00248863737070257,0.11999999999967592,7.272242701291279,0.0005990448888301867,0.013636141601968294,0.10245992001197421,7.282425263581652,0.0023832446010499603,0.004259227962425117,0.10245992001197421,0.12,0.0,-0.007862232426870489,0.12
81.406384155,7.287108146346476,0.0007328787824145528,0.0023537139223215775,0.11999999999923183,7.272242701291279,0.0005990448888301867,0.013636141601968294,0.10245992001197421,7.282425263581652,0.0023832446010499603,0.004259227962425117,0.10245992001197421,0.12,0.0,-0.00953875798810452,0.12
81.455779102,7.2911881358529405,0.0007421299474100013,0.0021757560102591096,0.11999999999967592,7.294772452417377,-0.008387619401457009,0.018375547071598372,0.13637580378428868,7.292436380400193,0.00413527317424552,0.007670771603400818,0.13637580378428868,0.12,0.0,-0.015147063836083045,0.12
81.506634753,7.295268127250191,0.0007505029431615496,0.0019183000667904954,0.11999999999972033,7.3093720911585764,-0.01888902917697673,0.004410941734808395,0.10735094830006262,7.299294966404497,-0.0007305342476239826,0.006698806355852526,0.10735094830006262,0.12,0.0,-0.013367224014257419,0.12
81.556264868,7.29934812081116,0.0007577439491122433,0.0016414497324401995,0.11999999999918742,7.310905475655321,0.00013059642782581706,0.012106024046993877,0.12090328584918256,7.307641892903113,-0.0004990413831411582,0.008493800343649488,0.12090328584918256,0.12,0.0,-0.01223763992795595,0.12
81.60635505,7.303428116019308,0.0007639916701028479,0.0014197000840999285,0.11999999999972033,7.309955132649844,-0.0002307872318418171,-0.0027339556050794485,0.13654772855084357,7.313294395292885,-0.0004180310632954335,0.004586370348008201,0.13654772855084357,0.12,0.0,-0.009937969703063734,0.12
81.66377413,7.307508112513257,0.0007693346799734053,0.001210724054685541,0.11999999999972033,7.2878862549216405,-0.02243607484122564,-0.00528784461891629,0.09142091757085541,7.311898258096617,-0.005088705188727897,0.0012191113380926241,0.09142091757085541,0.12,0.0,-0.002175581492410216,0.12
81.706500384,7.307508112513257,0.0007693346799734053,0.001210724054685541,0.11999999999972033,7.2878862549216405,-0.02243607484122564,-0.00528784461891629,0.09142091757085541,7.311898258096617,-0.005088705188727897,0.0012191113380926241,0.09142091757085541,0.12,0.0,0.0013091731023555965,0.12
81.755786878,7.311588109754733,0.0007740785302799736,0.0011551694561293176,0.11999999999972033,7.302183211507782,0.0014457083702821964,-0.005132932532699372,0.12329041261831106,7.3168667007889265,-0.0037079561391750388,-0.0003490169991412388,0.12329041261831106,0.12,0.0,0.004974331722818172,0.12
81.805615682,7.315668106873431,0.0007789266183627507,0.0012284383956940896,0.1199999999995427,7.33535863080164,-0.02819033659131257,0.004176106724229096,0.13562290008647468,7.327705814717987,-0.008892521564526601,7.836144625601206e-06,0.13562290008647468,0.12,0.0,0.008384158273099157,0.12
81.856333733,7.319748103542615,0.0007841385969747735,0.0013357592849034114,0.11999999999972033,7.3056630878451765,0.0037050170134730444,-6.882174302440628e-05,0.10892546540459412,7.326320117945354,-0.006221517298712785,0.0008505633948684649,0.10892546540459412,0.12,0.0,0.007798030704787143,0.12
81.905625085,7.327908094519753,0.0007962540819831592,0.0016250554327851684,0.11999999999972033,7.3204161169677056,0.009031494224976745,0.000491560093955156,0.1301463672751962,7.329890530290209,-0.006918911354257899,0.002085075267136342,0.13097410138618978,0.12,0.0,0.00667706842729409,0.12
81.955674891,7.331988088706157,0.0008031402001146754,0.0017421894923056176,0.11999999999967592,7.3409938350015995,0.02004719137221488,-0.009819657153954057,0.14883446841508371,7.338588995302398,0.0014585870534120269,-0.0003413827414928171,0.14883446841508371,0.12,0.0,0.0017953865055186401,0.12
82.007231437,7.336068082274586,0.0008103843267823379,0.0017968923611219629,0.11999999999972033,7.316719643444202,0.018137309607064337,0.0031730566201468575,0.0886490223696594,7.336392456920436,0.005002605325640903,0.0006414682684644791,0.0886490223696594,0.12,0.0,-0.0036092084600011353,0.12
82.056830754,7.340148075655534,0.0008177335326338581,0.001785202568185421,0.11999999999972033,7.34441129358873,-0.005660301225332236,0.006396790189568202,0.1434809393043414,7.343935396659611,0.0027561064528935633,0.0015081385354319004,0.1434809393043414,0.12,0.0,-0.005942342839643797,0.12
82.106097302,7.3442280695145055,0.0008248112934846495,0.0016803915883964952,0.11999999999972033,7.353269605008061,0.002246489498599515,-0.004157758579770228,0.1490260634069982,7.3516622180438045,0.002641027863083746,0.0013715196423048223,0.1490260634069982,0.12,0.0,-0.005888963644240971,0.12
82.157095503,7.348308064124522,0.0008314419281244432,0.0015703004037641625,0.11999999999972033,7.358051924559138,0.004839371101297067,0.023473054430466447,0.10931598859165778,7.3576326490512445,0.003163637193923919,0.005246071900214247,0.10931598859165778,0.12,0.0,-0.009010897680421327,0.12
82.205951144,7.352388059445041,0.0008376196966513001,0.0014466220763779303,0.11999999999914301,7.367331659727309,0.019682172483829807,-0.008957852391868677,0.13587343607856062,7.365587771004495,0.006666960299978278,0.0023544412067173018,0.13587343607856062,0.12,0.0,-0.011714885868513684,0.12
82.256936587,7.356468055733637,0.0008431176024613912,0.0012426200129330794,0.11999999999972033,7.330073711911427,0.0077639409314135665,-0.005850549635835165,0.1234645057880417,7.361503743567362,0.006891217182341168,0.0006627486617127384,0.1234645057880417,0.12,0.0,-0.011532294393934286,0.12
82.30565374,7.360548053112836,0.0008477344606148517,0.0010185437555598395,0.11999999999918742,7.371425440145467,-0.007592384959401577,0.009274440796669392,0.09314466538036659,7.36632165777659,0.003835876817177324,0.0016860932493948568,0.09314466538036659,0.12,0.0,-0.009310947554529589,0.12
82.358172835,7.364628051390344,0.0008514765771642772,0.0008249501815264131,0.11999999999972033,7.346875533368624,-0.011991019177179126,-0.0008312564894572622,0.11121923502615838,7.367421913711075,0.00047954226641944543,0.0018006349203369123,0.11121923502615838,0.12,0.0,-0.006725085696396347,0.12
82.407810757,7.368708050240924,0.000854534876120274,0.0006847123529380243,0.11999999999972033,7.385604081878131,0.004085812190344943,0.00696638373406295,0.12929827059983062,7.377713139865303,0.0012674046241268992,0.0031770001180469166,0.12929827059983062,0.12,0.0,-0.00452063846233776,0.12
82.459643358,7.372788049414396,0.0008571297825370585,0.0005908211655546706,0.1199999999995427,7.368098068652526,0.01303880104156923,-0.012715335978114197,0.1394402476837977,7.379335040731597,0.0037453822931378484,-0.00034909957462856713,0.1394402476837977,0.12,0.0,-0.004838307092910367,0.12
82.506844288,7.376868048817333,0.0008593339116236984,0.00049217266899477,0.11999999999936506,7.3554631507241055,-0.011738975704911385,-0.0002310112840884451,0.13494217596073557,7.379871674811403,0.00045883801384314846,-0.000788921214061549,0.13494217596073557,0.12,0.0,-0.0022978186071680733,0.12
82.555635929,7.380948048406954,0.0008611609097007956,0.0004065234530510533,0.11999999999972033,7.364030662629721,-0.02541771077251535,0.006715416814590018,0.11470955514657132,7.380667790121708,-0.005018510053888114,3.0433145551275742e-05,0.11470955514657132,0.12,0.0,0.0026393219061642825,0.12
82.607732973,7.385028048099236,0.000862745073993639,0.000376146094507468,0.11999999999972033,7.37167467847473,-0.004229630462405124,0.00828494630052612,0.11015691787926933,7.38207504752134,-0.0048372048223653905,0.0023459065104145626,0.11015691787926933,0.12,0.0,0.0029988654314631095,0.12
82.656858331,7.393188047390051,0.0008661396316645144,0.000446761227089378,0.11999999999967592,7.388868277853306,-0.02591417539165311,0.007335338703181731,0.13030489815716323,7.393604304203513,-0.003071899930800786,0.0032066940986363772,0.13030489815716323,0.12,0.0,-0.004792547466849384,0.12
82.705607701,7.397268047028104,0.0008678563819415928,0.00038200911783999925,0.11999999999972033,7.398976996714257,0.0051040447130674405,0.002334033338891749,0.10306440964891642,7.398387290295864,-0.0013286315503836293,0.0038817944654331803,0.10306440964891642,0.12,0.0,-0.003601532524490447,0.12
82.757167775,7.401348046790341,0.0008692462919048178,0.0003048222748107686,0.11999999999972033,7.405311617694483,0.015450123102445146,-1.898219075181193e-05,0.11108073943452577,7.40363593936717,0.0022395008930352674,0.003252952947599186,0.11108073943452577,0.12,0.0,-0.003910904766405484,0.12
82.805747813,7.405428046642723,0.0008703397210302083,0.00022246000155802656,0.11999999999972033,7.396844652235742,0.023205934345673383,0.01162272697044913,0.124898000652802,7.4063479331119675,0.00671758130698355,0.004740871829126541,0.124898000652802,0.12,0.0,-0.011492138994497284,0.12
82.856434858,7.4095080465867795,0.000870998290793656,9.43055465081049e-05,0.11999999999967592,7.4210473028793755,0.005263279582437295,-0.0025337339972986653,0.13144558358976313,7.413398410841576,0.006414663192326993,0.0033035754946168635,0.13144558358976313,0.12,0.0,-0.013319007708017281,0.12
82.905832288,7.413588046577954,0.0008709395790880384,-0.0001284754818782685,0.11999999999972033,7.431397397418137,-0.009119945677681473,-0.015311828926073152,0.09182723536481115,7.420545005800303,0.003100237868115202,-0.0014289609461570624,0.09182723536481115,0.12,0.0,-0.005627032631480931,0.12
82.956068387,7.421748046130609,0.0008683414554707075,-0.0004402152020862434,0.11999999999972033,7.411581835868469,-0.022747401158291332,0.006678929145612877,0.13709137557575324,7.426606258951485,-0.00496227587748178,-0.0020549567586445362,0.13709137557575324,0.12,0.0,0.003062476843428811,0.12
83.005579988,7.4258280457522385,0.0008665849511858805,-0.0004069658402601204,0.11999999999918742,7.4131363112886195,-0.00970679285205509,-0.0057404656868861766,0.1526608798027313,7.428328383141573,-0.005987003476472004,-0.002157059510269828,0.1526608798027313,0.12,0.0,0.008543042458465714,0.12
83.056723951,7.429908045511271,0.00086519311403945,-0.0002643940179874193,0.11999999999967592,7.4041439836119505,0.016127246464385438,0.005889238690068548,0.13034785955578365,7.428448847409443,-0.001288292394873959,-0.000712364794925265,0.13034785955578365,0.12,0.0,0.006717464726153756,0.12
83.106416346,7.4339880454424385,0.0008644690139176259,-0.00010418121325439018,0.11999999999972033,7.4420194284773915,-0.00658310388310991,0.012828710904383011,0.11710881714062221,7.435273262400424,-0.0023893980734279634,0.0024474245681116707,0.11710881714062221,0.12,0.0,0.0025082974433762945,0.12
83.155817928,7.438068045435135,0.0008642489676757272,-1.6632589464208794e-05,0.11999999999972033,7.443954848183362,0.002837295438596237,0.005917551851052392,0.08458608487176347,7.440044676576315,-0.0012682527116953794,0.0036531898916016088,0.08458608487176347,0.12,0.0,-0.0011524237242154119,0.12
83.208159136,7.442148045434956,0.0008642580143916652,1.489480947852009e-05,0.11999999999972033,7.459244259789169,-0.026517728800631902,0.003919842707053192,0.11348540059784629,7.447680404034007,-0.006611778529508403,0.0031879674851628256,0.11348540059784629,0.12,0.0,0.0012948446135702635,0.12
83.257781134,7.450308045432767,0.0008644121002102208,2.988696359377803e-05,0.11999999999972033,7.4455649095737675,0.028406990592803102,0.004921921956013088,0.1193959472594616,7.452241929958653,0.0008385769669052683,0.0036260495910845373,0.1193959472594616,0.12,0.0,-0.004069609801968573,0.12
83.305649029,7.454388045432123,0.0008644081079653727,-2.385899143764184e-05,0.11999999999972033,7.424090850713958,-0.01974386482804981,-0.005140972481811344,0.1057190349688349,7.449586626919506,-0.0035324440686994633,0.0019382316539313612,0.1057190349688349,0.12,0.0,0.00015278902422734492,0.12
83.356398722,7.458468045430464,0.0008642924986591667,-3.560267272883082e-05,0.11999999999972033,7.4474951560647416,0.005527066204822086,0.008848808415878913,0.14767038938372765,7.45472217574867,-0.0015860470819490892,0.0036945940340027293,0.14767038938372765,0.12,0.0,-0.002596177325726431,0.12
83.406560464,7.458468045430464,0.0008642924986591667,-3.560267272883082e-05,0.11999999999972033,7.456087991626203,0.003762778691006087,-0.007166085826222531,0.14739029914296536,7.460512832336977,-0.00045364840003027417,0.0012601429491809783,0.14739029914296536,0.12,0.0,-0.0020618223877433743,0.12
83.455660706,7.462548045423772,0.0008640648530780081,-7.633857827228206e-05,0.11999999999972033,7.473080137808782,0.01247592256085024,0.00586122581883145,0.11429951652045367,7.4697769446599205,0.00231164282508206,0.0016901973137606096,0.11429951652045367,0.12,0.0,-0.003575126956458087,0.12
83.506986636,7.4666280454055,0.0008636817565472239,-0.00011882270982992813,0.11999999999918742,7.471710365340955,-0.0027251934791226767,-0.012128243535373187,0.12383050361801962,7.475709266279344,0.001222219899778602,-0.0025053669554653173,0.12383050361801962,0.12,0.0,-0.004657990140797985,0.12
83.555646125,7.470708045355136,0.0008630463252783073,-0.00018286459751272534,0.11999999999918742,7.447898627266441,0.001957447374030729,-0.0028597358527463965,0.09993698775440568,7.47339147999334,0.0013691538901150996,-0.0028135046432443958,0.09993698775440568,0.12,0.0,0.001238594046114188,0.12
83.607570947,7.4747880452812225,0.0008622698464710854,-0.00019046378802436165,0.11999999999972033,7.496062968356227,-0.0021447935125604367,-0.003553000010121299,0.10926358681854145,7.4815241309907705,0.0006134408514232555,-0.0032771038527663076,0.10926358681854145,0.12,0.0,0.00341986789794698,0.12
83.655588931,7.482948045183203,0.0008610294685802645,-8.809651183819405e-05,0.11999999999972033,7.501465790710748,-0.011963617127928603,0.00992192500018967,0.14124916697287854,7.49222126526545,-0.004255755979600458,0.0006183653417515228,0.14124916697287854,0.12,0.0,0.005390529453600736,0.12
83.707493198,7.482948045183203,0.0008610294685802645,-8.809651183819405e-05,0.11999999999972033,7.501465790710748,-0.011963617127928603,0.00992192500018967,0.14124916697287854,7.49222126526545,-0.004255755979600458,0.0006183653417515228,0.14124916697287854,0.12,0.0,0.004956926644676653,0.12
83.756292656,7.487028045178116,0.0008608612369657495,7.220689014785638e-06,0.1199999999995427,7.499137036330346,0.009319146704953119,-0.003565012945041822,0.11048868782415279,7.498203495467697,-0.0013787487402725793,-0.0009364216361359191,0.11048868782415279,0.12,0.0,0.0039171418894851425,0.12
83.805606767,7.495188045135905,0.0008616070191246983,0.00015270534057926438,0.11999999999972033,7.497927748050192,0.009883127960876405,0.0028437769149363646,0.14135904950712708,7.495067499575881,0.000535282059491708,0.0015498365824543055,0.10267917697500385,0.12,0.0,-0.0010851174910831696,0.12
83.85633318,7.499268045089915,0.0008622190845822873,0.0001336631209713668,0.11999999999967592,7.4804012757327785,0.023625556427397575,-0.018176106957195248,0.12680983731371812,7.500715611779284,0.006973110286022742,-0.002094619801333827,0.12680983731371812,0.12,0.0,-0.004679432098301892,0.12
83.906842125,7.503348045069422,0.0008626169066133526,5.566406189119841e-05,0.11999999999972033,7.507892075937465,0.01102652786437707,0.01668552470393138,0.10339534332594438,7.505958438406382,0.007857175371714951,0.003301815014869573,0.10339534332594438,0.12,0.0,-0.010468036859984316,0.12
83.955946214,7.507428045064774,0.0008625745531520612,-9.95046925725783e-05,0.11999999999972033,7.538341759442758,0.001384413775577393,-0.000814179301293469,0.10217910418206107,7.516414563228421,0.006488987086644952,0.0020769948589122846,0.10217910418206107,0.12,0.0,-0.013011094537321395,0.12
84.006657222,7.511508044956877,0.0008616811493539925,-0.0003402173723825743,0.11999999999972033,7.514457594689506,-0.012203872539064865,-0.0024794407223764207,0.14098257411797943,7.52078782115539,0.002525351691942195,0.0003246695061223125,0.14098257411797943,0.12,0.0,-0.012881989092246044,0.12
84.057102105,7.515588044523992,0.0008598198829059179,-0.0005542667101674702,0.11999999999972033,7.490399362734592,0.008620722577014954,-0.008841064359844253,0.10772993460526366,7.519554428185451,0.0038009328995796915,-0.0012688622344987183,0.10772993460526366,0.12,0.0,-0.005193741925708929,0.12
84.105635067,7.51966804375558,0.0008573192751676436,-0.0006648227248969225,0.11999999999972033,7.54056175825199,-0.015550264282955788,-0.0019541446479038136,0.10641571516929474,7.527359264761157,-0.0003101783278770787,-0.0018142297663281029,0.10641571516929474,0.12,0.0,-0.000911065066392895,0.12
84.156393023,7.523748042731657,0.0008544303547245451,-0.0007436970444904331,0.11999999999976474,7.5076899737634974,0.029209228097549295,-0.015317480769642866,0.14061928405255336,7.527492805041712,0.005920835609153731,-0.004474937592724893,0.14061928405255336,0.12,0.0,-0.0008752809700171772,0.12
84.206661339,7.527828041577671,0.0008513617980720799,-0.000760377830531767,0.11999999999972033,7.522529314470092,0.04249232288511893,0.00044684320630688563,0.10392278316672024,7.530781591903526,0.013669492805009044,-0.0025689440139863512,0.10392278316672024,0.12,0.0,-0.007510711076519624,0.12
84.257018509,7.531908040368659,0.0008482210183627865,-0.0007946425724876244,0.11999999999940947,7.512357714328457,-0.0028214630223802623,-0.0060884782606849385,0.08102297855696562,7.530625678338873,0.010152372588067848,-0.0025977198778119647,0.08102297855696562,0.12,0.0,-0.011151992957537014,0.12
84.306075627,7.53598803872993,0.0008445723341268567,-0.0009976286912823304,0.11999999999972033,7.530309071998818,2.1217595132824122e-05,0.0011616411692618456,0.1455489276892305,7.5359813719552164,0.007996498246844655,-0.0020394778251940967,0.1455489276892305,0.12,0.0,-0.009495100328271142,0.12
84.357181551,7.540068036253835,0.0008400836857013705,-0.0011971601399097095,0.11999999999972033,7.542844415520024,-0.028040536673070438,-0.012625072939381483,0.1130228128241678,7.541807416852485,0.0003178972183849587,-0.003853745669708022,0.1130228128241678,0.12,0.0,-0.002151667662751773,0.12
84.406750538,7.544148033007652,0.0008349381956464756,-0.001289326352836068,0.11999999999967592,7.542844415520024,-0.028040536673070438,-0.012625072939381483,0.1130228128241678,7.541807416852485,0.0003178972183849587,-0.003853745669708022,0.1130228128241678,0.12,0.0,0.00333483951227307,0.12
84.4611404,7.54822802976951,0.0008297985831157606,-0.0012164748182572334,0.11999999999972033,7.559981940154945,-0.009037122085196534,-0.0037388119773619603,0.1340188271270894,7.553544738639802,-0.0016975172039665476,-0.0038674230211194574,0.1340188271270894,0.12,0.0,0.006946720641883401,0.12
84.505746254,7.55230802704261,0.0008250836757028602,-0.0011030077743207224,0.11999999999949829,7.556786396543217,0.020493120009390325,0.0028823978958468104,0.1344663482606899,7.56036510813701,0.007226969384525929,-0.00020502046575828644,0.1344663482606899,0.12,0.0,-0.0030176016654909175,0.12
84.556618422,7.556388024619893,0.0008206375135273714,-0.0011005425763097798,0.11999999999972033,7.553268445824451,0.01806970236267314,-0.002237570763511318,0.11368603035590402,7.563475185337428,0.009522153247982924,-0.0004019051746646671,0.11368603035590402,0.12,0.0,-0.007583507666804634,0.12
84.605867015,7.560468021892295,0.0008159226972602487,-0.0012355356378099043,0.11999999999918742,7.577562445243642,-0.001800524340927262,0.004357656122789643,0.1386845410687882,7.5720982706096045,0.0071305143351374275,-0.0003857631952341814,0.1386845410687882,0.12,0.0,-0.01127101222553129,0.12
84.657926502,7.564548018247588,0.0008104744521920135,-0.0014348909954520126,0.11999999999923183,7.577897961772695,-0.03145772079913456,0.007441882642799714,0.10047359741291739,7.577291656921883,-0.0010440671529305034,0.0012665372190352638,0.10047359741291739,0.12,0.0,-0.010281715287826067,0.12
84.708536696,7.568628013490847,0.0008042476529245729,-0.0016012211386218142,0.11999999999972033,7.545152147540494,-0.010634123123814355,-0.006146144753414587,0.1113184854680167,7.574872985556535,-0.0030894719367725474,1.962647627505804e-05,0.1113184854680167,0.12,0.0,-0.0055847869480859175,0.12
84.75584303,7.572708007970056,0.0007975363495001114,-0.0016786313654166358,0.11999999999972033,7.545152147540494,-0.010634123123814355,-0.006146144753414587,0.1113184854680167,7.574872985556535,-0.0030894719367725474,1.962647627505804e-05,0.1113184854680167,0.12,0.0,0.00015187381703281127,0.12
84.805655408,7.576788002208164,0.0007906796001680859,-0.0016564860844414575,0.11999999999972033,7.565833751688268,0.023515029332800513,-0.0037720629517427845,0.10510845804555613,7.576802652422114,0.0013093056913320664,-0.0006506148642008443,0.10510845804555613,0.12,0.0,0.004509619708015231,0.12
84.855750653,7.580867996851527,0.0007840688019007266,-0.0015894426718324713,0.11999999999963151,7.570982074958628,-0.009081458427426465,-0.01336705762024067,0.12989026393330877,7.580310644680358,-0.0009233884770844735,-0.0034609692644195535,0.12989026393330877,0.12,0.0,0.0007741218899106346,0.12
84.905685264,7.584947991798571,0.0007776476527556484,-0.0015642412091071106,0.11999999999972033,7.577256517887471,-0.011002539715808408,-0.004624037599393726,0.0995041940867019,7.582651193775637,-0.0030729300410811547,-0.004476604490813877,0.0995041940867019,0.12,0.0,0.007156329914923797,0.12
84.958471342,7.589027987006742,0.0007713953980369822,-0.0014772366710228864,0.11999999999976474,7.590593822807511,-0.019240584707506878,-0.007594135298881922,0.11261436719718992,7.589958454731691,-0.00653766787618865,-0.0042299236430577815,0.11261436719718992,0.12,0.0,0.010281099767158363,0.12
85.006114942,7.59310798307147,0.0007657328623828767,-0.0012938205019140735,0.11999999999972033,7.605297750868538,-0.0217340174208826,0.0013009182316675075,0.12568332441928803,7.597367724639185,-0.009770316406526213,-0.0026864309788928314,0.12568332441928803,0.12,0.0,0.0151294692040493,0.12
85.057299712,7.597187980261814,0.0007609539385431145,-0.0010389502712333046,0.11999999999972033,7.576810917522833,-0.01741325585048153,-0.008172835099324363,0.08657003155796474,7.597367724639185,-0.009770316406526213,-0.0026864309788928314,0.12568332441928803,0.12,0.0,0.017044340128427156,0.12
85.107318934,7.597187980261814,0.0007609539385431145,-0.0010389502712333046,0.11999999999972033,7.576810917522833,-0.01741325585048153,-0.008172835099324363,0.08657003155796474,7.596870721658029,-0.011413000645286739,-0.0037469692741503723,0.08657003155796474,0.12,0.0,0.019728770727806835,0.12
85.155757654,7.601267978665401,0.0007573661593516601,-0.0007052167547995341,0.11999999999972033,7.588979758032122,-0.018927446738785474,-0.00769487997667691,0.10062160833335267,7.600425092650609,-0.013035069680141998,-0.004658173332881792,0.10062160833335267,0.12,0.0,0.024821258818466835,0.12
85.206344386,7.60534797809696,0.0007552634291582694,-0.0003081080297852279,0.11999999999972033,7.625333961672067,-0.01433650063395406,0.004041853776850365,0.12118844200035603,7.610034905148269,-0.013315017077413711,-0.0024846508111720017,0.12118844200035603,0.12,0.0,0.023287373793021426,0.12
85.256974028,7.613507977754086,0.0007564043832752475,0.0005577226641773164,0.11999999999918742,7.619382200627153,0.0005866891511553121,-0.007199114206397726,0.09597986585901919,7.625789324247524,-0.008538587728775096,-0.0014948023047739734,0.09597986585901919,0.12,0.0,0.017336861175495433,0.12
85.306277976,7.61758797664406,0.0007593877025403632,0.0008955781892392334,0.11999999999972033,7.6212726784349805,-0.007080939964320026,0.0014053729436572708,0.10802132137199533,7.627855481089746,-0.008229324767397506,-0.000767096656721094,0.10802132137199533,0.12,0.0,0.014793808005445807,0.12
85.358553129,7.621667974397698,0.000763655152799355,0.0011883335362008285,0.11999999999972033,7.612161410176215,0.022546000344569817,-0.006284940202385528,0.12995726603716326,7.629561312593696,-0.00171299307503476,-0.001742245582212575,0.12995726603716326,0.12,0.0,0.01001646340689814,0.12
85.408442572,7.62574797085001,0.000769027683957566,0.0014297000566118098,0.11999999999967592,7.621473420104469,0.012080659579162411,0.008007726682056519,0.137541674798458,7.632671539723426,0.0012255733586558344,2.832747456780636e-05,0.137541674798458,0.12,0.0,0.007826785139354933,0.12
85.456361621,7.629827966222663,0.0007751705723658454,0.0015574543878493878,0.11999999999972033,7.649744508519434,-0.018281640557440068,0.006743122362747597,0.12566687022181322,7.6410484222016475,-0.0029009581347698285,0.0016121673028968622,0.12566687022181322,0.12,0.0,0.0012979990785567889,0.12
85.506330986,7.633907961140218,0.0007816103985528484,0.0015909887148767069,0.11999999999972033,7.658867204992757,-0.00805029260689301,0.00709102673395865,0.11174910563057017,7.648734714893062,-0.003976360461317682,0.002502007314316988,0.11174910563057017,0.12,0.0,0.0015501846263573536,0.12
85.556041711,7.637987955895167,0.0007881524617972176,0.0016166581359157131,0.11999999999972033,7.6516542409436985,-0.008817648784169184,-0.0017099307872318846,0.1048457955385894,7.652494298161142,-0.005003423982564148,0.0017887881059321176,0.1048457955385894,0.12,0.0,0.0035044236345450914,0.12
85.607129979,7.642067950449689,0.0007948182469902936,0.0016569029022776662,0.11999999999972033,7.6492097329854625,-0.0019847028484853485,0.010553901614027934,0.11333933575783675,7.656349113826293,-0.004340081029992767,0.004226372814857427,0.11333933575783675,0.12,0.0,0.0006423473539228634,0.12
85.656577655,7.646147944646649,0.0008016992523678535,0.0017096804847346876,0.11999999999972033,7.661597627679966,-0.02137776353987631,0.012831123143597809,0.12943311936902993,7.6628273801094755,-0.007915699786690301,0.006071784314307801,0.12943311936902993,0.12,0.0,0.000899410277023582,0.12
85.70756465,7.6502279386349725,0.0008087031714906397,0.0017243274234593723,0.11999999999976474,7.6645743204863885,-0.002581172432192385,0.01789854999590122,0.10716216947529181,7.668052860300123,-0.006731932495831372,0.009438528043262333,0.10716216947529181,0.12,0.0,-0.0034767111926482393,0.12
85.756507639,7.658387926733035,0.0008226386060116771,0.0016407887225730609,0.11999999999949829,7.637882684318833,-0.022687077507761076,4.434917516891514e-05,0.13940092832545845,7.666554414619917,-0.004416080748615969,0.00560409126437756,0.13940092832545845,0.12,0.0,-0.00561576023972689,0.12
85.806692905,7.662467921656939,0.0008290731063648989,0.0015271446304556031,0.11999999999972033,7.637882684318833,-0.022687077507761076,4.434917516891514e-05,0.13940092832545845,7.666554414619917,-0.004416080748615969,0.00560409126437756,0.13940092832545845,0.12,0.0,-0.003772173794603611,0.12
85.858706257,7.6665479171364455,0.0008351459024491458,0.001447440231519632,0.11999999999972033,7.651453879959919,0.005861484336387562,0.00714724481257427,0.12799500717147866,7.669085091303712,-0.002198903780219084,0.00572234118067256,0.12799500717147866,0.12,0.0,-0.004825214187403234,0.12
85.906760961,7.670627913155959,0.0008408435426408385,0.0013316066862906076,0.11999999999918742,7.661715970446202,0.019662787707561843,0.00336895198916946,0.0972013348337088,7.671251075529528,0.002456300892076932,0.005589453779223649,0.0972013348337088,0.12,0.0,-0.010377420942529776,0.12
85.956280828,7.670627913155959,0.0008408435426408385,0.0013316066862906076,0.11999999999918742,7.641862051223023,-0.01764336813577506,0.0009113942475846754,0.1390805948131134,7.670673009293291,-0.0017854668290631145,0.00375018536737731,0.1390805948131134,0.12,0.0,-0.005633116550111873,0.12
86.006099533,7.6747079100039,0.0008459107839599802,0.0011613627296117755,0.11999999999972033,7.680487341480171,0.035132784394754216,0.012123676240801856,0.10344955966184596,7.677317927653091,0.006081862473754493,0.006365107098519168,0.10344955966184596,0.12,0.0,-0.014939186623782076,0.12
86.055721124,7.682867905945296,0.0008539861319273359,0.0007456686324557102,0.11999999999967592,7.672188113032266,0.006109410967659115,-0.004322434151636376,0.13284473227925395,7.684214202404326,0.005543964642186724,0.0017532550735029756,0.13284473227925395,0.12,0.0,-0.014552942852759895,0.12
86.106396598,7.6869479051743745,0.0008564738056622292,0.00047441272634395277,0.11999999999972033,7.680923018080017,0.010917895596607677,-0.012483706713196114,0.14045651399489423,7.688682184719379,0.006666474630192871,-0.0023374842446192987,0.14045651399489423,0.12,0.0,-0.009361310682935987,0.12
86.155994118,7.6910279048993235,0.0008579526816008099,0.00026869009615108886,0.11999999999972033,7.697727659027518,-0.016797924410345347,0.01717521178450387,0.11005940761803072,7.694330004524271,0.0017140366898901254,0.002530577926568328,0.11005940761803072,0.12,0.0,-0.0070653636558831254,0.12
86.206101131,7.695107904820101,0.0008587388343793432,0.00012331278941528806,0.11999999999972033,7.697591479902644,-0.003546457780815682,-0.00033597472229943864,0.10909831836510198,7.698013110368855,0.0006009545162762137,0.0016778342134815523,0.10909831836510198,0.12,0.0,-0.004609509314000615,0.12
86.257534914,7.699187904810126,0.0008589879192380575,6.108459888598311e-06,0.11999999999972033,7.692799944357733,0.006244795048920085,0.004182398519129244,0.10921760175729024,7.700359880783589,0.0018069781511124662,0.002936043567402315,0.10921760175729024,0.12,0.0,-0.005812432940032607,0.12
86.309019214,7.70326790480501,0.0008588191747160156,-9.488076386018993e-05,0.11999999999976474,7.696642426304239,0.034928142483652086,-0.004214718440950157,0.11870967594879848,7.700359880783589,0.0018069781511124662,0.002936043567402315,0.10921760175729024,0.12,0.0,-0.006837925331224879,0.12
86.356033258,7.707347904750186,0.000858168518824561,-0.00023024885986038836,0.11999999999972033,7.7109713501101815,-0.00035452771824983937,0.0017528751931153435,0.12103475383524293,7.712626810021186,0.006897435754497051,0.0018523783298301688,0.12103475383524293,0.12,0.0,-0.012658045832856488,0.12
86.408612335,7.71142790451407,0.0008568044973192044,-0.00044759669158124304,0.11999999999923183,7.726559048524151,0.0202590780204757,-0.015692857620837837,0.13554800497117572,7.720989747412073,0.009702863303622411,-0.0015691761268366734,0.13554800497117572,0.12,0.0,-0.012643883616101633,0.12
86.4567891,7.715507903856921,0.0008545046517154963,-0.0006760356758723747,0.11999999999972033,7.730946046294393,0.0003516394493857705,0.013961084431487754,0.13002604583297467,7.727140991292357,0.007744712589331728,0.0015076337329997921,0.13002604583297467,0.12,0.0,-0.012117836026869083,0.12
86.505750016,7.719587902598108,0.0008513094996336098,-0.0008910682701499213,0.11999999999945388,7.715695457601317,-0.012613505691498023,0.0039226801283641565,0.11546789459399805,7.72844618078822,0.003434699450718142,0.001989508329803589,0.11546789459399805,0.12,0.0,-0.010525432730863432,0.12
86.557002482,7.723667900529867,0.0008472102795991552,-0.0011203617699564055,0.11999999999972033,7.70679840639304,0.009640974507694923,0.0007034404499165628,0.11401405953345764,7.727336226105057,0.004757638725859836,0.001161892362981761,0.11401405953345764,0.12,0.0,-0.00918745204383978,0.12
86.606857186,7.731827893501957,0.0008365335842184528,-0.0014687081415595603,0.11999999999976474,7.70865459877939,-0.023008459350551645,-0.011098463445154872,0.10507450941056079,7.730933072570958,-0.003106001334073796,-0.004522813569371028,0.10507450941056079,0.12,0.0,-0.005119079291864741,0.12
86.656918718,7.735907888976522,0.0008304569072357233,-0.0014768823888714423,0.11999999999972033,7.725381566489305,0.01579411046508412,0.005148146554876961,0.1205597790444249,7.73413951547225,0.0009001132896088561,-0.0015473091023141766,0.1205597790444249,0.12,0.0,0.004187836924488016,0.12
86.707026692,7.739987884870848,0.0008246702655746323,-0.0013700143039373554,0.11999999999972033,7.734760030345041,-0.014766390315416418,-0.0006418994916983418,0.11394940467623742,7.738557200446682,-0.0024276173873757504,-0.002147602637212065,0.11394940467623742,0.12,0.0,0.004663140875752546,0.12
86.755735987,7.744067881215474,0.0008192093888609234,-0.0012998810382168335,0.11999999999972033,7.744258396013503,0.0015520570139064389,-0.012645363184486978,0.11946491940561929,7.743519505083009,-0.001610916818661119,-0.0037977846667509242,0.11946491940561929,0.12,0.0,0.006866152866984346,0.12
86.805731723,7.748147878032342,0.0008141145266036611,-0.0011903875721934066,0.11999999999972033,7.761671217324485,-0.01537553603581128,0.01641560514933245,0.09962503867094916,7.751110954335865,-0.004509205694251429,-0.0004947643209833917,0.09962503867094916,0.12,0.0,0.007450721971527999,0.12
86.855603863,7.752227875455807,0.0008095321615260884,-0.001053774815922706,0.11999999999963151,7.719765010944155,0.030157363660606097,-0.006735345921810663,0.11995320861814612,7.748407486627223,0.002833700787061133,-0.0014332602338869877,0.11995320861814612,0.12,0.0,0.0010791047782830925,0.12
86.905689479,7.756307873417616,0.0008054553165794858,-0.0009626831084085296,0.11999999999972033,7.739163992173194,0.02448362128630416,0.005315972103496093,0.10379778084367683,7.750597972089423,0.0074334668435168,0.0002082079466318176,0.10379778084367683,0.12,0.0,-0.005072313035740589,0.12
86.95568705,7.764467869581084,0.0007975447347821536,-0.0010246778625310736,0.11999999999972033,7.7598636492303505,-0.009321612509727274,-0.015006456943581423,0.12679332694759549,7.760210839373294,0.00018396827602284354,-0.004426478506534576,0.12679332694759549,0.12,0.0,-0.0030841902456517174,0.12
87.00667132,7.768547867310873,0.0007932411275154515,-0.0010686941583817433,0.11999999999976474,7.780971158332883,-0.021053756933642403,0.014894873327426209,0.1283580573649183,7.769492013181407,-0.0043075533525452105,-0.0006262225985981677,0.1283580573649183,0.12,0.0,0.0038888586023287943,0.12
87.057769129,7.768547867310873,0.0007932411275154515,-0.0010686941583817433,0.11999999999976474,7.780971158332883,-0.021053756933642403,0.014894873327426209,0.1283580573649183,7.769492013181407,-0.0043075533525452105,-0.0006262225985981677,0.1283580573649183,0.12,0.0,0.006031123531429343,0.12
87.105786451,7.77262786507698,0.000788972321935992,-0.0010067161582409754,0.11999999999918742,7.752480899189652,-0.0012398062934544708,0.00034970683800964906,0.12495112292080475,7.772271239644474,-0.003655318040625726,-0.0014842947730959281,0.12495112292080475,0.12,0.0,0.0070284065684174885,0.12
87.15608587,7.776707863231313,0.0007850939405651194,-0.000890780666149406,0.11999999999972033,7.733234160452057,-0.003187199262903435,-0.000274075897751245,0.11217308354559805,7.768002061823632,-0.0035613466092052817,-0.0004994578750803232,0.11217308354559805,0.12,0.0,0.0062183679845387255,0.12
87.207078606,7.780787861833288,0.0007817197460902329,-0.0007645344602214875,0.11999999999918742,7.791545638170711,0.01961608050991627,-3.738055620396325e-05,0.137987793163734,7.779015856469984,0.0013557281998587065,-0.0004621863097859566,0.137987793163734,0.12,0.0,0.0011102725930565481,0.12
87.256018298,7.784867860797902,0.0007788151969893866,-0.0006742202567375505,0.11999999999918742,7.782199900678256,-0.016948330203078645,0.015485396939381993,0.12669692841729036,7.784379944706668,-0.0024971647520180187,0.0033659191291464485,0.12669692841729036,0.12,0.0,-0.001004313075331659,0.12
87.30568979,7.793027858975505,0.0007733618778804367,-0.0006872670469808838,0.11999999999972033,7.770776174843791,-0.0070893608893634035,-0.0034733891186236746,0.1249085796037566,7.790662294611176,-0.002045499236722522,0.002803522984965931,0.1249085796037566,0.12,0.0,-0.0026270486131574297,0.12
87.357909341,7.797107857926165,0.0007704364338801802,-0.0007430401929800515,0.11999999999972033,7.798277766021588,-0.035220810495659054,0.0020139205586500834,0.11509436143326875,7.795994009609099,-0.00907527097237838,0.002003675491527086,0.11509436143326875,0.12,0.0,0.0031381395413525156,0.12
87.405799595,7.801187856779465,0.0007673777022866162,-0.0007315194839671846,0.11999999999918742,7.7949684348219455,-0.006696472342300521,0.0006705883159893069,0.11214256398058779,7.799822815355467,-0.008566277949077047,0.002374609448863741,0.11214256398058779,0.12,0.0,0.007111399465937566,0.12
87.456634859,7.805267855827444,0.0007645936076456684,-0.000623603734059964,0.11999999999949829,7.792657479248543,0.005370559491697094,-0.0030120860804116615,0.14015626137233722,7.803110532397708,-0.005608578684664798,0.0016052874073541289,0.14015626137233722,0.12,0.0,0.006493355289064877,0.12
87.506488517,7.809347855198319,0.0007623339064545575,-0.0004862022160396278,0.11999999999972033,7.794169257516936,-0.010379572752055713,-0.004519316877771194,0.13201464257534,7.805753809119957,-0.00662645710866922,0.0005931130082338979,0.13201464257534,0.12,0.0,0.007242927031652286,0.12
87.557792561,7.8134278548289515,0.000760604475981024,-0.00035684433106973894,0.11999999999972033,7.774394498395747,0.026514755240879206,-0.003047138439672493,0.1259435118820379,7.8043488829559395,0.00040390687185889226,-0.0008096595959473123,0.1259435118820379,0.12,0.0,0.007881936942208052,0.12
87.608672589,7.817507854659591,0.0007594413410393896,-0.00021402959068049792,0.11999999999972033,7.847959479018723,-0.013106264776186666,0.0004161052496326032,0.11299767808661956,7.81776695321553,-0.002464350693922975,-0.0004514630948306722,0.11299767808661956,0.12,0.0,0.004357627706321753,0.12
87.656609781,7.825667854581259,0.0007583780848584779,-5.2421535910223694e-05,0.11999999999972033,7.835849948687582,0.0022342419237846474,-0.0037094675090070016,0.12983995303716014,7.825733581188182,-0.0014765153283561895,-0.0006817348565671264,0.12983995303716014,0.12,0.0,0.0034998981779992486,0.12
87.705781199,7.825667854581259,0.0007583780848584779,-5.2421535910223694e-05,0.11999999999972033,7.828718544331047,0.0035252270719811287,0.0012696653623949917,0.13460961534992327,7.8308808132471155,-0.00041213245391906353,-0.0011596572790029843,0.13460961534992327,0.12,0.0,0.0027462701441786103,0.12
87.755651227,7.833827854575221,0.0007584809804018308,7.774237788788795e-05,0.11999999999918742,7.855693931009967,0.022838423360238353,-0.0065221831937701865,0.10723083927797762,7.843345451863537,0.001389208828613128,-0.0008143154330397256,0.10723083927797762,0.12,0.0,0.005211454270113611,0.12
87.806634892,7.833827854575221,0.0007584809804018308,7.774237788788795e-05,0.11999999999918742,7.855693931009967,0.022838423360238353,-0.0065221831937701865,0.10723083927797762,7.843345451863537,0.001389208828613128,-0.0008143154330397256,0.10723083927797762,0.12,0.0,0.0010941163935842594,0.12
87.85557007,7.837907854544064,0.0007589745210824921,0.0001577093302540633,0.11999999999963151,7.834412706299066,-0.0043511533115576494,0.021774583413385732,0.11886496235442708,7.847320631167799,0.00021076323292685607,0.0047630177161909724,0.11886496235442708,0.12,0.0,-0.005191295344129992,0.12
87.905849608,7.841987854494181,0.0007596114592540533,0.00013597450309088682,0.11999999999972033,7.821631716084534,-0.015189959419723757,0.0040005516448461086,0.10900051785480293,7.8460258213860605,-0.003038905337427112,0.0044770085760607,0.10900051785480293,0.12,0.0,-0.0035332613347029904,0.12
87.956716194,7.850147854473328,0.0007600475815145711,-4.5433799397132186e-05,0.11999999999972033,7.845512040898321,0.0332014288379194,0.002935870325633928,0.1141227778521135,7.850660170637535,0.004669110980513446,0.004506585223895773,0.1141227778521135,0.12,0.0,-0.010716527364421032,0.12
88.00581757,7.8542278544315325,0.0007595068205032304,-0.00022718224606850212,0.11999999999932065,7.8506231585726995,0.016668218108164597,0.010361651835135197,0.11814097997506343,7.858791486566087,0.007649927888540218,0.0034405712900099426,0.11814097997506343,0.12,0.0,-0.009738566185239725,0.12
88.055955721,7.858307854217978,0.000758204347278327,-0.00040987640778238153,0.11999999999972033,7.831796109243195,0.011397523189158399,-0.005629551411165185,0.1289313820273669,7.856887391039732,0.008441363070810722,0.001707956559453518,0.1289313820273669,0.12,0.0,-0.013452946531048355,0.12
88.105675355,7.862387853640464,0.0007560522647710355,-0.0006501929815690336,0.11999999999972033,7.844165096011914,0.004487580192468879,-0.01261954307388574,0.14991505551082038,7.860189420236313,0.007584814384533801,-0.002392812220948261,0.14991505551082038,0.12,0.0,-0.010461315088749956,0.12
88.155603682,7.866467852413239,0.0007528995720453867,-0.0008796218624886,0.11999999999972033,7.862908266712027,-0.0035316163715716936,0.01667069221031871,0.12555470326089707,7.865125723099063,0.005254759267280379,0.001529078204920914,0.12555470326089707,0.12,0.0,-0.009107895321384438,0.12
88.205921157,7.870547850516319,0.0007489698421203397,-0.0010443216979125931,0.11999999999949829,7.868081271822694,0.02269072708181819,0.0004937763448995175,0.1145785573059532,7.869485501246892,0.00895951916321763,0.0009503516952747304,0.1145785573059532,0.12,0.0,-0.011565270077641375,0.12
88.255571001,7.878707844291603,0.0007389360240715859,-0.0014618821342619937,0.11999999999972033,7.854771319297636,0.000562583225833226,-0.01372182292500367,0.12609063594165826,7.875122359875694,0.011552064909320977,-0.0033814915946758584,0.12609063594165826,0.12,0.0,-0.018340034855040592,0.12
88.305639522,7.882787838902784,0.0007323164136979238,-0.0017858727332644782,0.11999999999980915,7.88242633331531,0.022367659589804818,0.005168254498643038,0.12484182156485933,7.880737297535647,0.013849766224010601,-0.0021986006772336504,0.12484182156485933,0.12,0.0,-0.015268324559535928,0.12
88.356280481,7.886867831334828,0.0007244648682234811,-0.0020647132940679806,0.11999999999972033,7.871304939516646,0.0021375697232829203,0.013550282672954219,0.12489644486535578,7.882582864828615,0.011384712449433104,0.0003872046531099858,0.12489644486535578,0.12,0.0,-0.015925175799254038,0.12
88.407395924,7.890947821368604,0.0007154533917841187,-0.0023554297729310716,0.11999999999927624,7.91010159594971,-0.011353212109378357,0.0006611588123908505,0.1424638041233031,7.894806510239882,0.006564154545173467,-0.00021711969818050125,0.1424638041233031,0.12,0.0,-0.012723537975464072,0.12
88.456074626,7.895027808591114,0.0007052478139285497,-0.0026327262073387436,0.11999999999972033,7.897346344678018,-0.005160123602310936,-0.0074292056368929545,0.11664743594777498,7.898798548062202,0.004062629536989567,-0.0021605915479570087,0.11664743594777498,0.12,0.0,-0.006981956313986054,0.12
88.50808948,7.899107793267491,0.0006940681817521115,-0.002830284661529694,0.11999999999972033,7.904217867841214,-0.00860856512591779,-0.0032662530825325465,0.1375580635738846,7.904574313918325,0.0013630594889291114,-0.003038158076278379,0.1375580635738846,0.12,0.0,-0.0013236898361249606,0.12
88.556703953,7.903187776225716,0.0006822765047978347,-0.002940144059641617,0.11999999999972033,7.892763728224098,0.04128894562507845,-0.0006306418457844291,0.133072616570027,7.906359918639062,0.009827169654020296,-0.0023951238074834324,0.133072616570027,0.12,0.0,-0.005070651996752883,0.12
88.608530443,7.911347739342848,0.0006577462951958088,-0.003123707685108666,0.11999999999972033,7.895341641226324,0.008748550680045788,-0.001270951631311067,0.08417563194801968,7.907055100554753,0.009594513521196292,-0.002888068034734732,0.08417563194801968,0.12,0.0,-0.008308545378855805,0.12
88.656681492,7.9154277183995,0.0006446749520014789,-0.003287794810850636,0.11999999999976474,7.926161096807887,-0.007879994493735958,0.004357530784423797,0.12745707871908898,7.917686595071012,0.008573503246063275,-0.000800771599857919,0.12745707871908898,0.12,0.0,-0.011228729779358317,0.12
88.705657024,7.919507694861619,0.0006308184012637613,-0.003502542960001797,0.11999999999918742,7.944277672788664,-0.007256338486150082,-0.018481125302198784,0.12839459729147307,7.927511503463264,0.005181814060704573,-0.005334128842457313,0.12839459729147307,0.12,0.0,-0.005403749898108448,0.12
88.755617683,7.92358766849985,0.000616152983673566,-0.003660645275739667,0.11999999999918742,7.938956683558157,-0.022905242452482336,-0.004290533332645317,0.13888478130199897,7.936339186800364,-0.0008094080453030575,-0.005576655833131114,0.13888478130199897,0.12,0.0,0.003213840359294319,0.12
88.805766421,7.927667640860778,0.0006011352318540296,-0.0036728753562763764,0.11999999999972033,7.9363399178447125,-0.0019402389760290015,-0.01603925066059833,0.14288615127591753,7.940467315403256,-0.0010931558640876796,-0.007973620577425055,0.14288615127591753,0.12,0.0,0.009857458279115529,0.12
88.855980086,7.935827589309727,0.0005721384934105981,-0.0033884086104419703,0.11999999999972033,7.919067763469446,-0.005248325976647976,0.00965133429455332,0.08560344539912704,7.939351643609234,-0.00072817662023271,-0.0026388983080818866,0.08560344539912704,0.12,0.0,0.009458316133097139,0.12
88.905592569,7.939907567062865,0.0005586664873734529,-0.003223578140693364,0.11999999999972033,7.948273385773377,0.004158913661062317,4.6593767966649196e-05,0.10913639839006346,7.945460962628663,0.00030285017941529915,-0.00234846405508414,0.10913639839006346,0.12,0.0,0.00656477657169796,0.12
88.956779361,7.943987546721087,0.0005457836989794155,-0.003096464311901069,0.11999999999967592,7.947093156474386,0.0008957590221460605,-0.0013985277344062098,0.10068353181920155,7.948747265024658,0.00042185107036166934,-0.001444470816004083,0.10068353181920155,0.12,0.0,0.0035728331823525893,0.12
89.006481514,7.948067527709668,0.0005333288333400113,-0.00301598238117542,0.11999999999972033,7.955809631445276,0.026985875606786208,-0.0008295100271376882,0.12038016259893744,7.9547285018817036,0.006055180185257375,-0.0021219524917795336,0.12038016259893744,0.12,0.0,-0.000792763093521521,0.12
89.056842751,7.952147509384948,0.0005211006556071084,-0.0029961848918733927,0.11999999999918742,7.966798836896444,-0.0012641452889940827,-0.008141705140843346,0.11784287990572198,7.9621613126529525,0.004481230686777343,-0.003764725981815182,0.11784287990572198,0.12,0.0,-0.0016318056352891926,0.12
89.105700941,7.956227490796629,0.0005087849224492421,-0.0030387093407245034,0.11999999999972033,7.966500922129722,0.005689759953580562,-0.004445070960478052,0.12093830179427278,7.9661782034557325,0.004726293493348471,-0.004568283127841434,0.12093830179427278,0.12,0.0,-1.4538437429524327e-05,0.12
89.156241664,7.960307471822105,0.0004963417993652767,-0.0030564511500794918,0.11999999999972033,7.975593825542074,0.01320072004845612,0.010278232039009448,0.12958034419745773,7.972452522207891,0.006531846983238257,-0.001727632693066194,0.12958034419745773,0.12,0.0,-0.004364826782929713,0.12
89.206298781,7.9684674329528375,0.0004711567644049017,-0.0031452565212116133,0.11999999999932065,7.946672548657597,-0.010587404708488658,0.000808343249225759,0.12026859717324714,7.972814839625882,-0.0025662906823988286,-0.0017140248741166627,0.12026859717324714,0.12,0.0,0.002382085286002614,0.12
89.255763309,7.972547412735051,0.0004583124532388123,-0.0031364291414472598,0.11999999999972033,7.972871037780978,-0.0212849564899274,-0.0074680180655528365,0.1338420361319443,7.978143356195912,-0.006558424033025435,-0.0031946345694697136,0.1338420361319443,0.12,0.0,0.005144501941153954,0.12
89.307080681,7.976627393196677,0.00044568622199350316,-0.00304850659375461,0.11999999999972033,7.964932765663848,-0.03135131181120151,-0.007242075727717236,0.12551895774576996,7.979765685337005,-0.01184262216538556,-0.003759825270884786,0.12551895774576996,0.12,0.0,0.01515963473172922,0.12
89.357926105,7.980707375270772,0.00043359386481008907,-0.002853380154193921,0.11999999999972033,7.9804248412845045,-0.0007320916714897081,-0.013790097047931375,0.11154799817982525,7.9835576763448,-0.009516715803756019,-0.005972860233434605,0.11154799817982525,0.12,0.0,0.020549725701684188,0.12
89.405713423,7.984787360442202,0.00042260099419819114,-0.0025186431187531303,0.11999999999976474,7.995650128832481,-0.004980688645301841,0.01800180937510768,0.11815741671868946,7.990161136485459,-0.008534488668291361,-0.0010521707557378688,0.11815741671868946,0.12,0.0,0.01810188909737742,0.12
89.455730916,7.988867349388613,0.00041311470790105523,-0.002140062760326683,0.11999999999963151,7.982065099625303,0.0013059617633515016,-0.00538250034762533,0.09522797884918761,7.992422623528369,-0.006459153482379359,-0.0015452134749441655,0.09522797884918761,0.12,0.0,0.014243803060585841,0.12
89.506060279,7.992947341357851,0.00040502758482627586,-0.0018323621922676865,0.11999999999976474,8.005346711829901,0.004124043041375787,-0.008914551526719963,0.14120074025078994,7.99937973565482,-0.004232349048978461,-0.003469754070433587,0.14120074025078994,0.12,0.0,0.01217562044771025,0.12
89.556350166,8.001107330996849,0.0003920677630377043,-0.0014005375463617652,0.11999999999967592,7.993173740825819,-0.02037392828281644,0.0012830931327842583,0.10685820322698306,8.004879499306297,0.00329406373199685,-0.0020935562211997485,0.10986764436365638,0.12,0.0,0.00273648300220842,0.12
89.606202243,8.005187327219247,0.00038651623333574883,-0.001330259642737658,0.11999999999945388,8.017314962709188,-0.0036270267168512994,0.012141674734433413,0.131386014726106,8.013001229927639,-0.0021175504676287497,0.002570636467295215,0.131386014726106,0.12,0.0,0.004490199491126142,0.12
89.656285793,8.00926732381185,0.0003812440913379522,-0.0012513989467932169,0.11999999999972033,7.982180789720713,-0.024581737352871332,0.00046650635607286916,0.14028394381121548,8.01082914997709,-0.006878095749787283,0.0024024619667074674,0.14028394381121548,0.12,0.0,0.003526367118797209,0.12
89.706470468,8.013347320735193,0.00037623394236149566,-0.0011985365045319874,0.11999999999972033,8.007457293511617,0.010589872491958646,-0.003962929019391948,0.0965973835352523,8.013662981188762,-0.0031740933183151587,0.0011256390706203437,0.0965973835352523,0.12,0.0,0.004404393204738798,0.12
89.758021037,8.017427317990505,0.00037150225263850995,-0.0011241291756732747,0.11999999999918742,7.967948271395543,-0.01345909144420253,0.0034086897104117363,0.08624513283533747,8.007414104691096,-0.005349587186462457,0.001919844057702777,0.08624513283533747,0.12,0.0,0.003316400791902865,0.12
89.806477859,8.021507315556736,0.00036704655242994217,-0.0010567614600354128,0.11999999999972033,8.02645858801075,0.007754854052141982,0.001703438953591401,0.1201302110908206,8.016697180806302,-0.002559779464128894,0.0021855746027553582,0.1201302110908206,0.12,0.0,0.00247765150395649,0.12
89.855600754,8.025587313442132,0.0003628935633929193,-0.0009859359972113914,0.11999999999972033,8.026193304695918,0.011187268114997035,0.009206849104172677,0.12847086310500982,8.022987467537611,0.0003790451834636906,0.004154190490842851,0.12847086310500982,0.12,0.0,-0.002453926784967991,0.12
89.906749275,8.029667311489273,0.0003589017112354466,-0.0009887583787707738,0.11999999999972033,8.03986724858055,0.02866182411687261,-0.0031094751438560993,0.1538938820697667,8.032509202794147,0.0063894465893893524,0.0028586567511635773,0.1538938820697667,0.12,0.0,-0.004576568201800564,0.12
89.955789526,8.033747309303667,0.0003546810542484244,-0.001109072863808374,0.11999999999963151,8.04098020265251,-0.02668706592263257,-0.021123709447976008,0.10491628280062677,8.03933950753216,-0.0006663021621108522,-0.002934705789675726,0.10491628280062677,0.12,0.0,-0.0032178719727429337,0.12
90.006136499,8.037827306424893,0.0003498365890336417,-0.001232117845621516,0.11999999999972033,8.032845504099026,0.007660876827367756,0.00336410532060903,0.09646041656128643,8.041606832918546,0.0011047665702106461,-0.0024803120404951204,0.09646041656128643,0.12,0.0,0.0014845023161186863,0.12
90.055802996,8.041907303354114,0.0003448309172098863,-0.001214358205907118,0.11999999999972033,8.047766142230493,-0.01680841570969649,-0.006603029632319459,0.14491321792310133,8.047635468032786,-0.0027144969932135234,-0.004226196280047407,0.14491321792310133,0.12,0.0,0.005716452121928323,0.12
90.105685571,8.04598730043536,0.00033995092664524507,-0.0011655634185544425,0.11999999999972033,8.060952041717282,-0.00925228943248917,0.0028944082894235943,0.11515341024456895,8.055001384374306,-0.00410712705964689,-0.002596959367328204,0.11515341024456895,0.12,0.0,0.008792241276485774,0.12
90.155919629,8.050067297980263,0.0003354784799908757,-0.001018667034527632,0.11999999999972033,8.056827014247316,-0.02600198045498195,0.012387547648323635,0.11811484987620544,8.059518586753102,-0.008735727341838043,0.0007733738180054905,0.11811484987620544,0.12,0.0,0.01010545471622411,0.12
90.207895492,8.054147296195264,0.0003316675094720811,-0.0008443993672859921,0.11999999999927624,8.03585762575313,-0.013794502222526647,0.004965399422322169,0.12655657664697256,8.059582160999796,-0.00979508356989943,0.0010182179807393462,0.12655657664697256,0.12,0.0,0.01117759953906083,0.12
90.258721798,8.062307294429539,0.00032638425048491556,-0.0004429050105607558,0.11999999999972033,8.085715373853644,-0.013963143152408054,0.004880579618400249,0.13814711081800343,8.060621451041847,-0.010844795563623291,0.0032383428133469522,0.08184641720761078,0.12,0.0,0.011144313296769882,0.12
90.307259537,8.06638729418699,0.00032499851477820293,-0.000238623546812045,0.11999999999963151,8.054762849188421,0.013490313814166667,0.006045945014075276,0.12463352557608894,8.070909649332677,-0.006167750330375432,0.0038318056990668693,0.12463352557608894,0.12,0.0,0.009377554735012186,0.12
90.362673493,8.070467294136153,0.00032438694510654535,-7.1824362592765e-05,0.11999999999972033,8.074964797733475,0.021138800454131933,-0.005729945740869326,0.13510320021200797,8.07667832619406,-0.00037379806583983516,0.0023633135610531407,0.13510320021200797,0.12,0.0,0.001972872155297461,0.12
90.406671469,8.074547294133902,0.00032428465546766006,-1.6583924765300405e-06,0.11999999999972033,8.061837169782041,0.020519158723330374,-0.0017392104011033575,0.12585973192380936,8.078736860928661,0.004066522126364761,0.0004921785077499826,0.12585973192380936,0.12,0.0,-0.003109121289011428,0.12
90.45697072,8.078627294133469,0.00032424045567640427,-3.258752456291373e-05,0.11999999999972033,8.086666805006635,-0.0019185848870536396,-0.009126563941439377,0.11533071766283651,8.083935190405782,0.002779413103347171,-0.0012109997319567757,0.11533071766283651,0.12,0.0,-0.003431593021440529,0.12
90.508360103,8.082707294121777,0.00032394662073396367,-0.00010915939833208779,0.11999999999963151,8.08867992629611,0.019238484106472945,0.004742237203235993,0.1107025425435883,8.088917615387825,0.006278281664061956,2.9304518947668003e-05,0.1107025425435883,0.12,0.0,-0.005583923214166465,0.12
90.556354907,8.086787294082512,0.0003233845515626621,-0.0001709153984100783,0.11999999999945388,8.100066375303275,0.016815985372796122,-0.011231859421993543,0.1443540997817756,8.096758637111389,0.008491065006264217,-0.002121958465404718,0.1443540997817756,0.12,0.0,-0.007532721808871793,0.12
90.606706024,8.090867293972634,0.0003224492971455292,-0.0002940071313672398,0.11999999999972033,8.090593728302126,-0.0005242262011308763,-0.0028930181220543734,0.1285803193181604,8.099188491483444,0.0065693608021321825,-0.0026385243496409327,0.1285803193181604,0.12,0.0,-0.006330686514531621,0.12
90.656027235,8.099027293227238,0.00031900688570419124,-0.0005337756970184031,0.11999999999972033,8.105955812674296,-0.01834135950021739,-0.002181967047609355,0.11081466784678354,8.107637751669515,0.0008378246574899332,-0.0022833768478276967,0.11081466784678354,0.12,0.0,-0.002007896100884271,0.12
90.709719516,8.103107292550344,0.0003166580416536164,-0.0006009109063097228,0.11999999999972033,8.125414709403856,-0.019192342010727677,-0.021816871351149483,0.10554908513578376,8.114291251417136,-0.0034497792702976367,-0.005868983391380881,0.10554908513578376,0.12,0.0,0.006462160916934631,0.12
90.757109837,8.107187291827993,0.00031423099823978015,-0.000555927362741384,0.11999999999972033,8.107542547699525,-0.013170162154896792,0.01101082674603692,0.09720380026001967,8.1170065973154,-0.005509157018823719,-0.0023503159627140642,0.09720380026001967,0.12,0.0,0.01082499599663261,0.12
90.805630886,8.111267291382358,0.00031233720756821174,-0.00036677624897813767,0.11999999999963151,8.097730489778469,-0.011570174604826018,-0.0070730202589706645,0.16386429794539512,8.11967794784959,-0.006818656263693086,-0.0043705943162246335,0.16386429794539512,0.12,0.0,0.013344190090060538,0.12
90.857747523,8.115347291237013,0.0003112804703479643,-0.00014191499190487308,0.11999999999972033,8.127422273923626,-0.018172905841509678,-0.0018210947029756693,0.09828312879591762,8.125122223121023,-0.009239256859450238,-0.004044093912372656,0.09828312879591762,0.12,0.0,0.01694448178421191,0.12
90.905635143,8.11942729122362,0.0003112519577279797,0.00013962614592633336,0.11999999999972033,8.133378919430054,-0.012245749070889064,0.006604315741005407,0.12268834618467701,8.130694409335463,-0.009873914391308245,-0.0013681777252859074,0.12268834618467701,0.12,0.0,0.017255089336839825,0.12
90.95805297,8.123507291018786,0.0003124841508063401,0.0004695694952330949,0.11999999999972033,8.107840500160329,-0.011676170068052884,0.005539981702145259,0.1447903121655967,8.130072500959333,-0.010247836613031034,-0.0005275310065954648,0.1447903121655967,0.12,0.0,0.015421744669550555,0.12
91.009930862,8.127587290202909,0.00031503886659620415,0.0007769882577991382,0.11999999999972033,8.111657837193949,-0.007253224135291962,0.0043174068123778735,0.12351643758065069,8.130840556497272,-0.009607438047035415,0.0013178905435347146,0.12351643758065069,0.12,0.0,0.012541262017958531,0.12
91.056237162,8.131667288467433,0.00031878754364436245,0.0010538893427396382,0.11999999999972033,8.135386072297473,0.007004335642159469,-0.011155927164469157,0.14211472345911658,8.13764606872432,-0.00610168660696149,-0.0012730751665607466,0.14211472345911658,0.12,0.0,0.010964490973605592,0.12
91.105993327,8.135747285669208,0.0003235585204197631,0.001279828123880942,0.11999999999972033,8.157273256813689,-0.002714328951516113,0.0023246100780972175,0.14186551106652767,8.146667938660533,-0.005381921613186284,-0.0002523988611006268,0.14186551106652767,0.12,0.0,0.008672323604728062,0.12
91.15590453,8.143907276808788,0.0003355529116872337,0.001662439841733377,0.11999999999972033,8.138277007218843,0.01743691986113931,-0.008794808342517285,0.11045907353439059,8.149718781856915,-0.0074997200333446435,-0.0041170556444628005,0.12907266370999446,0.12,0.0,0.014444555914423916,0.12
91.206930359,8.147987270279508,0.0003428457049846455,0.0019166506058979683,0.1199999999995427,8.138277007218843,0.01743691986113931,-0.008794808342517285,0.11045907353439059,8.150427297297508,-0.002230913117735771,-0.004725957741644334,0.11045907353439059,0.12,0.0,0.011864764246286196,0.12
91.255666797,8.152067261902541,0.000351110042325423,0.0021144832725561455,0.11999999999972033,8.147749433285282,0.01778865068313869,-0.008794720649632534,0.11602076955100135,8.154843310517892,0.0019804428082274314,-0.003603881219869876,0.11602076955100135,0.12,0.0,0.007860818722404354,0.12
91.305781528,8.156147252245592,0.0003599860898885193,0.002218927583352318,0.11999999999945388,8.175914643925738,0.009466366163797644,-0.0014587326538829707,0.11092102527122166,8.15510777170654,0.0034979356746863565,-0.0008506427996764138,0.11900319753641303,0.12,0.0,0.001511644698827029,0.12
91.355826198,8.160227242127972,0.00036907231126181333,0.002224567908401846,0.11999999999972033,8.174152140493911,-0.002151733570506795,0.00600471636205788,0.1029484751173125,8.168699689523793,0.0033027361895666824,6.676462373165419e-05,0.1029484751173125,0.12,0.0,-0.0035956055949000975,0.12
91.406604424,8.164307232243011,0.00037805323414625956,0.00217069487168419,0.11999999999963151,8.153937065647638,-0.011292106283661636,0.0020207975277795882,0.11148759747804181,8.170440962266824,0.00021012232229531422,0.00022721240313188762,0.11148759747804181,0.12,0.0,-0.004495063365210199,0.12
91.456287218,8.168387222973864,0.0003867496286733659,0.00209081315445098,0.11999999999972033,8.169235905324273,0.01170237174163446,-0.007505474350299242,0.1224971350306873,8.174251558698648,0.0026331771633054724,-0.00037960848362101685,0.1224971350306873,0.12,0.0,-0.0029063088943360343,0.12
91.506028175,8.172467214323435,0.0003951510042764422,0.002032328434045255,0.11999999999972033,8.185317735693038,0.024408238801344337,0.002273795376643504,0.11920876033213898,8.180114617883886,0.007255921209977114,0.0007964733129730571,0.11920876033213898,0.12,0.0,-0.0068018813199511655,0.12
91.555820508,8.176547206121123,0.00040333186761931937,0.0019775744802414622,0.11999999999972033,8.183028125993753,-0.009690799217525881,-0.008236892963246012,0.12909524279713322,8.18608313303993,0.003647851471681045,-0.0018304659218640897,0.12909524279713322,0.12,0.0,-0.005846633063847932,0.12
91.608933328,8.18062719869885,0.0004111124965259896,0.0018438209112789288,0.11999999999918742,8.173427015957703,-0.004071084716976599,0.005944565889861865,0.08774964562525028,8.186973985697808,0.002016169634231758,0.0003575239470739195,0.08774964562525028,0.12,0.0,-0.003898129148556608,0.12
91.655595247,8.184707192111167,0.00041844362114733605,0.001757503951882409,0.11999999999936506,8.175936046075089,0.00040452172691168603,0.002726691289611499,0.12130354217193802,8.18941176281879,0.0016799835972349125,0.0010439130333369949,0.12130354217193802,0.12,0.0,-0.0038733538849887615,0.12
91.705608774,8.18878718606105,0.0004254694274394952,0.0016868021285531638,0.11999999999972033,8.184561673048222,0.0020242317509361575,-0.011360668094005658,0.11437804450212977,8.19220896893188,0.0017331258704047297,-0.0011035232958972942,0.11437804450212977,0.12,0.0,-0.0016536938944463357,0.12
91.757725032,8.192867180478205,0.00043221858139073514,0.0016282476999430137,0.11999999999972033,8.17904827424615,-2.8620890240251993e-05,-0.010886561807441669,0.14925293906442594,8.195074943925036,0.0013308538151086654,-0.0025168222878791894,0.14925293906442594,0.12,0.0,0.0010692955501262662,0.12
91.805622541,8.196947175136753,0.000438820535971908,0.0016163143051875636,0.11999999999918742,8.184128623510793,0.0038937915091207488,0.009832808915805253,0.10504398854600219,8.19694157081162,0.001888120863587636,0.00038622165337822437,0.10504398854600219,0.12,0.0,-0.0020057332507225564,0.12
91.856789924,8.201027169772363,0.00044543666692847963,0.0016171135669805442,0.11999999999972033,8.17954784027943,0.019920376877198866,-0.008580053111339052,0.08840624808337293,8.196807411446663,0.005698815762284697,-0.0011290584414478024,0.08840624808337293,0.12,0.0,-0.004430666426858584,0.12
91.90561416,8.205107164577864,0.0004519469490191016,0.00156674255488101,0.11999999999972033,8.190477511665458,-0.0015372528881743325,0.0007029333518580697,0.1151245668411264,8.200427464283598,0.004164164437307422,-0.001922131295902546,0.1151245668411264,0.12,0.0,-0.0042575933402706,0.12
91.956424069,8.209187159844259,0.00045816098841569726,0.0014747190982348775,0.11999999999972033,8.183207920548455,0.018089021591303885,0.0028169098062897214,0.1164640893534325,8.20054158052988,0.007122905556716852,-0.0018527024458695222,0.1164640893534325,0.12,0.0,-0.005534336162351151,0.12
92.006566519,8.21326715566048,0.00046400291112364195,0.0013820598247518828,0.11999999999963151,8.224718196908086,-0.026905462971613874,-0.004214840489183559,0.12777179255951748,8.210733390764407,-0.00011256524558458329,-0.0023397354135008433,0.12777179255951748,0.12,0.0,0.0008333031212545608,0.12
92.058079046,8.221427148497082,0.0004748139829028888,0.0013422908698207643,0.11999999999972033,8.241639897137043,-0.0056930600270475775,-0.004289592939319539,0.10312398419365915,8.22137817451148,-0.0013088119149644696,-0.003293584552517898,0.10312398419365915,0.12,0.0,0.0036815350487822175,0.12
92.106164141,8.225507144586496,0.0004804618542402596,0.001431929088774514,0.11999999999972033,8.230716350886333,0.017103686845476064,-0.00011840026997801656,0.10368778140449696,8.22972121623403,0.0022876219982081026,-0.0007270620180066704,0.10368778140449696,0.12,0.0,0.00517016044649516,0.12
92.156749241,8.229587140116445,0.00048650029297338693,0.0015279787792018033,0.11999999999972033,8.21204809490821,0.04851727866973866,0.0012673940859566466,0.10554945351384827,8.229206090632843,0.012098711285162909,-0.0004274550002569321,0.10554945351384827,0.12,0.0,-0.0064976560342687225,0.12
92.207441821,8.233667135295267,0.0004927723834432128,0.0015125739966584998,0.11999999999918742,8.202550367432663,0.021313036161498804,-0.007716242647088461,0.12840644147612257,8.227630060749537,0.014040670307586746,-0.002192132751980864,0.12840644147612257,0.12,0.0,-0.013267335821652015,0.12
92.255854007,8.237747131128033,0.0004985990737776471,0.0013197990026346464,0.11999999999972033,8.241717587455211,-0.007106978980826596,-0.0017358519326417998,0.14974801380854574,8.236216302668401,0.00954039294792764,-0.0016503975978960739,0.14974801380854574,0.12,0.0,-0.012489125890576193,0.12
92.306176668,8.241827128214888,0.000503464974859732,0.0010622583510974547,0.11999999999980915,8.247325347755037,-0.02951168697263994,-0.005447810335420477,0.10848238096899417,8.242131866038854,0.001240217410774033,-0.0023666111727356125,0.10848238096899417,0.12,0.0,-0.002375967400655519,0.12
92.360129604,8.24998712480715,0.0005109060288987504,0.0008586300596051227,0.11999999999972033,8.222679749740347,-0.003170668836647426,-0.0038319289941095695,0.0975982048057983,8.241621732851218,0.0002935755558387006,-0.0028941329511987172,0.0975982048057983,0.12,0.0,0.0005839923029749405,0.12
92.405943646,8.25406712324745,0.0005144732827203425,0.0008899189247194134,0.11999999999972033,8.273772569481304,-0.00396849107377088,0.010507602743769932,0.11450961348612862,8.254327663925602,0.003853984881134137,-0.002485056948894918,0.11450961348612862,0.12,0.0,0.0005406821651774599,0.12
92.455566485,8.258147121605347,0.000518133791957212,0.0008985308351930457,0.11999999999972033,8.271549194031195,0.005325686446398609,-0.008114703217168532,0.10503829017452401,8.262033918780212,0.004150484123201763,-0.005518570453756258,0.10503829017452401,0.12,0.0,-0.0008726250641332192,0.12
92.505858301,8.262227119977993,0.0005217778127578065,0.0008856301240811112,0.11999999999972033,8.271013117742593,0.010708125191817585,0.0025144335345050127,0.10120460285910605,8.266806583737873,0.005537815427948951,-0.0033493496102852843,0.10120460285910605,0.12,0.0,-0.0007644294085546957,0.12
92.556131717,8.266307118361949,0.0005254091723655761,0.0008884766174178015,0.11999999999972033,8.267620853562194,0.012589881545948553,-0.00018797930891555255,0.11954122134266518,8.27218083136708,0.007022245264888586,-0.0024782204628355678,0.11954122134266518,0.12,0.0,-0.0035483235014573617,0.12
92.606850282,8.270387116811474,0.0005289657110369241,0.0008444760702313403,0.11999999999972033,8.269919078848243,0.02236623017734398,-0.0007942234424432676,0.11775029971275683,8.275302683967901,0.010272365624411077,-0.0021281175503896593,0.11775029971275683,0.12,0.0,-0.007514002789582667,0.12
92.656627748,8.274467115502853,0.0005322311410481586,0.000740310852153187,0.11999999999918742,8.278442837298382,-4.687390276842838e-05,-0.007829398652183255,0.11334412131505692,8.280874677040464,0.00806068002602595,-0.0031107666409934728,0.11334412131505692,0.12,0.0,-0.00792356408174329,0.12
92.707942245,8.27854711461687,0.000534912810422485,0.0005773572418840071,0.11999999999972033,8.267755183652213,-0.010305598308019907,-0.004956146509528767,0.10637705148121296,8.282435922188931,0.004145175868345934,-0.0031192864691825446,0.10637705148121296,0.12,0.0,-0.004434188581752612,0.12
92.756011613,8.28262711407972,0.0005370012566010571,0.0004576529406880256,0.11999999999927624,8.259066622816228,-0.018481023785360963,0.0175447059218953,0.11912645630377756,8.281263789152217,-0.0006321899331849321,0.001950329055427686,0.11912645630377756,0.12,0.0,-0.0025855928356318656,0.12
92.807007884,8.286707113711635,0.0005387329560213148,0.0003976275333033396,0.11999999999972033,8.296329771949761,-0.027312729645696112,-0.007298136732322379,0.12529511647538868,8.28937018176836,-0.0063037154941057005,0.00044141699438750986,0.12529511647538868,0.12,0.0,0.0022921958921470844,0.12
92.856085827,8.290787113424036,0.0005402640724544227,0.0003645422931287511,0.1199999999995427,8.287735862733264,-0.004913833182052174,0.0020554584649944124,0.11198077573995101,8.293121449836264,-0.006003370951284484,0.0005637114583102768,0.11198077573995101,0.12,0.0,0.006127831149097643,0.12
92.905950438,8.294867113092588,0.0005419053647128415,0.0004493955080527793,0.11999999999963151,8.31647538095494,0.02420352700708204,0.00871565230743207,0.05781397943687041,8.300023788880642,0.0004211929257029474,0.0016309210917711473,0.05781397943687041,0.12,0.0,-0.00042925734608229254,0.12
92.955976067,8.298947112589492,0.0005439295030111128,0.0005187360367687587,0.11999999999927624,8.288899488059648,0.014844869434947634,-0.00436289941536788,0.12577029108130547,8.302840332023893,0.003480474114508561,1.530388330881773e-05,0.12577029108130547,0.12,0.0,-0.003519957660354977,0.12
93.007855828,8.303027112060988,0.0005460058246799475,0.0004883155056466177,0.11999999999972033,8.27733929143115,0.000790433148070933,0.0016144438348215636,0.11074352704805975,8.301535103567605,0.0029123801900183383,0.0004367479344727548,0.11074352704805975,0.12,0.0,-0.004450312115204254,0.12
93.055609641,8.307107111638572,0.0005478605618037837,0.00041812498754934294,0.11999999999972033,8.312706619936492,0.012825277663393022,0.005536756833021383,0.1402777897195067,8.308755105443478,0.00502659341486824,0.002082314627195222,0.1402777897195067,0.12,0.0,-0.00842173639464363,0.12
93.108174423,8.31526711124099,0.0005503247986307675,0.0001532261003913379,0.11999999999963151,8.350974461461574,-0.009810369051844757,0.002734317361075298,0.12961229495433935,8.32392786670601,-0.00012928522674477772,0.0029136036394915112,0.12961229495433935,0.12,0.0,-0.008976252225444233,0.12
93.155842291,8.319347111224495,0.0005506568720442571,1.9673837237543955e-05,0.11999999999936506,8.337038346228312,0.022320326069002704,-0.00831302436012773,0.11004649179955997,8.331457773434222,0.004627558210767912,0.00012727655546094106,0.11004649179955997,0.12,0.0,-0.0052308333433187465,0.12
93.207532389,8.32342711122081,0.0005505292618148801,-8.155834086546363e-05,0.11999999999972033,8.320672988311903,0.00553752372149605,0.00858059361934943,0.12529302663324204,8.334007743431409,0.004836179342860523,0.0028082278932925918,0.12529302663324204,0.12,0.0,-0.006334949005507725,0.12
93.257987927,8.327507111179488,0.0005499648718714968,-0.00019669363478264467,0.11999999999972033,8.283617060744746,0.004427858063295775,0.0025239664391867728,0.12897615618168068,8.327695130842994,0.004762079514115718,0.002424583953384454,0.12897615618168068,0.12,0.0,-0.008532426967666904,0.12
93.306579117,8.331587111018974,0.0005488376910783538,-0.000361997491723499,0.11999999999972033,8.340534177954055,-0.014983022438568161,-0.008814741369854275,0.10105921913465002,8.333731603460352,0.0005623562260063343,-0.00105609709051815,0.10105921913465002,0.12,0.0,-0.009876379221107122,0.12
93.356111979,8.335667110614821,0.0005470296699876073,-0.0005024255324400611,0.11999999999918742,8.35439769780767,0.0024863979642459947,-0.010109884295939803,0.09785879240490289,8.341845190950023,0.000951003506723815,-0.002974530344102084,0.09785879240490289,0.12,0.0,0.0002086126528713845,0.12
93.406944518,8.33974711004552,0.0005448749281284073,-0.0005438329535455092,0.11999999999972033,8.335953711271578,0.011946581914168582,0.0023169526162658523,0.10966905707904742,8.343755363444293,0.003284975257246745,-0.0026228853745087605,0.10966905707904742,0.12,0.0,-0.00028490925730699794,0.12
93.457124072,8.347907108842959,0.0005404449096793386,-0.0005299890000334463,0.11999999999980915,8.334316047742744,-0.005013329578517851,-0.022766355633664588,0.10845511816989464,8.345341877326797,0.001481211954350992,-0.006268532349466916,0.10845511816989464,0.12,0.0,0.0034018028092590766,0.12
93.508306167,8.35198710834676,0.0005384352507985888,-0.0004452285773799036,0.11999999999972033,8.355430640936227,-0.0008394044351745114,0.0009149171833452106,0.11578147887637857,8.357324408484118,0.00037014101899509005,-0.0038734169464395797,0.11578147887637857,0.12,0.0,0.006202545342812527,0.12
93.559276655,8.356067108040651,0.0005368607699830974,-0.00032859432527616265,0.11999999999972033,8.348373462709471,0.009381818428262051,0.009841726455821433,0.09863689617541253,8.359033879478945,0.002292818800535816,-0.0013392331989603256,0.09863689617541253,0.12,0.0,0.00274037983650991,0.12
93.607883242,8.360147107870894,0.0005356862322387647,-0.00026616454336011937,0.11999999999963151,8.353503005920746,-0.003762759141032665,0.00010527067043012923,0.11041842177245606,8.362708466579207,0.0010062218305255594,-0.0019770771964767032,0.11041842177245606,0.12,0.0,0.0009669796289206913,0.12
93.657371298,8.364227107737133,0.0005346418555308712,-0.00024400643236190703,0.11999999999972033,8.395123838001915,0.030577833500222196,0.012444260008609962,0.1204321634960047,8.373969365411734,0.0072997893209899205,0.0013086621132207342,0.1204321634960047,0.12,0.0,-0.00472559835334787,0.12
93.708649546,8.368307107618085,0.000533657125253783,-0.0002671558072619989,0.11999999999972033,8.379150844786945,-0.022406846414487484,0.006605946442956734,0.12078085614084223,8.379132836016762,0.0010117966920464112,0.0020399532999276944,0.12078085614084223,0.12,0.0,-0.00658835161185994,0.12
93.761737121,8.372387107386853,0.0005322937115599737,-0.0004014423126634713,0.11999999999972033,8.390188629182335,0.005782304395952754,0.01095056410241839,0.11269225876838407,8.385331914174916,0.002048973796122614,0.0035054028467072034,0.11269225876838407,0.12,0.0,-0.00698656454616965,0.12
93.805729521,8.376467106950505,0.0005304120020930862,-0.000522708446675187,0.11999999999972033,8.380706487215582,-0.016318917894073543,0.01362943381926397,0.11265809951730996,8.389617781612117,-0.001808950297700881,0.005119567314092447,0.11265809951730996,0.12,0.0,-0.006751253743015556,0.12
93.856168002,8.380547106233653,0.0005279986940224876,-0.0006567604083492248,0.11999999999972033,8.391229850825699,-0.02505386410750149,-0.01221029665033346,0.10537286250576498,8.39351217749538,-0.006755196408262378,0.0013856098328401045,0.10537286250576498,0.12,0.0,-5.200277470056259e-05,0.12
93.90568178,8.384627105213879,0.0005251155486305854,-0.0007271965885304112,0.11999999999972033,8.389410006435542,0.03675099823536558,0.0147864326130053,0.09924521035398985,8.397286562517165,0.002509692969464664,0.004127844122931249,0.09924521035398985,0.12,0.0,-0.0027731703904164727,0.12
93.957714969,8.38870710417268,0.0005222010852453958,-0.0007402216666402046,0.11999999999927624,8.38366188619103,0.009466121195938301,-0.0012325617801286408,0.12615083426427384,8.400342775226392,0.003997990506433846,0.003301220144224735,0.12615083426427384,0.12,0.0,-0.007995243385038603,0.12
94.006328391,8.392787102837215,0.0005189046771822811,-0.0008877629919577262,0.11999999999972033,8.38366188619103,0.009466121195938301,-0.0012325617801286408,0.12615083426427384,8.400342775226392,0.003997990506433846,0.003301220144224735,0.12615083426427384,0.12,0.0,-0.009974722382077385,0.12
94.055753186,8.39686710088502,0.0005149191841068139,-0.001066303382533927,0.11999999999980915,8.378822151229498,0.02552652673102753,0.007511958880204238,0.10273575100541307,8.398848101424655,0.009571753284525012,0.0014711513701732182,0.10273575100541307,0.12,0.0,-0.012118690790672595,0.12
94.10933579,8.400947098150517,0.0005102011833984183,-0.0012628716907731742,0.11999999999963151,8.403441980409054,0.017192605379172277,-0.0054982662422358875,0.10359865690759744,8.403757650421486,0.011181978099545685,0.00011116614642884735,0.10359865690759744,0.12,0.0,-0.015027978730714108,0.12
94.156062902,8.405027094174294,0.0005045136925747461,-0.0015299211333402944,0.11999999999972033,8.406512761082821,0.015013326955277398,-0.007023982114740018,0.10597175155300394,8.40900333205734,0.011983707339781224,-0.0020946040908689945,0.10597175155300394,0.12,0.0,-0.014839726988459048,0.12
94.205973278,8.409107088445992,0.0004976850574834955,-0.0018140485211682704,0.11999999999972033,8.41904593257257,-0.021011910844584262,-0.007732595952512164,0.13175469082549818,8.414862578171942,0.004965866859669474,-0.004212325508105936,0.13175469082549818,0.12,0.0,-0.007966970660896666,0.12
94.256938489,8.413187080732802,0.0004897568100100499,-0.0020468917746734694,0.11999999999972033,8.46149418301933,-0.005434891824924876,-0.010002040822710261,0.10400393109214451,8.429546053774654,0.0027273440037371413,-0.005408200335337213,0.10400393109214451,0.12,0.0,-0.00031038777602399254,0.12
94.306167906,8.417267071810977,0.00048122478403159023,-0.0021119639765148925,0.11999999999918742,8.421498027526166,0.00030145202185456553,0.007226590456441536,0.11280945039625623,8.431471957445837,0.002213966065927344,-0.0020111352882980363,0.11280945039625623,0.12,0.0,0.00110487514854079,0.12
94.356651096,8.421347062769373,0.00047263535649163054,-0.0020898124374036757,0.11999999999972033,8.421655341248071,-0.010497642734993855,0.001937942431389743,0.1294859066486665,8.432887536711434,-0.00048400154353366986,-0.0011009029681243528,0.1294859066486665,0.12,0.0,0.0017010126893637456,0.12
94.405635796,8.429507045388434,0.00045579384186523943,-0.002038190044307249,0.11999999999963151,8.42143077847797,0.0021375823951308845,0.0027289548876097036,0.11643895799940933,8.434646768534073,0.003566621562768866,-0.00037876190127355977,0.11643895799940933,0.12,0.0,-0.00217436150796494,0.12
94.455582551,8.433587036847292,0.00044744551692218787,-0.0020646155191976637,0.11999999999980915,8.424087430197146,-0.009394429327021754,-0.0019755954794754395,0.1082654257527018,8.436523076133028,0.0008112035314682626,-0.0004615414827442915,0.1082654257527018,0.12,0.0,-0.0037485014455141156,0.12
94.50979407,8.43766702788334,0.0004388933416166026,-0.0021285406760255285,0.11999999999989797,8.424087430197146,-0.009394429327021754,-0.0019755954794754395,0.1082654257527018,8.436523076133028,0.0008112035314682626,-0.0004615414827442915,0.1082654257527018,0.12,0.0,-0.002252473980210596,0.12
94.555617417,8.441747018507133,0.00043014641269562595,-0.002152361555192303,0.11999999999972033,8.452640571703487,-0.01870704122312345,0.000707214701791132,0.15087985463470238,8.447915467868905,-0.0028676871406868214,-0.002396615502183822,0.15087985463470238,0.12,0.0,0.0037434450622596573,0.12
94.605940763,8.445827009175117,0.0004214202418724133,-0.002107012329206285,0.11999999999936506,8.459756456734953,-0.007371196998018689,0.00939359290442203,0.1370289284229831,8.455786701391032,-0.003813843182032212,0.0012542424816147076,0.1370289284229831,0.12,0.0,0.006470045980477667,0.12
94.655803748,8.449907000568556,0.00041304096690555046,-0.0019959924301314034,0.11999999999972033,8.421366176533777,0.029240045775965867,0.0059501886761181,0.12150573701987188,8.452080545108949,0.003212585227915671,0.002969354419467341,0.12150573701987188,0.12,0.0,-0.0014147019105715053,0.12
94.71028538,8.453986992855938,0.00040510861714196893,-0.0019039217104338273,0.11999999999972033,8.451117443765797,0.00032500998873545247,-0.004373341661107005,0.13068847695137548,8.456599575001839,0.002599120486564617,0.0014198831705953244,0.13068847695137548,0.12,0.0,-0.005350458149679915,0.12
94.756741498,8.458066985293923,0.00039725363825485313,-0.0019635166126295294,0.11999999999972033,8.442933687292182,0.010299476265903586,0.004812543092234133,0.08514890423393294,8.456653345986084,0.0042438456624448164,0.0018841033115972164,0.08514890423393294,0.12,0.0,-0.0081461732761893,0.12
94.808843875,8.466226967574766,0.0003802598030324706,-0.0022182165057285765,0.11999999999980915,8.45548260808433,0.006891072802076091,-0.0008077682838926944,0.12350166173811511,8.463817387996668,0.0006548173563915376,0.0026415114019248892,0.10533845265437727,0.12,0.0,-0.006070099617553432,0.12
94.855781232,8.470306956988171,0.0003709663628636204,-0.002333107954778755,0.11999999999936506,8.499847311809052,0.01256909596846583,0.0021372995037158104,0.1166748371568426,8.477112535844205,0.004235268009046018,0.0020799101294290603,0.1166748371568426,0.12,0.0,-0.0071836235746575265,0.12
94.906142205,8.474386945354928,0.000361224305569737,-0.0024523091296341504,0.11999999999972033,8.466405212093076,0.008546202598338768,0.0031518175035097963,0.10991711705536082,8.47957756870399,0.0051610186596868024,0.0026928944273055325,0.10991711705536082,0.12,0.0,-0.009733616719545911,0.12
94.957685196,8.474386945354928,0.000361224305569737,-0.0024523091296341504,0.11999999999972033,8.466405212093076,0.008546202598338768,0.0031518175035097963,0.10991711705536082,8.47957756870399,0.0051610186596868024,0.0026928944273055325,0.10991711705536082,0.12,0.0,-0.011092943710217192,0.12
95.006409825,8.47846693223126,0.00035087810424169264,-0.0026310984804984836,0.11999999999963151,8.465037882786362,-0.00802341304829362,-0.007345271468503023,0.13594121363773645,8.484243865157243,0.0023580365242092563,0.0009559345673840727,0.13594121363773645,0.12,0.0,-0.006668021801316771,0.12
95.057111904,8.482546917067337,0.000339756241890669,-0.002799681664772694,0.11999999999972033,8.465037882786362,-0.00802341304829362,-0.007345271468503023,0.13594121363773645,8.484243865157243,0.0023580365242092563,0.0009559345673840727,0.13594121363773645,0.12,0.0,-0.0053294829238743945,0.12
95.105828373,8.486626900506065,0.0003281317923546746,-0.0028848473258352493,0.11999999999972033,8.473942703814794,-0.00914867675223139,-0.013963281030356075,0.12681287236669853,8.490385680259694,-0.000119730637235093,-0.00219854123039401,0.12681287236669853,0.12,0.0,-0.0012735397310102248,0.12
95.156501499,8.49070688346544,0.00031633980570498337,-0.0028853468256043323,0.11999999999972033,8.486209797167986,0.0024954273724082728,-0.018009847745624235,0.13384632232737617,8.49390606003917,-0.0015595343651336785,-0.008114751488877405,0.13384632232737617,0.12,0.0,0.005688603229727053,0.12
95.206014776,8.494786867141858,0.0003047996763308151,-0.002750015250776694,0.11999999999972033,8.505519185369655,-0.004118200218437629,-0.012053185949086807,0.13073692654119268,8.501743895212815,-0.002157876292711993,-0.008105066862117828,0.13073692654119268,0.12,0.0,0.013920363067481786,0.12
95.255636096,8.498866852961706,0.0002940464296489175,-0.002512952043937866,0.11999999999972033,8.507851420974426,-0.014823216101479568,-0.0011572020219716061,0.12361483630303625,8.507448983831777,-0.004866196072901296,-0.006687036615982912,0.12361483630303625,0.12,0.0,0.016024872117666254,0.12
95.306086485,8.50294684144377,0.0002843574174083536,-0.0022312339289683996,0.11999999999918742,8.51606512554759,-0.01488166511167813,-0.0059188963516669454,0.11487987405335491,8.513001110859118,-0.007016544105171192,-0.005932068490135121,0.11487987405335491,0.12,0.0,0.016682318101505986,0.12
95.358473186,8.507026832608211,0.00027587415857051144,-0.001921366193594232,0.11999999999945388,8.499457449189883,0.017858012222176894,-0.00024972044239236204,0.13040349861667175,8.515726588889386,-0.001760149002190953,-0.004120214580955884,0.13040349861667175,0.12,0.0,0.014286895872561349,0.12
95.407480638,8.51110682628456,0.00026870032493229735,-0.0016123205392474757,0.11999999999972033,8.476817607231018,-0.017825948191562198,0.004280181225049891,0.14218595346024085,8.512896579277045,-0.005171465079959447,-0.002947096488029738,0.14218595346024085,0.12,0.0,0.011819531180076982,0.12
95.455831369,8.51518682176581,0.0002626345651553173,-0.0013720779434826,0.11999999999963151,8.508954862576225,-0.0006489576495801624,-0.012212670373142198,0.13397544249008286,8.51578039723463,-0.004242190381476264,-0.004591148032407076,0.13397544249008286,0.12,0.0,0.012752579946871387,0.12
95.505889523,8.523346816344663,0.0002532924025627314,-0.0009080476404538942,0.11999999999972033,8.543080983752176,-0.01195749330549419,-0.007850253446452498,0.14070825776937643,8.518366481821577,-0.001162255107324393,-0.007709358719236421,0.11341272910294933,0.12,0.0,0.013612387994627786,0.12
95.5561593,8.527426815085715,0.00025010144311541645,-0.0006502631369249638,0.11999999999963151,8.50026213650446,0.021817734882270047,0.003611851125996168,0.12094017553233488,8.52678993630321,0.001868462055386193,-0.004898033577680637,0.12094017553233488,0.12,0.0,0.015915829352495064,0.12
95.606656666,8.531506814547686,0.000248033777587298,-0.00037177002272048944,0.11999999999980915,8.513736736860155,0.026239698306473973,0.008652004204809157,0.14284697379735706,8.52678993630321,0.001868462055386193,-0.004898033577680637,0.12094017553233488,0.12,0.0,0.008454634060514176,0.12
95.655930036,8.535586814383475,0.0002468929156369099,-0.00021575514889662957,0.11999999999972033,8.544846964086439,0.001219416812865286,-0.010970310858175417,0.10648793562729533,8.529820062437983,0.007039908940008237,-0.0012610037954523408,0.14284697379735706,0.12,0.0,-0.0026611035215456024,0.12
95.706160728,8.535586814383475,0.0002468929156369099,-0.00021575514889662957,0.11999999999972033,8.544846964086439,0.001219416812865286,-0.010970310858175417,0.10648793562729533,8.537290534002555,0.0057786344662413185,-0.0031588259944150786,0.10648793562729533,0.12,0.0,-0.0030739366357513385,0.12
95.757787749,8.543746814130545,0.0002448746668920304,-0.00029583399784755644,0.11999999999945388,8.52872562963256,-0.009678734443692112,-0.0003123105748843888,0.11639227716003563,8.540708709383317,0.0024880244944179013,-0.002615276337220325,0.11639227716003563,0.12,0.0,-0.0013890527399461493,0.12
95.8068479,8.547826813941004,0.00024363115599236376,-0.0003099689190810337,0.11999999999972033,8.54912813452198,0.03066356816575297,-0.004007725131132117,0.11942031163144486,8.54629129383864,0.010554572318998895,-0.001722102847038903,0.11942031163144486,0.12,0.0,-0.006803282600658559,0.12
95.855844435,8.551906813708156,0.000242255114776954,-0.0003820583697682237,0.11999999999918742,8.547064601217288,0.0015911075060538883,0.005853798693433513,0.11394922760767574,8.550383287223445,0.008660200017478529,-0.0003060768480841463,0.11394922760767574,0.12,0.0,-0.010353460348931472,0.12
95.908616175,8.555986813272233,0.00024037994573002376,-0.0005502194350109168,0.11999999999972033,8.552775100625087,0.03341119225591214,0.0015572533177605858,0.10967698375281038,8.555717590053408,0.013915879894028083,-0.00029558619269714136,0.10967698375281038,0.12,0.0,-0.014788202664007556,0.12
95.956213168,8.560066812364429,0.00023767378484888945,-0.0007957827134991876,0.11999999999927624,8.562111875191999,0.014857094147610253,-0.005509164846593923,0.13002303776072624,8.562677647589123,0.014102391470937628,-0.0012754627931915426,0.13002303776072624,0.12,0.0,-0.016870595053326966,0.12
96.005884077,8.560066812364429,0.00023767378484888945,-0.0007957827134991876,0.11999999999927624,8.562111875191999,0.014857094147610253,-0.005509164846593923,0.13002303776072624,8.562677647589123,0.014102391470937628,-0.0012754627931915426,0.13002303776072624,0.12,0.0,-0.01731826328331174,0.12
96.059171748,8.564146810493448,0.00023378431537757864,-0.0011123836671770339,0.11999999999972033,8.546145235024758,-0.001996181362843339,0.004805408278714173,0.11795107191158892,8.565143995958522,0.010695202067025138,-0.0009297137466193102,0.11795107191158892,0.12,0.0,-0.0147082306927959,0.12
96.105649192,8.568226807188857,0.0002286042024668058,-0.0014194508357582335,0.11999999999918742,8.56479011372946,-0.026418577644486352,0.00994749358946817,0.10731349638303474,8.57000629858773,0.0028387518832278923,0.0013936107773224811,0.10731349638303474,0.12,0.0,-0.008846742362999838,0.12
96.156399961,8.572306802277554,0.0002222802021219972,-0.0016623063705901572,0.11999999999972033,8.573292610134507,0.003031015742007829,-0.005678556653622493,0.14410265565391153,8.575346479533014,0.0028743603414916026,-0.0014781426892588004,0.14410265565391153,0.12,0.0,-0.003726208963782823,0.12
96.206317752,8.576386796072084,0.00021516623384614065,-0.0018040287489061388,0.11999999999972033,8.573318971253318,0.022662785432052805,0.00837798598344062,0.11588003105657346,8.580134423745381,0.007090650770366349,-0.00023547672460188731,0.11588003105657346,0.12,0.0,-0.007856063564240262,0.12
96.255601816,8.580466789068327,0.00020760769294650178,-0.0019176063400102045,0.11999999999972033,8.561259541456904,0.0046063764610755975,0.005127968949682204,0.11739542571921074,8.581822967016333,0.006576852065610194,0.0001422954577889673,0.11739542571921074,0.12,0.0,-0.00903933028378533,0.12
96.306306043,8.584546780956405,0.00019947386198407126,-0.002073181925012321,0.11999999999972033,8.558468377153279,0.031471850633888354,6.249974749154666e-05,0.09098862151245272,8.57989545930004,0.011861626801873828,-0.00040986359076230307,0.09098862151245272,0.12,0.0,-0.014510350578879814,0.12
96.358819355,8.588626771367377,0.00019063152468896035,-0.002278468818822945,0.11999999999963151,8.564799167499292,0.0016012025267876874,0.0004517166081309406,0.12036659560716985,8.580872287493541,0.009686691104113075,-0.0012787190669877747,0.12036659560716985,0.12,0.0,-0.012438413362814812,0.12
96.405573263,8.59678674514664,0.00016997663942223712,-0.002760398708792806,0.11999999999963151,8.596617292075061,0.015769029935996964,-0.01895038217032906,0.12076554011434583,8.595520636077033,0.01055190591791375,-0.006277546282501393,0.12076554011434583,0.12,0.0,-0.008000656873770143,0.12
96.458766273,8.600866728582588,0.0001583522616891257,-0.002921275516424874,0.11999999999972033,8.631429367972821,-0.0009132090041697272,0.013373199701178654,0.11375737197826444,8.60748076913267,0.008127451724547062,-0.002220280076948096,0.11375737197826444,0.12,0.0,-0.00653546580149068,0.12
96.507056126,8.604946710407269,0.00014617496079418277,-0.0030506375694403847,0.11999999999972033,8.60006911657971,-0.022350334563463914,0.008605372368590433,0.11810475670922488,8.60981661098944,0.0016705761769073716,-2.6941539499733894e-05,0.11810475670922488,0.12,0.0,-0.005188002405581491,0.12
96.556432124,8.609026690644924,0.0001334768229238857,-0.0031640582239165077,0.11999999999972033,8.60069213035635,0.01855815349567345,-0.0033490444440900085,0.12516293533419612,8.612473612736869,0.005246973036989364,-0.00031116821819814934,0.12516293533419612,0.12,0.0,-0.005200973506300452,0.12
96.606603268,8.613106669709207,0.00012040677023732815,-0.0032462190638142298,0.11999999999972033,8.603246063387227,0.030254336663191918,-0.0002671881539840163,0.12798267548438066,8.61557067237174,0.010551696249021183,-1.2834207040081862e-05,0.12798267548438066,0.12,0.0,-0.00981879160371415,0.12
96.656062541,8.617186647453735,0.00010693155020833016,-0.0033770556704683513,0.11999999999972033,8.646507239430754,-0.005079423575984523,-0.0076731767658085905,0.11430807784354381,8.626610893205713,0.007219992803489823,-0.0019483571576414354,0.11430807784354381,0.12,0.0,-0.009782560479468762,0.12
96.705818905,8.621266622716318,9.272618659786412e-05,-0.003584748471084154,0.11999999999945388,8.60679314079589,5.153574786424846e-06,-0.0013418801589741005,0.142800740501998,8.626794714385975,0.0056839488742836345,-0.0027835334747967097,0.142800740501998,0.12,0.0,-0.005202965335525919,0.12
96.756046346,8.625346595269015,7.77616651021502e-05,-0.0037371656878681025,0.11999999999972033,8.632907483365718,-0.01167830263074028,-0.006157106534487441,0.11420851199569829,8.63136564084956,0.0019847524871678983,-0.0036433586967605605,0.11420851199569829,0.12,0.0,0.0005291840673833807,0.12
96.807903101,8.633506536719986,4.685051681854717e-05,-0.0037872237042745035,0.11999999999927624,8.62985297564126,0.0014083423937690529,-0.003200000984743629,0.10351753707558556,8.635041435607414,0.0018504577522128935,-0.004353222158350796,0.10351753707558556,0.12,0.0,0.0031528355372445237,0.12
96.856981904,8.637586507849209,3.15018781886615e-05,-0.0037369632354210284,0.11999999999972033,8.651482506629684,0.015511742658734564,0.0009639757691943866,0.09878142836224843,8.63976422302307,0.003526993997040189,-0.003957909658544962,0.12533884379936774,0.12,0.0,0.0019500854976928288,0.12
96.905926561,8.641666479659245,1.6335221860231814e-05,-0.003705801507872915,0.11999999999963151,8.626934196659164,0.015335808943653587,-0.0007030402436983013,0.14932859159945178,8.64689916969115,0.008022973802011918,-0.0019617876945416464,0.14932859159945178,0.12,0.0,-0.004182094199457281,0.12
96.956054663,8.645746451347895,1.1360189263147965e-06,-0.0037576571999803697,0.11999999999972033,8.64110977511179,0.01097059659149854,0.008384261105575197,0.12907751627680136,8.649618017782794,0.00866172569263193,-0.0005180835083041209,0.12907751627680136,0.12,0.0,-0.008150192490057431,0.12
97.009427399,8.6498264217592,-1.4401846297953564e-05,-0.003871329020377401,0.11999999999963151,8.653406594947377,0.008308386309062171,-0.0027186572104683894,0.13522567342957426,8.655957857077125,0.00857717619124652,-0.00017923216499891794,0.13522567342957426,0.12,0.0,-0.010368713176426379,0.12
97.056322827,8.653906389777232,-3.05550577466707e-05,-0.004052143311132868,0.11999999999972033,8.608602111970285,-0.02161892106461555,0.006028517996103988,0.12558412801036806,8.650428359438376,0.002181500093845627,0.0009130892611006998,0.12558412801036806,0.12,0.0,-0.007989194371816166,0.12
97.106138803,8.657986354638945,-4.748651414776464e-05,-0.004241640172280454,0.11999999999980915,8.646111723820864,-0.017073365453879826,-0.017248405781564724,0.1281119552652037,8.653566955214034,-0.0019376632016513593,-0.0023968348016652403,0.1281119552652037,0.12,0.0,-0.0005964113107472129,0.12
97.155961548,8.662066316720297,-6.507602226357579e-05,-0.004373500662131156,0.11999999999972033,8.658044336820696,0.004395462885149091,0.009212114478246094,0.11862120174005662,8.658176606391812,-0.0005809366788758063,-0.00011196543086366322,0.11862120174005662,0.12,0.0,0.00012038586414372547,0.12
97.206268289,8.670226238361343,-0.00010083649126030885,-0.004378587451505423,0.11999999999972033,8.68432998307666,0.011487667682792668,-0.010009643653344232,0.1108862108341096,8.672517213294848,0.004911179393569463,-0.003991500821448912,0.1108862108341096,0.12,0.0,-0.0002270631567693628,0.12
97.258032191,8.67430619923348,-0.000118704948117259,-0.004382035252166822,0.11999999999972033,8.68432998307666,0.011487667682792668,-0.010009643653344232,0.1108862108341096,8.672517213294848,0.004911179393569463,-0.003991500821448912,0.1108862108341096,0.12,0.0,-0.0004999992000974436,0.12
97.305761387,8.678386159987367,-0.00013660038094334432,-0.004390674049388358,0.11999999999972033,8.671869154974042,0.01620290473359416,-0.011766865254713342,0.11927991014381026,8.680155693572857,0.0018206971900538698,-0.00421295083398172,0.11927991014381026,0.12,0.0,0.0034157599064717514,0.12
97.356556587,8.682466121099125,-0.0001544139281259244,-0.0043373293135365535,0.11999999999972033,8.67676906130741,-0.01685424277956051,-0.014279252719229097,0.10205621167050154,8.68263087952677,-0.002169083290291165,-0.00753323066024914,0.10205621167050154,0.12,0.0,0.008906741491906345,0.12
97.405987157,8.686546083305897,-0.0001719748130277448,-0.004264229613523622,0.11999999999980915,8.675182767261362,0.011083868016608005,-0.005434882884021176,0.10611160286573414,8.684820088701441,0.0006177741954864809,-0.0068761221884729665,0.10611160286573414,0.12,0.0,0.009748169845547976,0.12
97.455676328,8.69062604765615,-0.00018902943078331945,-0.004093419229448987,0.11999999999972033,8.699479048179818,0.015995117329663362,-0.01369477331964754,0.14596173852518288,8.69300853402418,0.0038351845205903835,-0.009044704911086762,0.14596173852518288,0.12,0.0,0.009451853925406602,0.12
97.506717658,8.698785985077532,-0.00022097609083376668,-0.003744561442207491,0.11999999999963151,8.714492750096545,0.01423855842712748,-0.007159397065794327,0.13169837278948568,8.703479648372177,0.005715677222016296,-0.006704090234436452,0.13169837278948568,0.12,0.0,0.008056423317494281,0.12
97.557498868,8.702865957526823,-0.00023596908904491341,-0.0036208204134254964,0.11999999999918742,8.714492750096545,0.01423855842712748,-0.007159397065794327,0.13169837278948568,8.703479648372177,0.005715677222016296,-0.006704090234436452,0.13169837278948568,0.12,0.0,0.003729582862780616,0.12
97.606114787,8.706945931333886,-0.0002505884804503299,-0.003550543876414493,0.11999999999963151,8.714268359533298,-0.010210202426825533,-0.015956257932181913,0.10144195402095828,8.713386233025117,0.002401353692653713,-0.00883991726870626,0.10144195402095828,0.12,0.0,0.006387104930547919,0.12
97.656055987,8.711025906133093,-0.0002649281603610648,-0.0034615538655836716,0.11999999999972033,8.703464084962524,0.012537330626438952,-0.0037040560329133173,0.0968843372624962,8.714818764718592,0.0045311320271731155,-0.008361286737762813,0.0968843372624962,0.12,0.0,0.0076079247433757605,0.12
97.706712733,8.715105882741637,-0.00027874275991087507,-0.003313565481960803,0.11999999999972033,8.73832190932473,0.00030405178146883746,-0.004750170382112136,0.11999616259383192,8.723439231243738,0.003608843013244472,-0.0071536789433112435,0.11999616259383192,0.12,0.0,0.00722180018376369,0.12
97.75685555,8.719185861248208,-0.0002919851607462138,-0.003180225658075117,0.11999999999972033,8.724152392537667,0.0036686800874255535,-0.010538549969608332,0.1193848473418761,8.727743603134178,0.003586010513197861,-0.007889964390367663,0.1193848473418761,0.12,0.0,0.00706287952338042,0.12
97.805670949,8.723265841417005,-0.00030470525304306513,-0.0030551019155930586,0.11999999999972033,8.737629985785174,-0.010403781732922288,-0.00344062898744978,0.11115233730916045,8.73434776769749,0.0005911928921286114,-0.0075344041892663445,0.11115233730916045,0.12,0.0,0.009059443879568732,0.12
97.857523422,8.727345823211033,-0.00031689267483585103,-0.0029127083043643445,0.11999999999972033,8.713250324259956,-0.00349019448923682,-0.013214897139352446,0.1123831312910922,8.734673493413156,-0.00032043070428617194,-0.009426548578597413,0.1123831312910922,0.12,0.0,0.01250773944130197,0.12
97.907369839,8.73142580694476,-0.00032841151628444236,-0.0027225406731917236,0.11999999999972033,8.73161072005978,0.012508353934710458,0.004484627875131957,0.1050763544338065,8.738471495437395,0.0023859043949875673,-0.00597216933307614,0.1050763544338065,0.12,0.0,0.010381886699142261,0.12
97.956129449,8.73550579315306,-0.00033901601199811364,-0.0024842206678151895,0.11999999999963151,8.731182314160684,0.007556691430864362,-0.012204948574694379,0.11317573900281697,8.740382192335458,0.0034504691176535807,-0.006877271276973228,0.11317573900281697,0.12,0.0,0.00740043513469849,0.12
98.005978577,8.739585781421809,-0.00034879813003682093,-0.0023184307000666923,0.11999999999963151,8.775065617296585,0.004691633446460341,-0.0029433032886992394,0.09418572260357994,8.75077560770149,0.0036996875959406958,-0.00621067294258362,0.09418572260357994,0.12,0.0,0.006094460878344045,0.12
98.058952298,8.74774576175992,-0.00036670312337899074,-0.002087779179578797,0.11999999999972033,8.750161196117718,0.026445230362771646,0.008360096603914586,0.12220687207703687,8.755921441890465,0.008545033373349973,-0.002969633787202394,0.12220687207703687,0.12,0.0,-0.0005040610277125984,0.12
98.106096002,8.751825753161798,-0.00037507908424504936,-0.0020433797859717097,0.11999999999972033,8.772543304884554,0.01633562998066532,-0.007787675646125465,0.139860048328728,8.764475050909265,0.010176283047847113,-0.004769192470686081,0.139860048328728,0.12,0.0,-0.0047097074033314555,0.12
98.158870283,8.755905744384524,-0.00038354167022905747,-0.0021131014889875397,0.11999999999972033,8.750287041136934,0.014189825386872846,-0.006721507214496951,0.10227245390912387,8.764255260980278,0.011011722178878507,-0.005284153348953181,0.10227245390912387,0.12,0.0,-0.006324587215713559,0.12
98.205718133,8.75998573486275,-0.000392355525498329,-0.0022120192374609554,0.11999999999945388,8.733610743026139,0.009230527291792363,-0.006739397122804318,0.14715456616077935,8.764608189064326,0.01059597916691523,-0.006184280975931259,0.14715456616077935,0.12,0.0,-0.005703006405767352,0.12
98.255946625,8.764065724315392,-0.00040163159314376566,-0.0023316692142279247,0.11999999999972033,8.786530626330824,-0.012284460541731615,0.0004412325585236407,0.09457057085163134,8.772401916004137,0.005734709106044861,-0.005348660212888772,0.09457057085163134,0.12,0.0,-0.002729209768750024,0.12
98.306398526,8.768145712737438,-0.00041135082435432736,-0.0024212141977449134,0.11999999999980915,8.773249610015887,-0.006931773924724645,-0.01496991918204781,0.11970677476497,8.777512377003418,0.0030014293022661014,-0.007437739827649502,0.11970677476497,0.12,0.0,0.0026660229602571183,0.12
98.355653213,8.772225700608395,-0.00042129928312610815,-0.0024401182454672835,0.11999999999972033,8.78998403614828,-0.018717599506297984,-0.010002231531469681,0.1441522386389801,8.785274432804394,-0.0016499843616342423,-0.008415784394229697,0.1441522386389801,0.12,0.0,0.011748072939297107,0.12
98.40603085,8.776305688907478,-0.0004310695232390681,-0.0023235566114876184,0.11999999999972033,8.760401635842284,-0.02473940461885299,0.004886144477846907,0.12585344806055185,8.78386681649754,-0.0065570396343247826,-0.00544706706174389,0.12585344806055185,0.12,0.0,0.015986291902728354,0.12
98.455899308,8.784465671189565,-0.00044802695912800897,-0.0018062821035491389,0.11999999999963151,8.797535436448058,0.008807697267655554,-0.007787797446972381,0.11553963806959208,8.791277961465909,0.0009342953946848021,-0.005846991743067418,0.11553963806959208,0.12,0.0,0.010809071466149891,0.12
98.50645738,8.788545665322557,-0.00045494168320176957,-0.0015949132707551619,0.11999999999972033,8.786787130673039,0.0015929003680911103,-0.0078867249785975,0.12166093139596944,8.794787695951596,0.0010445431489700043,-0.006389898429833514,0.12166093139596944,0.12,0.0,0.009560088485864003,0.12
98.556142949,8.792625660686179,-0.00046108905358195005,-0.0014206480325386207,0.11999999999963151,8.782483463997888,0.015398228064528771,-0.00121371406015308,0.13299546370473114,8.794787695951596,0.0010445431489700043,-0.006389898429833514,0.12166093139596944,0.12,0.0,0.008894842424779649,0.12
98.605763916,8.796705657032442,-0.00046654581276983035,-0.0012547366673279893,0.11999999999972033,8.798064647437151,0.010029235353179457,0.009894006928857422,0.11969200772249844,8.801894411073299,0.0053399041797561435,-0.0032015463479942727,0.11969200772249844,0.12,0.0,0.0071059963975307425,0.12
98.657326429,8.800785654155826,-0.00047138836785924555,-0.0011316604746896151,0.11999999999972033,8.80807626216037,0.006025868912309116,0.0023338427947471865,0.12329219881996954,8.807274449560397,0.005481677689697601,-0.0015312405959596966,0.12329219881996954,0.12,0.0,-0.002068918254005498,0.12
98.705695524,8.80486565160852,-0.00047594747531444856,-0.0011165983414021428,0.11999999999963151,8.796203678818824,-0.02035681750298946,0.0028412683723657703,0.14120923555898968,8.809451812549238,7.426114740499701e-09,-0.0006569353240009226,0.14120923555898968,0.12,0.0,0.00010728504077121262,0.12
98.755652654,8.808945648994396,-0.00048056594913653837,-0.0011390766459840804,0.11999999999980915,8.79380545727107,0.00927764286676876,0.0024724749089166786,0.1263787752876204,8.811376863092917,0.0019711526622340158,0.0002992490117768565,0.1263787752876204,0.12,0.0,-0.001154019398067428,0.12
98.809506534,8.817105643699119,-0.0004898620578271568,-0.0011421472243109475,0.11999999999972033,8.8262315470616,-0.016857079600044927,-3.610076524601809e-05,0.11712326469800143,8.818426404213705,-0.00202399640202123,0.00024526430123798126,0.11712326469800143,0.12,0.0,0.0013686253013490217,0.12
98.855571825,8.821185641081065,-0.0004944840406435658,-0.0011300971400916068,0.11999999999972033,8.814759638414415,0.020485964239799734,0.006614404312383978,0.10540432070221194,8.819595150337761,0.00032749364957035095,0.002825007587592395,0.1325880100385729,0.12,0.0,-0.003052371138767622,0.12
98.90972334,8.825265638373278,-0.0004991841997119418,-0.001185369877964243,0.11999999999963151,8.798410382618332,-0.0011530701869168656,0.008272443129736675,0.10540182611007015,8.82056526435002,0.0034173766791949674,0.004068042768984632,0.10540182611007015,0.12,0.0,-0.0069426535496229964,0.12
98.956239311,8.829345635137255,-0.0005043194515416711,-0.0013431042462016237,0.11999999999963151,8.840759512656641,-0.006780910371101327,-0.0077136029556833935,0.13408309789090936,8.830591806142078,0.001255012084181239,0.0007436856661306849,0.13408309789090936,0.12,0.0,-0.0068493635786545095,0.12
99.006265323,8.83342563097823,-0.0005101422812688316,-0.0014955441276035834,0.11999999999972033,8.836621263339024,-0.003504122324354888,0.0019966819431462687,0.11983704585297028,8.830591806142078,0.001255012084181239,0.0007436856661306849,0.13408309789090936,0.12,0.0,-0.0041008521613658585,0.12
99.056231657,8.837505626146394,-0.0005164206956015792,-0.0015779804955461279,0.11999999999972033,8.837517495710085,0.0029425020554856357,-0.001650722668329477,0.14690230464026044,8.841477894802297,0.0008208210989440355,0.0003895346580321174,0.14690230464026044,0.12,0.0,-0.002357184058060489,0.12
99.106346717,8.841585620898737,-0.0005229642110306033,-0.0016266068286163984,0.11999999999972033,8.849353467888907,0.0017159021155721324,-0.011407223444181642,0.12566054587810718,8.847802562311362,0.000990730332465216,-0.0029752910632105745,0.12566054587810718,0.12,0.0,0.0003830578950792499,0.12
99.155951707,8.84566561538347,-0.0005296726439946605,-0.0016529804641932948,0.11999999999972033,8.84744013179328,-0.015398850035045663,0.013643019311017095,0.11616770708279325,8.852552925834154,-0.0024682137553450043,0.0008814935590653271,0.11616770708279325,0.12,0.0,0.0018880679733513195,0.12
99.207340147,8.849745609912993,-0.0005363537755387884,-0.001620812055305925,0.11999999999972033,8.821972629938477,0.012251318338355108,-0.00017729031683334204,0.12834737481719632,8.850649512136629,0.0006571061196977237,0.0007744825614115149,0.12834737481719632,0.12,0.0,0.00011859682624758771,0.12
99.257259088,8.853825604644786,-0.0005429102891387549,-0.0016016012606542476,0.11999999999972033,8.844008467916089,-0.0011196631402469832,-0.015521707086703192,0.1043775614274673,8.853398017619497,0.0002525070330705118,-0.003217237189829623,0.1043775614274673,0.12,0.0,-0.000901423503272704,0.12
99.306377144,8.857905599396764,-0.0005494542587977902,-0.0015973975806453304,0.11999999999972033,8.83512026117819,-0.016195707870138545,0.01672294950397202,0.11527293588221418,8.853619843884896,-0.0032135904622498006,0.0011799761254448426,0.11527293588221418,0.12,0.0,0.002881991402640556,0.12
99.357025112,8.861985594347168,-0.0005558730111978948,-0.0015456814315971082,0.11999999999918742,8.88373234915995,0.004270140522265919,0.0022921516147306575,0.11403036641809178,8.863529507018054,-0.001620165328663234,0.0017811593489064708,0.11403036641809178,0.12,0.0,0.00048686897288070205,0.12
99.406268499,8.866065589620428,-0.0005620833015048892,-0.0015057192391742826,0.11999999999972033,8.855947140754814,-0.014885140911517247,-0.00838685515651767,0.11991908062120286,8.866089248412743,-0.004445937247652833,-0.0003893818089716151,0.11991908062120286,0.12,0.0,0.00493472798318947,0.12
99.456292535,8.870145585068933,-0.000568177401466233,-0.0014691538780469279,0.11999999999972033,8.880955564849806,-0.004785250043223246,0.0008733221791108715,0.10935985193677172,8.873376069918816,-0.004517796481097757,0.00010754979523406418,0.10935985193677172,0.12,0.0,0.005879480255083308,0.12
99.507295452,8.87422558090925,-0.0005740024192128641,-0.0013786754989507544,0.11999999999918742,8.862486226864695,0.004482038577963246,-0.010492443649330196,0.12279333425128067,8.875438023584282,-0.0026286541266551905,-0.0014770264741243502,0.12279333425128067,0.12,0.0,0.005987657607697089,0.12
99.55594129,8.882385574318702,-0.0005843600582810228,-0.0011498930452810774,0.11999999999945388,8.861286080727943,0.012219929621909757,0.006794057684630632,0.11238144440187119,8.880892962863209,-0.0022899385103519266,2.9601494897643242e-05,0.11238144440187119,0.12,0.0,0.006071655842387006,0.12
99.610775346,8.88646557194221,-0.0005887609923398908,-0.0010181332553618587,0.11999999999918742,8.910531781222353,-0.00956141067903724,0.007141028195920414,0.13464830557985932,8.891078137819504,-0.0038207287353350973,0.0016571381861055707,0.13464830557985932,0.12,0.0,0.003790650256356007,0.12
99.65562906,8.890545570004608,-0.0005927361984224074,-0.0009374385597252066,0.11999999999972033,8.894500695880335,-0.010864908986253785,0.00469138704659892,0.11181625556043613,8.896468663098865,-0.005302959061141507,0.0026237617148131835,0.11181625556043613,0.12,0.0,0.0032932320574818835,0.12
99.712242172,8.894625568327816,-0.0005964344879653761,-0.0008760567076873022,0.11999999999918742,8.897640032900435,-0.013768094009015573,0.00033495300951003314,0.11939521996612554,8.900507478489724,-0.007093504793974097,0.002145242374571795,0.11939521996612554,0.12,0.0,0.004766214697667153,0.12
99.756022623,8.898705566876751,-0.0005998744647243033,-0.0008036015454849346,0.11999999999972033,8.91572897700993,0.01644780213521151,0.008093120695253437,0.11212386565164244,8.908368925436879,-0.0020767102506805994,0.003443744620374922,0.11212386565164244,0.12,0.0,0.0019093429468495203,0.12
99.80788497,8.902785565709591,-0.0006029585968931649,-0.000718565170855146,0.11999999999972033,8.917102707744332,-0.012718003687577167,0.004085156130300191,0.1346956684358751,8.915375579459445,-0.004315006740448091,0.0032282296269499212,0.1346956684358751,0.12,0.0,0.00027775706843834804,0.12
99.855615305,8.906865564680793,-0.0006058559730565024,-0.0007094515019515398,0.11999999999972033,8.906487445628585,-0.012962232831776712,-0.0034300782529936534,0.11841112571222712,8.917829715469624,-0.006147713905647702,0.0011886441658680532,0.11841112571222712,0.12,0.0,0.0033045487659625543,0.12
99.905743533,8.9109455636613,-0.0006087402330555022,-0.0007015899815391069,0.11999999999972033,8.881867812988276,0.011120771266463415,-0.013025936384757542,0.10398336191169397,8.914039860182957,-0.002506892921141228,-0.0011187208004176255,0.10398336191169397,0.12,0.0,0.004773176449735442,0.12
99.957161066,8.9150255627481,-0.0006114687376562369,-0.0006315193484056238,0.11999999999918742,8.894037113953749,0.004704927551267867,0.002084283656694091,0.11250046416455874,8.913665433000123,-0.0009759218886051439,-3.792514194887569e-05,0.11250046416455874,0.12,0.0,0.003277142241779564,0.12
100.005814836,8.919105562035645,-0.0006138779598391018,-0.0005539640959207942,0.11999999999918742,8.893904750386797,0.029439333432030704,-0.008059171349727959,0.09398619139419075,8.913316369722981,0.00546276315056464,-0.0011214933934966204,0.09398619139419075,0.12,0.0,-0.003609351193931926,0.12
100.056431716,8.923185561428769,-0.0006161029890274743,-0.000567671841193966,0.11999999999972033,8.921288732299834,-0.011903925122921235,0.00999489111471903,0.1061055599859621,8.921826498312864,0.0017977366740278885,4.943238512744022e-05,0.1061055599859621,0.12,0.0,-0.0038353801012278393,0.12
100.108083072,8.927265560668198,-0.0006185923928853203,-0.0006482008229879702,0.11999999999972033,8.937886831012003,-0.0022055755285734146,-0.005195164409754284,0.12932384043165673,8.929001131763666,0.0009397773253997228,-0.0018464509124783918,0.12932384043165673,0.12,0.0,-0.0010744018360763158,0.12
100.156678938,8.931345559730337,-0.0006213581148105114,-0.0006966626470025848,0.11999999999972033,8.926935976069435,-0.000980848855871773,-0.005363746182001608,0.10541756571861156,8.933084994100543,0.0005174142265993403,-0.002842920982849399,0.10541756571861156,0.12,0.0,0.001796528656064422,0.12
100.206512128,8.935425558745958,-0.0006241922224882353,-0.0006843897973443004,0.11999999999972033,8.923501506037,-0.013611705393141283,-0.0021998395784879944,0.10176064175623036,8.933987051126525,-0.0024878539962664608,-0.0028378995353283637,0.10176064175623036,0.12,0.0,0.005151292377543483,0.12
100.256608797,8.939505557846635,-0.0006269006088967001,-0.000637067906262275,0.11999999999972033,8.938635960630531,-0.006638502287637163,-0.012011026334485586,0.10266565918408506,8.938390569076203,-0.0033949040489400966,-0.00409937921292129,0.10266565918408506,0.12,0.0,0.009560817289677854,0.12
100.30629768,8.943585557148111,-0.0006292840072582611,-0.000518256896524489,0.11999999999972033,8.94774620249919,0.0056216036124627335,0.0008943475492207503,0.11947519152516071,8.944208723888647,-0.001487851088953487,-0.0035621333810255816,0.11947519152516071,0.12,0.0,0.008325356153826843,0.12
100.355900135,8.94766555675623,-0.0006310614449040339,-0.0003539650198609886,0.11999999999918742,8.935756862689459,-0.011607115516530658,0.0010955184418842527,0.12651054167679096,8.948307137907447,-0.003646382407979435,-0.002775605353656973,0.12651054167679096,0.12,0.0,0.008854333102958044,0.12
100.405712023,8.951745556597348,-0.0006321842415225839,-0.00019344658543249445,0.11999999999936506,8.950906119763129,0.0023641646594909542,0.0015408401991209954,0.13484145914896173,8.95508460759491,-0.0023790696507470363,-0.0015538588538232816,0.13484145914896173,0.12,0.0,0.007701120218516655,0.12
100.455578026,8.955825556568506,-0.0006326252462684932,-2.288066192944571e-05,0.11999999999972033,8.952003769334096,-0.008128489010927636,-0.006259118316230344,0.14858956017546301,8.959626229192764,-0.003616482601606261,-0.003109541099769775,0.14858956017546301,0.12,0.0,0.009171064218719136,0.12
100.50575211,8.959905556559331,-0.0006324182689542981,0.00012873732471929046,0.11999999999972033,8.95629252711252,-0.025802170248692108,-0.0027880410926008387,0.13298659054419062,8.962843984465225,-0.008337302376594002,-0.002653205427047215,0.13298659054419062,0.12,0.0,0.01371484470559978,0.12
100.556740438,8.963985556459377,-0.000631540819927707,0.0003136772003224143,0.11999999999972033,8.976895932924156,-0.0027583011376409077,0.006668017083421799,0.11692168808004856,8.970968076297066,-0.007146294408353628,-0.000905184407983171,0.11692168808004856,0.12,0.0,0.012732700092125144,0.12
100.605998036,8.968065556055539,-0.0006297495404152638,0.0005612676909518338,0.11999999999972033,8.967766625371192,0.0388120632390705,0.004098680769477859,0.10751595346396552,8.97457671058274,0.0026101600158074615,0.0013812398796792607,0.10751595346396552,0.12,0.0,-0.00046564023130954294,0.12
100.656435878,8.972145555179045,-0.0006270809321946996,0.0007034870876749219,0.11999999999972033,8.963983651650526,0.03750405656733146,0.004082223237261069,0.11178289627274013,8.977158031759439,0.010025855899413955,0.0026281718693230904,0.11178289627274013,0.12,0.0,-0.013031563886404007,0.12
100.705834606,8.976225554279104,-0.0006243758315200134,0.0005761155322348765,0.11999999999963151,8.963853722019211,0.010538734695141185,0.003645605271098249,0.13537575134204782,8.980323686604182,0.010151410167327091,0.003312332789933308,0.13537575134204782,0.12,0.0,-0.01731465884144584,0.12
100.756786014,8.980305553862829,-0.0006225623063271822,0.0002996007925767128,0.11999999999972033,8.983370148652542,0.0032728316274498646,-0.002740813886646958,0.12480484698989852,8.984935743896095,0.008693392222918568,0.001556326328484913,0.12480484698989852,0.12,0.0,-0.015413367144783675,0.12
100.807724059,8.984385553805337,-0.000621981498735065,-7.652368474220744e-06,0.11999999999972033,9.009606346285643,0.016064560740659466,0.01130844811938775,0.08354569017490532,8.993757092121584,0.010281322574295967,0.003787794778311499,0.08354569017490532,0.12,0.0,-0.019641423289537125,0.12
100.857646549,8.98846555373658,-0.0006226299010743889,-0.0003267123383311529,0.11999999999945388,8.969448067021078,-0.011069653678260433,-0.0024964382934957534,0.12437288823756987,8.993872968385528,0.005756041010608329,0.002934536768701453,0.12437288823756987,0.12,0.0,-0.016977122960919855,0.12
100.905673559,8.99254555317733,-0.0006247199059270473,-0.0006975663785964921,0.11999999999972033,9.0062450782265,-0.004173006404093179,-0.008088850436412944,0.10803780644046458,9.000270900963256,0.0036390352467411354,0.0005819019642999694,0.10803780644046458,0.12,0.0,-0.009423737983364539,0.12
100.956614172,9.000705549357416,-0.0006325422179640345,-0.0011654305290830554,0.11999999999963151,8.988395633868763,0.002646782014219213,-0.005843050859183949,0.09762692657298482,9.003097458470249,0.0048228812814858244,0.0006947065463087063,0.09762692657298482,0.12,0.0,-0.011695267380671974,0.12
101.006631474,9.004785546074562,-0.0006377123770453259,-0.0013661841701369266,0.11999999999972033,9.010478286451608,-0.0011127933292905338,-3.084170273311583e-05,0.1368218509248963,9.003097458470249,0.0048228812814858244,0.0006947065463087063,0.09762692657298482,0.12,0.0,-0.009227265209096683,0.12
101.056782735,9.008865541748605,-0.0006436502214814466,-0.0015387921812056893,0.11999999999927624,9.042524010597873,-0.005107454055586346,-0.007060413087748591,0.13661742281096473,9.02223912902836,0.0017147996758421049,-0.00225003729889625,0.13661742281096473,0.12,0.0,-0.003559493062398808,0.12
101.105662674,9.012945536565283,-0.0006501529038340598,-0.0016256754622970613,0.11999999999980915,9.01501785709176,-0.0008833238274065863,-0.0029372914250087494,0.12953105450142507,9.025703387025795,0.0011484593024380404,-0.0015465388995413913,0.12953105450142507,0.12,0.0,-0.0003644293165174437,0.12
101.155712174,9.017025531109372,-0.000656825224166188,-0.001638671580245051,0.11999999999963151,9.023810961271892,-0.009903877996763396,-0.00040402198796666926,0.1223634159772264,9.030736491684266,-0.0012024464637482516,-0.0014937803299073886,0.1223634159772264,0.12,0.0,0.0005099073553638171,0.12
101.206832012,9.021105525656266,-0.0006634958358708656,-0.0016286516613060443,0.11999999999927624,9.024892306031344,-0.010818599060349456,-0.00133957745867884,0.1349035661739971,9.033422721694327,-0.0032477380366329116,-0.0018436737924839685,0.1349035661739971,0.12,0.0,0.0021122741464078072,0.12
101.25567242,9.025185520451503,-0.000670012178495445,-0.0015563674759942938,0.11999999999972033,9.01614634577332,0.0187238257654453,0.0029118586920049917,0.11605024739115784,9.034533021526267,0.0014179565329951512,-0.0015669740436202943,0.11605024739115784,0.12,0.0,0.0034135817225763657,0.12
101.306348357,9.029265515820954,-0.0006761581935756713,-0.001467082926652016,0.11999999999972033,9.028340513787562,0.0018062378594327954,-0.0025980163931051824,0.11420527453627868,9.037155756933899,0.0014895036163429817,-0.0006926605133563802,0.11420527453627868,0.12,0.0,0.0007054565276969757,0.12
101.357753961,9.033345511539322,-0.0006820689334517968,-0.0014380782410344797,0.11999999999972033,9.02454739829492,-0.011902221390979604,-0.0013332560542930114,0.12334669637112182,9.039811198719432,-0.0013613380765974729,0.0006093811428253221,0.12334669637112182,0.12,0.0,0.00038099264888351823,0.12
101.40559794,9.037425507326184,-0.0006879322982663688,-0.001434473834116619,0.11999999999918742,9.04838512913833,0.016132599887986838,-0.0013610104976748702,0.11656320843758158,9.045880938807056,0.002349758190116062,0.00021216718700017097,0.11656320843758158,0.12,0.0,-0.001301754702331074,0.12
101.456331282,9.041505503144126,-0.0006937739916051177,-0.0014370725193797325,0.11999999999972033,9.043850265859517,-0.0044344841987441945,-0.008563035426105026,0.10675637713875061,9.049346989622608,0.0008937085220925907,-0.0014395672456177827,0.10675637713875061,0.12,0.0,-0.0008403643974291704,0.12
101.507579051,9.045585498833013,-0.000699704990090194,-0.0014690301844003013,0.11999999999972033,9.039898706478013,-0.0036739633016323577,-0.011134045893033198,0.12201848627131132,9.050939127623868,-9.999137610264253e-05,-0.002626438722981454,0.12201848627131132,0.12,0.0,0.0014917650630595848,0.12
101.556808579,9.04966549442432,-0.0007057028713019844,-0.0014604457727299051,0.11999999999972033,9.059951521530287,-0.011926677741291006,-0.011417676650210375,0.13508598702255725,9.058902950094186,-0.0026439307237536213,-0.004642930429359444,0.13508598702255725,0.12,0.0,0.006883645982662462,0.12
101.606324403,9.053745490209984,-0.0007115666197562661,-0.0013966981798404744,0.11999999999972033,9.063006010531689,0.007517944537805223,-0.003548361142864381,0.10272576088708725,9.06316893718778,-0.0005013419993393081,-0.0043319827248961785,0.10272576088708725,0.12,0.0,0.008755703287657379,0.12
101.655564381,9.061905483761782,-0.0007218010069778779,-0.0011118094500085648,0.11999999999918742,9.052538984413909,-0.00039381668643409344,-0.011524663756734579,0.09232037230157944,9.06375838438424,-0.0009235658754773429,-0.0037156052902139807,0.09232037230157944,0.12,0.0,0.0053415301739459286,0.12
101.711034416,9.065985481477528,-0.0007261166343096091,-0.0010057312049568641,0.11999999999963151,9.039151174027486,-0.010891743181198184,0.000854467935534222,0.11878048676557215,9.063111095016028,-0.0030486423667909174,-0.0023222975383486314,0.11878048676557215,0.12,0.0,0.006712695909676131,0.12
101.756859455,9.070065479654643,-0.0007299705943485293,-0.0008809819345532737,0.11999999999918742,9.062050786540615,-0.03478492398841849,0.004639841240332515,0.09560142321083359,9.063111095016028,-0.0030486423667909174,-0.0023222975383486314,0.11878048676557215,0.12,0.0,0.00761311559156428,0.12
101.806154137,9.074145478313655,-0.0007332736846918912,-0.0007242181873487149,0.11999999999972033,9.073976734637844,-0.003288305944828952,0.004566889260466057,0.09468472605938358,9.07160218224922,-0.0083947864332494,-0.00033406192695912195,0.09468472605938358,0.12,0.0,0.011915615047647737,0.12
101.856903666,9.078225477526944,-0.00073579438496789,-0.0005071412313902599,0.11999999999972033,9.077933821496785,0.003024762886145308,0.0059182875981884505,0.11693343019080962,9.077553826112084,-0.005964015921814416,0.001969355355546062,0.11693343019080962,0.12,0.0,0.009157317927156156,0.12
101.90756262,9.082305477189482,-0.0007374382556741811,-0.00031298594850155925,0.11999999999918742,9.091586341113196,-0.014551631159901646,-0.0033781010994498335,0.14651751398733726,9.085012207400512,-0.007787539320465951,0.0008396317327366917,0.14651751398733726,0.12,0.0,0.0081681877546137,0.12
101.957984541,9.086385477067392,-0.0007384218749143445,-0.00016749219528238506,0.11999999999918742,9.103924201829773,0.0014171777916242479,0.00715770458761854,0.11834832928033372,9.093699248157856,-0.005817103591828519,0.0018078074046941055,0.11834832928033372,0.12,0.0,0.007106113050089473,0.12
102.006570694,9.090465477047136,-0.0007387862098247881,-1.7116812211170475e-05,0.11999999999918742,9.090588711179395,-0.01708928708361774,0.0022937215398603733,0.09856587366094101,9.096131989193836,-0.008203405378610218,0.0022268573528004703,0.09856587366094101,0.12,0.0,0.007240157722518476,0.12
102.056461535,9.09454547704036,-0.0007386001876208308,0.00010755429660700269,0.11999999999972033,9.077604787843718,-0.008489055691121752,0.013549076946847424,0.1159305060964807,9.096305247451744,-0.00823708877442906,0.005551997354681233,0.1159305060964807,0.12,0.0,0.004115412318392516,0.12
102.114308373,9.09862547698094,-0.000737915655900829,0.00021428228471999,0.11999999999972033,9.10150488425232,-0.0010354280816967547,-0.017507997728841707,0.11742174328039683,9.102430171885775,-0.0067280644067168925,0.0017600221628367857,0.11742174328039683,0.12,0.0,0.004929338520497803,0.12
102.155980131,9.1027054768524,-0.0007368948988169737,0.0002880578260559231,0.11999999999972033,9.121010790893408,0.004090352835611032,-0.005230939242308813,0.10483027146519049,9.111144072887436,-0.004441428432355397,0.0017195938777155324,0.10483027146519049,0.12,0.0,0.004785483109659341,0.12
102.205731121,9.106785476615899,-0.0007355111577006032,0.0003892559099010788,0.11999999999980915,9.083841592676654,0.007641371349599745,0.0010323754093386306,0.13683232156640177,9.109203971290166,-0.001870882730136848,0.0011153897041579711,0.13683232156640177,0.12,0.0,0.0019817921512083657,0.12
102.255750663,9.11494547580176,-0.000731872031434214,0.00047726627167437376,0.11999999999972033,9.103599871844144,-0.006985587937941752,0.01242780508429591,0.13766728713640067,9.113223325746224,-0.0029269845929154334,0.0033388186916216765,0.13766728713640067,0.12,0.0,-0.00034742300832720023,0.12
102.306830708,9.119025475342578,-0.0007299364289021282,0.0004647198008980554,0.11999999999972033,9.128991349263218,0.010201875132091837,-0.004597341043414856,0.1290441596818919,9.1203625218315,-0.00014377230510902216,0.0018613198748609306,0.1290441596818919,0.12,0.0,-0.0020437812434802036,0.12
102.355852267,9.123105474931194,-0.0007281046811052392,0.0004404070967582608,0.11999999999972033,9.128791618946087,-0.015053857342010295,-0.013187048343013085,0.1125484825955135,9.123992702355077,-0.003262831761824661,-0.002526777011479327,0.1000411443783947,0.12,0.0,0.0028306956789552916,0.12
102.40595988,9.127185474456907,-0.0007261407246089606,0.0005366645070674245,0.11999999999963151,9.109511904828487,-0.0045680845281468145,0.003033327594537958,0.12429079796011246,9.129093033770713,-0.005540829559526236,-0.003725814269294535,0.12429079796011246,0.12,0.0,0.012080532789522584,0.12
102.455899938,9.131265473617507,-0.0007235351837955224,0.0007464394019908207,0.11999999999972033,9.164589447107865,0.011053115527705978,-0.006992213205779702,0.10571628810875458,9.139903582276858,-0.002039022983714792,-0.003571214957083648,0.10571628810875458,0.12,0.0,0.010932250194496871,0.12
102.506332257,9.13534547209128,-0.000720016753518405,0.0009737219185970517,0.11999999999980915,9.153627953939477,0.004526688477455836,-0.013293452437291926,0.1169668227002441,9.147398639640874,-0.0006827841774199506,-0.004292972023082135,0.1169668227002441,0.12,0.0,0.008972181176350577,0.12
102.555622085,9.139425469760091,-0.0007156605885472757,0.0011561507109709007,0.1199999999995427,9.135767049663869,-0.04599290880801279,0.007546245024177215,0.10688017508322728,9.149180432010871,-0.010296272360213876,-0.001044658547399641,0.10688017508322728,0.12,0.0,0.012060331190647831,0.12
102.609059101,9.143505466600697,-0.0007105879902219481,0.001345864551940041,0.11999999999972033,9.134857865511114,-0.0057260114475805495,0.013198792968385137,0.13322213249162335,9.151601662785223,-0.00930008019909824,0.0009036118612009552,0.13322213249162335,0.12,0.0,0.01281219132445802,0.12
102.655977578,9.147585462170802,-0.0007045831311404458,0.0015956621829413759,0.11999999999972033,9.132914924612358,-0.0005405608671943204,-0.005620553475168983,0.12846154049113606,9.152577504866525,-0.007448994854073064,-0.0009994650670027457,0.12846154049113606,0.12,0.0,0.012030262614801049,0.12
102.705875297,9.151665456193589,-0.0006976043828433105,0.001822923299321087,0.11999999999972033,9.134856309599027,-0.0009229773862444811,0.008967400105426066,0.14235737273427865,9.153926741845078,-0.006049374938861139,0.0017463853701965453,0.14235737273427865,0.12,0.0,0.009003523574393189,0.12
102.756344187,9.155745448554782,-0.0006897135859950949,0.0020404506439180023,0.1199999999995427,9.14673823684639,-0.009395505238668623,0.004537558943369428,0.12412995389167092,9.156109109294249,-0.006748009997659,0.0025288728868875757,0.12412995389167092,0.12,0.0,0.006459577795334768,0.12
102.806003688,9.159825439377272,-0.0006810616684643897,0.0021931049476703627,0.11999999999972033,9.151366978741853,0.00020996172889172241,-0.0003969615926235215,0.13321891606264707,9.159666468306229,-0.005264952827838438,0.0016250256371584987,0.13321891606264707,0.12,0.0,0.005177697581319778,0.12
102.856446434,9.163905428995001,-0.0006718584728263802,0.0023151575899087408,0.11999999999972033,9.165998477143281,-0.0011990329181615074,0.009197459590711457,0.09306842453816426,9.165187098804406,-0.004381285407685265,0.003456881554451,0.09306842453816426,0.12,0.0,0.00221005931424542,0.12
102.9057404,9.172065405768945,-0.0006523911092303473,0.0024137704434593235,0.11999999999972033,9.1794123503773,-0.008990883903929155,-0.009566754630591144,0.13460324697267062,9.178153462432713,-0.0009158923988170752,0.0024136000214982863,0.13460324697267062,0.12,0.0,-0.006912076242890629,0.12
102.956260681,9.172065405768945,-0.0006523911092303473,0.0024137704434593235,0.11999999999972033,9.1794123503773,-0.008990883903929155,-0.009566754630591144,0.13460324697267062,9.178153462432713,-0.0009158923988170752,0.0024136000214982863,0.13460324697267062,0.12,0.0,-0.004975425636371856,0.12
103.007017701,9.180225383776037,-0.0006334509942424448,0.002244367926865249,0.1199999999995427,9.157717431756607,0.018226851730071998,0.0010144125146517692,0.11900925427143477,9.182075019765323,0.0005616078332196977,0.0019081862331357103,0.11900925427143477,0.12,0.0,0.0003561235388495497,0.12
103.058731454,9.184305373529089,-0.000624306877972794,0.0022425100000557506,0.11999999999980915,9.16327387088655,0.005789955553490979,-0.006952733805269889,0.12737873460649246,9.18255170994321,0.0016647836479944046,-0.0005912585797469584,0.12737873460649246,0.12,0.0,-0.0014556359952154676,0.12
103.106891445,9.188385363398659,-0.0006152149568453394,0.0022146668313846106,0.11999999999972033,9.204289630627398,-4.9254553648061844e-05,0.004844422923221297,0.12634561909994763,9.190997348333731,0.0013106333036572487,-0.00039276383897563535,0.12634561909994763,0.12,0.0,-0.001412896951921876,0.12
103.159428906,9.19246535351099,-0.0006062326265492046,0.002188978277565219,0.11999999999972033,9.192051821469189,0.005124589055733149,-0.006422637144694156,0.09295371667685921,9.195184346060056,0.0021084169159684683,-0.0019631112431693918,0.09295371667685921,0.12,0.0,-0.0006764145924810955,0.12
103.206668763,9.196545343840675,-0.0005973495600809254,0.0021667372680982426,0.11999999999980915,9.18132822712542,-0.008650008467258307,0.002648139708197263,0.11050788370970471,9.195401498698708,-0.0001736898927022705,-0.0007809413290359806,0.11050788370970471,0.12,0.0,0.0003018063423026066,0.12
103.256091462,9.200625334276411,-0.0005885153022758772,0.002169346384005146,0.11999999999972033,9.2049747557909,0.0034817061611888004,-0.0006159163329057216,0.11893403522881553,9.202045363870706,0.0005987229576412873,-0.0007538223470996621,0.11893403522881553,0.12,0.0,0.0005080973794300248,0.12
103.30611564,9.204705324613682,-0.0005796356919423161,0.002182469877790551,0.11999999999972033,9.217917055736441,0.035562562584402456,-0.011289940453045171,0.1245658139504648,9.209340607817806,0.00799606267041851,-0.0026632835170086523,0.1245658139504648,0.12,0.0,-0.004639276443767551,0.12
103.362243309,9.212865305455534,-0.0005619547045634019,0.0021157447650858737,0.11999999999918742,9.198040456605336,-0.016478277787266557,0.002173503414908603,0.13136906465807038,9.212402161638675,0.00279963197402411,-0.002507501907195517,0.13136906465807038,0.12,0.0,-0.0024798025872483473,0.12
103.40663591,9.212865305455534,-0.0005619547045634019,0.0021157447650858737,0.11999999999918742,9.206357591644231,-0.02229337501194603,0.009072424530782048,0.11687700524300623,9.215367198844255,-0.0025142316806744123,0.000257825019465278,0.11687700524300623,0.12,0.0,0.0007003926349492225,0.12
103.458961782,9.221025287310933,-0.0005447467244723687,0.0021233503932672343,0.11999999999972033,9.215995165349607,0.02479650376119463,-0.005884212000929853,0.12622477957301792,9.220540130032493,0.0032715722971893837,-0.0015515148916048405,0.12622477957301792,0.12,0.0,-0.0008932185336806407,0.12
103.506176653,9.225105278132341,-0.0005360924243013861,0.0021145934081862,0.11999999999918742,9.218335408118643,0.023043706842500622,0.0009408139454468089,0.09294352897783315,9.222357915069761,0.003029555651245145,-0.0025928753422140806,0.09294352897783315,0.12,0.0,0.0035120589383097547,0.12
103.558790979,9.229185268766097,-0.0005273502813178936,0.0021628164569249373,0.11999999999972033,9.222282672022471,0.0033549135099235346,0.0031616081317766133,0.13606337116323472,9.226916795884936,0.0030959280212377476,-0.0007834280541156261,0.13606337116323472,0.12,0.0,-0.0008742759227318798,0.12
103.605712759,9.233265259150713,-0.0005184924483568178,0.0021697873573847046,0.11999999999972033,9.24831278297543,-0.011758849346179727,-0.0005138245188373761,0.11223161433956953,9.235728451520355,-5.9265488700933205e-05,-0.000725959180041779,0.11223161433956953,0.12,0.0,-0.00043953740759835875,0.12
103.655896356,9.237345249675496,-0.0005096994825503636,0.002141883327059684,0.11999999999972033,9.223248054143621,0.015250309928117295,0.008063199906484485,0.11439376645643766,9.236382654167391,0.0032017202895299702,0.0013112538051020888,0.11439376645643766,0.12,0.0,-0.0028109229727175996,0.12
103.706552491,9.241425240328821,-0.0005009662879240613,0.0021424193822097122,0.11999999999972033,9.244643611107211,-0.0008357203661620815,-0.00043340815404449687,0.1226965679261484,9.242020963595403,0.002346241701052919,0.0013228883697347003,0.1226965679261484,0.12,0.0,-0.003973341547687871,0.12
103.756276401,9.245505231212764,-0.0004923418305945456,0.0020784008789189205,0.11999999999918742,9.250448111025971,-0.004675288978033502,0.0036942682916068477,0.1277310662593874,9.2500546783142,0.0008705693314128903,0.0013871139526943892,0.1277310662593874,0.12,0.0,-0.004271564161510033,0.12
103.806172101,9.253665215008272,-0.0004760844931625026,0.0019145081643501007,0.11999999999972033,9.25571265071669,0.004010248106868701,0.0068621976347118,0.13805790747665017,9.25875434858304,0.0033497181103103214,0.0002781630146530894,0.13805790747665017,0.12,0.0,-0.00331507873348287,0.12
103.856380066,9.25774520778619,-0.0004684081719501498,0.001846622208540689,0.11999999999918742,9.263297550186461,0.016974719756672363,-0.0031097508950016645,0.12914419724562312,9.25875434858304,0.0033497181103103214,0.0002781630146530894,0.13805790747665017,0.12,0.0,-0.00449172033936299,0.12
103.905995037,9.261825201123417,-0.0004610353249004526,0.0017658258069483035,0.11999999999972033,9.26692748012802,-0.008390481590815676,-0.005784000746976633,0.12352786621549185,9.269156180009004,0.00312127374929909,-0.0021056770221486274,0.12352786621549185,0.12,0.0,-0.003734185832764322,0.12
103.956436093,9.265905195108044,-0.0004540300183323089,0.0016777538632933842,0.11999999999972033,9.23712011340388,0.03946102370820699,0.010812403191045079,0.11914434454695857,9.26599136621748,0.01084967921094394,8.110076611779829e-07,0.11914434454695857,0.12,0.0,-0.0024969071753051125,0.12
104.007329563,9.269985189565785,-0.00044730544934251535,0.0016072650553009098,0.11999999999972033,9.27917539845658,-0.014381197184841528,0.0004851608016168507,0.09916977425770243,9.271595262968347,0.005497961498919464,-0.0006982274735219274,0.09916977425770243,0.12,0.0,-0.007298437934459645,0.12
104.055750579,9.278145180828181,-0.0004353827105269878,0.0013242189242691075,0.11999999999927624,9.274638593107873,0.02209505188191586,0.007522680568428077,0.1089348109587771,9.2785157577034,0.006060635641812627,0.0033171370426295513,0.1089348109587771,0.12,0.0,-0.009732847646791398,0.12
104.106169766,9.282225177582303,-0.00043023890194723646,0.0011816397142538164,0.11999999999972033,9.276569015243355,0.016852569128072842,-0.00041728832995936173,0.10363101483788642,9.281270423613945,0.008355281590817549,0.002851831373343452,0.10363101483788642,0.12,0.0,-0.013890768300847468,0.12
104.157055009,9.28630517521053,-0.0004258475712600361,0.0009574083045046061,0.11999999999972033,9.256429648346886,0.012457808321960232,-0.004044538958477807,0.10725822867772673,9.279763116967995,0.00922769194941096,0.0005883210857492235,0.10725822867772673,0.12,0.0,-0.014703828069601847,0.12
104.205579002,9.290385173816132,-0.0004224900713721052,0.0006842981537741312,0.11999999999972033,9.287057323514853,0.020901887293628848,0.0005938290443922924,0.12329133254202028,9.285737772822513,0.011708150819641591,0.00033392775635825676,0.12329133254202028,0.12,0.0,-0.016215418228728032,0.12
104.259206094,9.294465173195704,-0.00042026480429429073,0.0004020122322067911,0.11999999999972033,9.298396132487614,-0.02717692655193236,-0.013354624660688789,0.09838252834863506,9.291762141143483,0.003437000572626669,-0.003112187364538732,0.09838252834863506,0.12,0.0,-0.004929211913693953,0.12
104.30732804,9.29854517304139,-0.00041918107131087585,0.0001617264585091882,0.11999999999972033,9.29370320027021,-0.001807066712094494,-0.006736454623727981,0.10504222115672258,9.296337344370043,0.0023059853831339182,-0.004288032574064926,0.10504222115672258,0.12,0.0,-0.0011193381132240852,0.12
104.357384973,9.302625173012398,-0.0004186991268798984,0.00010095125823199383,0.11999999999972033,9.2980840004776,0.008625280430802167,0.0009305440775676567,0.12165965171097293,9.301141352353602,0.0036384735270647032,-0.003693888792020817,0.12165965171097293,0.12,0.0,0.0009051588568233055,0.12
104.407026894,9.310785172958564,-0.00041776429701903013,0.00011508351421580752,0.11999999999972033,9.2958898994263,-0.022041075816864916,-0.003553196586770876,0.14882393666706178,9.306863874586055,0.003952316996315336,-0.00021034066341080827,0.1370539982274488,0.12,0.0,-0.0017958365894480367,0.12
104.455896269,9.314865172940939,-0.00041738852227459194,8.184847389212242e-05,0.11999999999972033,9.333631514254343,-0.004210445183233572,0.008401409020569591,0.10058115338450221,9.318582354202512,-0.0021172727051290002,0.00039105416176544555,0.10058115338450221,0.12,0.0,0.0024299236942185976,0.12
104.505750453,9.318945172920502,-0.00041698341180305314,0.0001214726491412773,0.11999999999972033,9.341732179870403,0.0012604223404081068,-0.003380068163058221,0.1397864142151419,9.329121837972343,-0.0014059998528708388,-0.0005382213165608658,0.1397864142151419,0.12,0.0,0.0024444307568058372,0.12
104.55563857,9.323025172877724,-0.000416395116194402,0.00016741367188768442,0.11999999999972033,9.314571865974967,0.016674944502654637,0.007113484774303878,0.11476528942807743,9.330296556571534,0.0024453395796011,0.0007448224245138164,0.11476528942807743,0.12,0.0,0.002670317468264762,0.12
104.607262329,9.327105172802332,-0.00041561291838628075,0.0002163676767220706,0.11999999999972033,9.317868857809268,-0.008776739325031521,0.010295074263180989,0.10703004693429477,9.331393672087467,8.344407964707822e-05,0.0033027655711127964,0.10703004693429477,0.12,0.0,-0.0006263313065373163,0.12
104.658825597,9.327105172802332,-0.00041561291838628075,0.0002163676767220706,0.11999999999972033,9.317868857809268,-0.008776739325031521,0.010295074263180989,0.10703004693429477,9.331393672087467,8.344407964707822e-05,0.0033027655711127964,0.10703004693429477,0.12,0.0,-0.00395894097750963,0.12
104.705850172,9.335265172686034,-0.0004142720271155727,8.965585932399977e-05,0.11999999999945388,9.32824491028467,0.03783046891142085,0.01129314545908945,0.08853136869520248,9.335868577212445,0.009647471580180865,0.003398367997042421,0.08853136869520248,0.12,0.0,-0.011296684826170342,0.12
104.755779266,9.335265172686034,-0.0004142720271155727,8.965585932399977e-05,0.11999999999945388,9.32824491028467,0.03783046891142085,0.01129314545908945,0.08853136869520248,9.335868577212445,0.009647471580180865,0.003398367997042421,0.08853136869520248,0.12,0.0,-0.01720538216189011,0.12
104.805661451,9.339345172677278,-0.00041426484513272754,-0.0001245846517622396,0.11999999999972033,9.330418895628688,0.01153270976768322,-0.002230116203562047,0.13288425118865688,9.342768639625882,0.010067855279843456,6.577438845768366e-05,0.13288425118865688,0.12,0.0,-0.016362245990677836,0.12
104.85689361,9.343425172489184,-0.0004154396536773801,-0.00045220834333933396,0.11999999999980915,9.357764393953207,0.01908469828384826,0.0009454693543379221,0.12451102635149468,9.351251150925066,0.011989740729568368,-0.0016439130683844365,0.12451102635149468,0.12,0.0,-0.014724052937777002,0.12
104.906453849,9.347505171748244,-0.0004178757769520699,-0.0007365593539957779,0.11999999999972033,9.33783334469086,0.014906030720511446,0.014634889191643546,0.1287040114956974,9.353541073108703,0.012638322273971629,0.0018449276488460345,0.1287040114956974,0.12,0.0,-0.017124399109493624,0.12
104.95558493,9.351585170179115,-0.00042143910358985296,-0.0010188361703711557,0.11999999999963151,9.337678414575583,0.023376805060732767,0.002050695896136643,0.10504614769133816,9.355005850157545,0.014927678533169461,0.0015516340298866542,0.10504614769133816,0.12,0.0,-0.02103210240084496,0.12
105.005634115,9.355665167261773,-0.00042630015907083426,-0.0013760917946200831,0.11999999999918742,9.36949966786177,0.013131706404495114,-0.0025228414083066967,0.1293378592493694,9.363145288811804,0.01454511705684148,0.0007185310365511546,0.1293378592493694,0.12,0.0,-0.021855393265837398,0.12
105.055652517,9.359745162149418,-0.0004327411153130774,-0.0017820111294104435,0.11999999999972033,9.355982773103038,-0.0062861238543104395,-0.009876667659014763,0.11894404590113074,9.365971648447614,0.010105306456671393,-0.0016947692924880041,0.11894404590113074,0.12,0.0,-0.017039683694623428,0.12
105.105605734,9.363825154112265,-0.000440826150915292,-0.002168260061970078,0.11999999999927624,9.396377995401044,-0.003993103353599879,-0.005955943075891857,0.13031744638417053,9.377335903431,0.007096286652332714,-0.0027584101689202955,0.13031744638417053,0.12,0.0,-0.010415904950695484,0.12
105.156453883,9.367905143245613,-0.0004502377438111277,-0.0024245581565938688,0.11999999999980915,9.353752710988793,0.004372871381312003,0.007469267819042618,0.12723636642097305,9.37770729299322,0.006528747925797883,-0.0014733891252365304,0.12723636642097305,0.12,0.0,-0.0074903801882371356,0.12
105.205750925,9.371985130474261,-0.0004604448388430638,-0.0025725441762835368,0.11999999999918742,9.34289050957366,-0.012090071065554292,0.0004926656065452047,0.129160222330267,9.375742856426443,0.0025733005280696953,-0.0008788971958875434,0.129160222330267,0.12,0.0,-0.0071304854339875115,0.12
105.255628767,9.376065116304162,-0.00047119698420840245,-0.002687859519300985,0.11999999999972033,9.362001686917878,-0.01652753967588471,-0.0025596346113273337,0.1279855365937541,9.377684180919122,-0.0014884163048959806,-0.0012395952335342712,0.1279855365937541,0.12,0.0,-0.002977191201179419,0.12
105.305660967,9.380145101203478,-0.0004822972701503923,-0.00274922739833063,0.11999999999972033,9.349496288399822,0.010772436613737278,0.005574653362663092,0.09582862622746778,9.375410823546321,0.0011208558882127352,0.0009065901874034781,0.09582862622746778,0.12,0.0,-0.0012918380369752209,0.12
105.35557568,9.384225085732055,-0.0004935332128155398,-0.002759863486283034,0.11999999999972033,9.394866702263686,-0.018749303878613486,-0.010388047563039432,0.11192221332821872,9.384106776629999,-0.003115595340217812,-0.0010578498058035567,0.11192221332821872,0.12,0.0,0.0016012878682667288,0.12
105.407240166,9.388305070044522,-0.0005048473262528881,-0.0027712656939750677,0.11999999999918742,9.394297542960341,-0.010538777746128181,-0.017234688099533584,0.13422938399725426,9.391509177143563,-0.004730779909624285,-0.004505958071125231,0.13422938399725426,0.12,0.0,0.008160446350697993,0.12
105.457599264,9.392385054746857,-0.0005160195185920705,-0.0026822123584364465,0.11999999999972033,9.417194783462701,0.00678201947974432,-0.015562335646680265,0.11669442951384677,9.400628708349252,-0.0023263422436565276,-0.006491200828009053,0.11669442951384677,0.12,0.0,0.010647583728430995,0.12
105.505754759,9.396465040983795,-0.000526614689000408,-0.00249570060738806,0.11999999999927624,9.409087331004518,-0.023517272475977496,-0.005353910677866854,0.11977864861852862,9.40734397850536,-0.006854655145590107,-0.005633202634423648,0.11977864861852862,0.12,0.0,0.01540235407033355,0.12
105.556006757,9.400545029468065,-0.000536303768854905,-0.002239750664378088,0.11999999999972033,9.393127812545787,-0.0009102462932181529,-0.011560429828322328,0.12264027130316695,9.410793306996457,-0.005642156991067619,-0.00729281978400691,0.12264027130316695,0.12,0.0,0.018069696851740917,0.12
105.60987557,9.404625020635816,-0.0005447843561961087,-0.0019107187877927775,0.11999999999972033,9.400448837603856,-0.014196981597778451,-0.007964552933020067,0.13845941104639076,9.414656249991971,-0.007504184291313255,-0.007253429859420957,0.13845941104639076,0.12,0.0,0.019102664444062775,0.12
105.659660082,9.404625020635816,-0.0005447843561961087,-0.0019107187877927775,0.11999999999972033,9.400448837603856,-0.014196981597778451,-0.007964552933020067,0.13845941104639076,9.414656249991971,-0.007504184291313255,-0.007253429859420957,0.13845941104639076,0.12,0.0,0.020988894994662832,0.12
105.706143323,9.408705014486266,-0.0005518552870230057,-0.0015484475893965419,0.11999999999918742,9.4144153911197,-0.0006005965011612078,0.004756869144372837,0.09455089144706907,9.419254173916093,-0.006045916588933954,-0.004418939726634106,0.09455089144706907,0.12,0.0,0.017475750874808058,0.12
105.755887689,9.412785010715913,-0.0005573830409194982,-0.0011602375203778835,0.11999999999972033,9.427578301058782,0.0010533699761458176,0.017051248868223828,0.1270416779278237,9.42574235788873,-0.004515171656529811,0.001096400740043886,0.1270416779278237,0.12,0.0,0.00842895083543466,0.12
105.806372568,9.416865008665956,-0.0005614584308867912,-0.0008698369042826227,0.11999999999972033,9.423613383099045,-0.011498321133610108,-0.0068935700578503945,0.12516956728447826,9.430201580855647,-0.006012544945680181,0.0005430628275318373,0.12516956728447826,0.12,0.0,0.007776626115591524,0.12
105.85695278,9.425025006592506,-0.0005672321128020812,-0.0005631715992100784,0.11999999999918742,9.436422460153326,0.016845197983870012,-0.012075284661814673,0.14184093535269116,9.437226391232727,0.000926866082373903,-0.0006278771366612845,0.14184093535269116,0.12,0.0,0.00271705130512271,0.12
105.907509846,9.429105006038842,-0.0005693557712509729,-0.0004904173746135379,0.11999999999972033,9.439658230020042,0.016529841911631284,-0.0010807922920137796,0.10778341921643138,9.44239633968135,0.004233214642315392,-0.0003122377844993813,0.10778341921643138,0.12,0.0,0.0006487506527826689,0.12
105.955662775,9.433185005568388,-0.0005713149564684488,-0.00047318188033344095,0.11999999999972033,9.415072950198892,-0.008261122224021355,-0.0006447508520774876,0.1339410114693622,9.441101623041769,0.001579144440928268,-0.00019462631926206282,0.1339410114693622,0.12,0.0,-0.002016191043405574,0.12
106.006052759,9.437265005075243,-0.0005733204041229214,-0.0005108778565599237,0.11999999999972033,9.447374724442083,0.006461771484828822,0.010505283323203331,0.1068856506167838,9.445557608044776,0.002635104156423187,0.001395582952404999,0.1068856506167838,0.12,0.0,-0.0037765545649582864,0.12
106.056178886,9.441345004503331,-0.0005754802376836522,-0.0005494238840814611,0.11999999999980915,9.441315185936203,0.012022486809453484,-0.0012981397280141399,0.12696448506703195,9.448349890915248,0.004627760316297108,0.00080518549474809,0.12696448506703195,0.12,0.0,-0.0065165818849098976,0.12
106.105744018,9.44950500282297,-0.0005806952587708931,-0.0007395417146730351,0.11999999999972033,9.447771884462178,-0.012478851599635857,0.0006279323554969316,0.11204114692387349,9.449949759542948,0.0021869411534441037,-0.0005712198013200953,0.13125823596634303,0.12,0.0,-0.003433212141415895,0.12
106.157953799,9.453585001593634,-0.0005838614906871764,-0.0008085835612587788,0.11999999999972033,9.471126690518934,0.02740268331230037,-0.0016256324448241616,0.12230794182281235,9.461090798881086,0.005081572273062376,-0.0007764522523604221,0.12230794182281235,0.12,0.0,-0.0029439939023840128,0.12
106.205830505,9.457665000216675,-0.000587213214125192,-0.0008439222970727353,0.11999999999918742,9.463344341107526,-0.012511237565281882,0.002105766285618007,0.1245474649247434,9.46560718368259,0.0013492094208593457,0.00026678876512955076,0.1245474649247434,0.12,0.0,-0.0033785874856203557,0.12
106.255601654,9.461744998634002,-0.0005908057397199466,-0.0009176044094725838,0.11999999999963151,9.46209708382442,-0.007663758967948546,0.004499625733942948,0.11787815293007653,9.468021459964433,-0.0005551895801097196,0.0009241092801648041,0.11787815293007653,0.12,0.0,-0.001507796639353702,0.12
106.309711906,9.465824996796597,-0.0005946771418843505,-0.000978221212914035,0.11999999999980915,9.452689162944251,0.0002758778550391402,-0.016598246076028188,0.13688321358004624,9.469946807501872,-0.00040777695502497414,-0.0023873411068095532,0.13688321358004624,0.12,0.0,0.0011397318592150866,0.12
106.355950539,9.469904994807537,-0.0005987058324313756,-0.0009845223979756885,0.11999999999972033,9.492688160858922,0.006331953578371902,0.012418567498595559,0.1040961752866535,9.478236421581919,0.0010404963502329515,0.0004974997825657519,0.1040961752866535,0.12,0.0,-0.0008177845825474626,0.12
106.406052468,9.47398499286466,-0.0006026874766374135,-0.000970712059614867,0.11999999999972033,9.476721221514458,0.0017761937697369343,-0.0073163469637307806,0.10719466355458201,9.482175432980084,0.0011865759891301526,-0.0019696405926546952,0.10719466355458201,0.12,0.0,0.0007624492184286495,0.12
106.456266728,9.47806499092212,-0.0006066687717628044,-0.0009832354180347115,0.11999999999972033,9.442619219000276,0.011836104923062082,-0.0015597838992725652,0.1110807177934761,9.478406818604212,0.003436625744923645,-0.0012302384209232815,0.1110807177934761,0.12,0.0,-0.001814141994106235,0.12
106.507653305,9.486224986899085,-0.000614770862044418,-0.0010245111679521989,0.11999999999972033,9.481849581426294,-0.0027229797929416836,0.004199317282885519,0.10540169705606818,9.483536444923255,0.0021334503552319036,0.0003212080134744492,0.10540169705606818,0.12,0.0,-0.0030506704991408755,0.12
106.556233069,9.486224986899085,-0.000614770862044418,-0.0010245111679521989,0.11999999999972033,9.472937353621786,0.0015331631750475259,0.01220060080433556,0.12553946483640646,9.48530344503501,0.002028608665879218,0.0031666096053831346,0.12553946483640646,0.12,0.0,-0.006423546103433096,0.12
106.60701554,9.490304984631438,-0.0006190716722967169,-0.0010976280630375498,0.11999999999945388,9.511098817444077,0.022792521693834073,0.006238794795450556,0.14375937767119507,9.499113545024805,0.006470315754927408,0.0036051724592581725,0.14375937767119507,0.12,0.0,-0.01041360791115826,0.12
106.656609076,9.49438498185807,-0.000623825610830309,-0.0012486209686056696,0.11999999999972033,9.487941848158338,-0.018820832522202343,-0.01245508211532695,0.11594191638439437,9.50166778211977,0.0010813791415560806,0.0003732206502445766,0.11594191638439437,0.12,0.0,-0.0076919478949764464,0.12
106.706564558,9.498464978125874,-0.0006293392243505364,-0.0014384471361170812,0.11999999999918742,9.479169756249673,-0.028352356770950247,-0.014972722130721646,0.10691291640211212,9.501613250903551,-0.00519841759167115,-0.0029156069427997504,0.10691291640211212,0.12,0.0,0.002606599141099157,0.12
106.756254053,9.502544973702397,-0.0006353469519808936,-0.001460280355905706,0.11999999999972033,9.555398018706095,0.008463919504339747,-0.014915927684465714,0.12841605724059668,9.51855158301952,-0.002345435284539719,-0.0046493327781877035,0.12841605724059668,0.12,0.0,0.006893168457653786,0.12
106.805963908,9.50662496975869,-0.0006410169651447274,-0.001310952502646178,0.11999999999972033,9.526120032291475,-0.008612781013399885,0.004271697320724062,0.12929137315201425,9.51855158301952,-0.002345435284539719,-0.0046493327781877035,0.12841605724059668,0.12,0.0,0.010052352749864542,0.12
106.855940591,9.510704966708868,-0.0006460010490443856,-0.0011298675970519644,0.11999999999972033,9.52742698361038,-0.02310155054127105,-0.010629904627723548,0.11943236678290142,9.529455138646258,-0.007824894275313707,-0.005100074582995545,0.11943236678290142,0.12,0.0,0.013808729471121994,0.12
106.905830291,9.514784964497428,-0.0006502435852171056,-0.0009392072683289491,0.11999999999972033,9.515988488847158,0.000888306406260869,-0.008525767969142329,0.10563382946435333,9.529858250564965,-0.00599851299398952,-0.005897482035944044,0.10563382946435333,0.12,0.0,0.017050070582619446,0.12
106.955712419,9.518864963162386,-0.0006535275890528108,-0.0006594848346994747,0.11999999999972033,9.51424439929328,-0.023338619771930857,0.01022108549730054,0.14065700001478718,9.531000124757455,-0.00967504834163253,-0.0022257075912218553,0.14065700001478718,0.12,0.0,0.01678113479162381,0.12
107.005647593,9.522944962630126,-0.0006555786710063039,-0.0003463883395536897,0.11999999999963151,9.49744462723,-0.03465871622139415,0.004728291156973511,0.1321914624488639,9.529986133494777,-0.014974629814232992,-0.0010894079368379897,0.1321914624488639,0.12,0.0,0.020642445150772,0.12
107.059423594,9.527024962541923,-0.0006563264366552162,-5.5811453971234526e-06,0.11999999999963151,9.501282873007142,-0.004307946148983983,0.005737297307381127,0.09014623755697394,9.527233177550562,-0.012704662793423714,0.0016246929954955689,0.09014623755697394,0.12,0.0,0.018650048855119807,0.12
107.107436742,9.53110496245368,-0.0006555920080207063,0.0003548465731028405,0.11999999999972033,9.545465042258567,0.009173907605638989,0.021530483292339128,0.11378233785365338,9.535780576370591,-0.008014373683533135,0.005637431111702926,0.11378233785365338,0.12,0.0,0.016951531013076313,0.12
107.156020285,9.53926496065551,-0.000650316291043287,0.0008668720454081206,0.11999999999972033,9.550234149304854,-0.018085709696086427,-0.005165485963723382,0.1378103861300039,9.54573267380196,-0.00968018408456668,0.00025890123991767163,0.1378103861300039,0.12,0.0,0.010748026510018736,0.12
107.205958014,9.54334495878068,-0.000646411326464484,0.0010545353706316568,0.11999999999972033,9.550990891370722,-0.004912362903540874,0.003308208754966145,0.10277098599719214,9.550027471109198,-0.008663019578956724,0.00102806089346648,0.10277098599719214,0.12,0.0,0.011310685609432311,0.12
107.256547143,9.547424956024422,-0.0006416754737392869,0.0012663082827540854,0.11999999999972033,9.569744523657345,0.006994118842854293,0.004922917655465196,0.13059096561313938,9.559854512569498,-0.005329264757489872,0.002748117084567482,0.13059096561313938,0.12,0.0,0.007443009970874787,0.12
107.306447625,9.551504952220654,-0.0006361084852118759,0.0014464930274517523,0.11999999999972033,9.55869601854048,-0.010560848015655428,0.0010302399989762815,0.1254979464584311,9.563841344227566,-0.006430892082472314,0.0022941077387957733,0.1254979464584311,0.12,0.0,0.0053516215919471475,0.12
107.355690585,9.555584947636696,-0.0006299936618793725,0.0015485784410698522,0.11999999999972033,9.549916460973192,0.02596605369069807,-0.0036194716842728844,0.11229182189732594,9.5651619739198,0.0004460126113033031,-0.0003272467103112589,0.11229182189732594,0.12,0.0,0.0028729515027837455,0.12
107.405652662,9.559664942443387,-0.0006234846777260377,0.0016316033384076668,0.11999999999972033,9.585460496737392,-0.020970276681973127,-0.002428029552967995,0.10097572385322258,9.573350441928607,-0.00410421535596243,-0.0006147820096184048,0.10097572385322258,0.12,0.0,0.003965852451221908,0.12
107.458587957,9.56374493688835,-0.0006167521411953683,0.0016748680587048532,0.11999999999972033,9.556325354811145,-0.019523669679563243,-0.0006733750194351906,0.13174318344710084,9.574385446371695,-0.00738134775130991,0.00018294169923526154,0.13174318344710084,0.12,0.0,0.007353930403425835,0.12
107.505843638,9.567824930879233,-0.0006097505025978212,0.0017663834524181989,0.1199999999995427,9.563435153614314,0.02317780584276403,0.004782412010897977,0.11828360393468702,9.575477556870203,-0.0008872441266314412,0.0009380778956072505,0.11828360393468702,0.12,0.0,0.002048857207109214,0.12
107.556081267,9.571904924096453,-0.0006023117849611297,0.0018602949198477936,0.1199999999995427,9.565753824751868,-0.00230537188873703,0.012341155720478897,0.11661148854841139,9.578645137965179,-0.0011628463785596707,0.004144325324493257,0.11661148854841139,0.12,0.0,-0.0028601156075948693,0.12
107.606392953,9.58006491009383,-0.0005871963057139458,0.0017750548420458,0.11999999999918742,9.563165504729932,0.03426192205925083,-0.00011152879851066715,0.12768102869508852,9.58036280459442,0.006364004682393697,0.004343672892730655,0.12768102869508852,0.12,0.0,-0.011859754027709637,0.12
107.655657055,9.584144904342306,-0.0005803500014124598,0.0015738893571613927,0.11999999999980915,9.558121038421072,0.005557929589212535,0.011031495885095255,0.09451761219639954,9.58120534489946,0.0017557559330393198,0.007009639430230305,0.09451761219639954,0.12,0.0,-0.010327677040108216,0.12
107.706685379,9.58822489989756,-0.0005743319957195257,0.0013784957455674142,0.11999999999972033,9.57828244102183,-0.02844062766481494,-0.00040369773783977925,0.11742486364132843,9.5840248960707,-0.004639545045878342,0.005344374277240266,0.11742486364132843,0.12,0.0,-0.011887953009562264,0.12
107.760157754,9.592304896562228,-0.0005691195436308135,0.0012008161393354975,0.1199999999995427,9.57828244102183,-0.02844062766481494,-0.00040369773783977925,0.11742486364132843,9.5840248960707,-0.004639545045878342,0.005344374277240266,0.11742486364132843,0.12,0.0,-0.004998009828505877,0.12
107.80625761,9.596384893810336,-0.0005643815934610677,0.0011276091335563592,0.11999999999972033,9.590728420396262,0.021576788833692982,-0.004668363161398559,0.11477370748905062,9.595841149649646,0.003974904080621608,4.8110195449976596e-05,0.11477370748905062,0.12,0.0,-0.004191925348717634,0.12
107.856022678,9.60046489135303,-0.0005599043823569134,0.001060992912858203,0.11999999999998678,9.599629440253194,0.02852914338479628,0.004381596976432362,0.11795319072971117,9.601687646332392,0.009193431919942536,0.001489086829249985,0.11795319072971117,0.12,0.0,-0.004873868545366208,0.12
107.90588039,9.604544889254376,-0.0005557677552685802,0.0009584737859120475,0.11999999999963151,9.613014976969685,-0.007743141912581209,0.003361340928912395,0.12794470620416631,9.608574008757353,0.005608308724073042,0.0024123212293469345,0.12794470620416631,0.12,0.0,-0.010612519149498954,0.12
107.956069887,9.608624887718303,-0.0005522343520544922,0.0007697678156457435,0.11999999999972033,9.599828771616068,-0.025405301042060225,-0.005641725447676846,0.14487650681958666,9.61128730316436,-0.0009784357272861121,0.0006858992203569341,0.14487650681958666,0.12,0.0,-0.005988626960324818,0.12
108.00575601,9.61270488678809,-0.0005494878925732334,0.0005944498350103581,0.11999999999972033,9.620908893107519,0.011411127914512523,0.00813786205814726,0.10723814027246327,9.618047141751884,0.0016676456435010087,0.002893770875910481,0.10723814027246327,0.12,0.0,-0.004918395608929879,0.12
108.05694954,9.61678488614711,-0.000547202320874152,0.0005218032595922787,0.11999999999865452,9.60187989327143,-0.020641958639155362,0.015648763234922734,0.11081739766909873,9.617822037478511,-0.0030343750719959905,0.005563234643026428,0.11081739766909873,0.12,0.0,-0.005866001950512817,0.12
108.106861604,9.620864885688652,-0.0005452718993726189,0.0004222735813424442,0.11999999999980915,9.623142122831,-0.004065599141054491,0.0008466592062126606,0.11263487796516722,9.623808594149432,-0.0032355677844101262,0.004675746584324793,0.11263487796516722,0.12,0.0,-0.004026442900641847,0.12
108.156513948,9.624944885401097,-0.000543744047387012,0.00033066378655856375,0.11999999999980915,9.628036902526345,0.03005075347012317,-0.0017103150026633591,0.13181280235587972,9.629435967632705,0.0038367963366029755,0.003690202203256786,0.13181280235587972,0.12,0.0,-0.006961919071311634,0.12
108.206534841,9.629024885222776,-0.0005425405213450194,0.00026161613063719984,0.11999999999972033,9.63331858228991,0.0032300208833356647,0.005395322244711034,0.12281873283401606,9.633703590213518,0.0037252463070451916,0.0034333411884341115,0.12281873283401606,0.12,0.0,-0.009566431299791846,0.12
108.256683307,9.633104885139401,-0.0005417325112518561,0.00012242634327749258,0.11999999999972033,9.636445043942972,0.008131468778515498,0.004146661757062571,0.1264339819665596,9.639542479036068,0.004680237317194007,0.0034098572396408645,0.1264339819665596,0.12,0.0,-0.011229748820291263,0.12
108.30889983,9.64126488506316,-0.000542299989347295,-0.00028865761835693206,0.11999999999972033,9.631587868822335,0.01608175207583505,0.0072378645623580274,0.10513278999585927,9.642428891537033,0.007124890937451816,0.003520794160024102,0.10513278999585927,0.12,0.0,-0.014487643989888298,0.12
108.356343496,9.645344884693985,-0.0005440072840959264,-0.0005506023167604448,0.11999999999945388,9.636464866816455,0.007239246278699935,0.0016610004445765357,0.11163956876690476,9.646822747949159,0.005992768044841937,0.002527631130595974,0.11163956876690476,0.12,0.0,-0.013198632548535115,0.12
108.407265596,9.649424883748935,-0.0005467685327477403,-0.0008006368025217412,0.11999999999972033,9.631221498240974,0.0038427634877337457,-0.004139022405802293,0.10718303831251991,9.646648217971551,0.005534020553271378,0.000989317713249751,0.10718303831251991,0.12,0.0,-0.012920296356096917,0.12
108.456124705,9.653504882014774,-0.000550520174234575,-0.0010322399330931259,0.11999999999972033,9.66132924629357,0.004875158428936967,-0.0020851577089272696,0.11770580893059022,9.65472869322279,0.0053939778995138075,0.0001328717006919331,0.11770580893059022,0.12,0.0,-0.00932105923011816,0.12
108.507025713,9.657584879401655,-0.0005551323529923963,-0.001222630360138321,0.11999999999972033,9.664843315224628,0.01157744740182762,-0.0009224433729627334,0.13764921066627087,9.661468766251252,0.006704117979332923,0.00018572260620521914,0.13764921066627087,0.12,0.0,-0.008994089322557316,0.12
108.556909534,9.661664875917873,-0.0005604606076460741,-0.0013881641549450248,0.11999999999972033,9.638980617349025,-0.001571201962983202,0.0016025432400668803,0.12994419743407912,9.660985455917883,0.00495427380696995,-0.0006737145781384864,0.12994419743407912,0.12,0.0,-0.0067355840385297724,0.12
108.607092513,9.665744871531066,-0.0005664410936422202,-0.0015357331181467975,0.11999999999936506,9.64309427142372,0.0027030904621813076,0.005992587495981154,0.1324275814362513,9.6632326259672,0.004487458360201509,0.0005876203079004485,0.1324275814362513,0.12,0.0,-0.00665890733540518,0.12
108.655748196,9.669824866329733,-0.0005729543779677248,-0.0016561125758107092,0.11999999999918742,9.649548799867185,0.01119236410938862,0.009765059295955196,0.10087460248850882,9.664437314750966,0.005933435504894926,0.0018008247102262586,0.10087460248850882,0.12,0.0,-0.008946573166934845,0.12
108.706030827,9.673904860293016,-0.0005799712136060164,-0.001789606607685766,0.11999999999980915,9.70283710450965,-0.02427218408687598,0.009878402193584514,0.12703343572854334,9.67733604244345,-0.0004482835520242057,0.002269170444860264,0.12703343572854334,0.12,0.0,-0.006906184985398236,0.12
108.755902197,9.677984853102783,-0.0005876282353517247,-0.0019561589889945715,0.11999999999963151,9.658089785112564,0.028703235164884253,-0.012018873749247495,0.13543956402051333,9.67797601640771,0.005718960448734113,-0.0006052533935625862,0.13543956402051333,0.12,0.0,-0.0059147547945469755,0.12
108.806384397,9.682064844850332,-0.0005958334403570972,-0.002062694602952306,0.11999999999963151,9.674370161418784,0.0030600060079020975,-0.017269401372646993,0.11086712417527847,9.681633523082091,0.005118843908762752,-0.004359167774938845,0.11086712417527847,0.12,0.0,-0.0036306270729010194,0.12
108.85716415,9.68614483568878,-0.000604478692936789,-0.0021705029642552338,0.11999999999972033,9.696177364533815,-0.02517411909741605,-0.00495130406873679,0.14541839673532353,9.690177723447354,-0.001335166988055786,-0.00445177172302964,0.14541839673532353,0.12,0.0,0.005121171137601499,0.12
108.906319067,9.69022482598171,-0.0006133785982029902,-0.002159915292132629,0.11999999999972033,9.70004799455719,0.00567586340313806,-0.0006383791412153299,0.13223642992481294,9.69771576242887,0.00013703915886569928,-0.003613255716495439,0.13223642992481294,0.12,0.0,0.006272862901111448,0.12
108.956968218,9.694304816923404,-0.000621974936426431,-0.0020463064849708056,0.11999999999865452,9.66777981512971,-0.0024399128509039903,-0.009415486336337051,0.12128936306849014,9.694818405205243,-0.0004351118388880962,-0.004318590282682208,0.12128936306849014,0.12,0.0,0.007142077974982116,0.12
109.010535143,9.698384808870518,-0.0006300799132332541,-0.0019241598550935,0.11999999999972033,9.692649478396262,0.04322947538544686,0.0016121659328825,0.12146675183971857,9.69937653368328,0.008823792881075881,-0.00376279425775748,0.12146675183971857,0.12,0.0,0.0010790193324390182,0.12
109.058511354,9.706544795069556,-0.0006450851757433354,-0.0018390886268866815,0.11999999999963151,9.685819705426388,0.0005823734846491702,0.0025293657893660504,0.13218860935773757,9.703707653389325,0.011709455103376329,-0.003291849142609008,0.13218860935773757,0.0,0.0,-0.010453285379551805,0.0
109.108898151,9.707744792994692,-0.0006473167722105688,-0.00188024096199536,0.0,9.717838552286334,0.007119113112497897,0.00683665261338152,0.0012753431662940193,9.70675473933873,0.010746549945553966,-0.000771326932172882,0.0012753431662940193,0.0,0.0,-0.010710400748098342,0.0
109.156380868,9.707744792994692,-0.0006473167722105688,-0.00188024096199536,0.0,9.717620435632737,-0.017621890562579835,0.0005721760222490191,6.247285365672305e-05,9.7090623320097,0.004728197187128619,-0.0005962668692528899,6.247285365672305e-05,0.0,0.0,-0.013072118583767958,0.0
109.205750278,9.707744792994692,-0.0006473167722105688,-0.00188024096199536,0.0,9.688598208395113,-0.007332287995924568,-0.0011767296607857122,0.0175802173511158,9.705341153814533,0.0021684101797148914,-0.0006359119950693078,0.0175802173511158,0.0,0.0,-0.005814389624413245,0.0
109.255635076,9.707744792994692,-0.0006473167722105688,-0.00188024096199536,0.0,9.690339925556167,-0.011352475764298056,0.012214351314751704,0.013732088103810816,9.702650464083444,-0.000695322136402745,0.002149977108967073,0.013732088103810816,0.0,0.0,-0.0034130704839296067,0.0
109.306288142,9.707744792994692,-0.0006473167722105688,-0.00188024096199536,0.0,9.694856727457553,0.00839112330535757,-0.0022091029794692515,0.0,9.700996819067173,0.0012313371810558028,0.0016293277932221317,0.0,0.0,0.0,-0.004224954154760184,0.0
109.355607469,9.707744792994692,-0.0006473167722105688,-0.00188024096199536,0.0,9.694487392007336,0.0033674161806956818,-0.006478129429400772,0.008790306644887422,9.699971142922113,0.0016834451702636062,-0.0004968735515337912,0.008790306644887422,0.12,0.0,-0.0026022580149491384,0.0
109.405622241,9.707744792994692,-0.0006473167722105688,-0.00188024096199536,0.0,9.71460158577937,-0.031485128640512845,0.011444928730407347,0.00545761212393664,9.703260536643262,-0.005352141286214335,0.001646879592858623,0.00545761212393664,0.0,0.0,0.0033477430023976873,0.0
109.457910435,9.709664789620229,-0.0006509164735209796,-0.001869450099917072,0.0,9.683953332916941,0.0021335928575781328,-0.006144842918727567,0.0004992565118585861,9.703346147851372,0.00017462988161136408,0.001381726046351955,0.0004992565118585861,0.0,0.0,-0.0003170618637545102,0.0
109.505654129,9.709664789620229,-0.0006509164735209796,-0.001869450099917072,0.0,9.728339018188098,0.009799583870138556,0.00229469504519417,0.019110892220174487,9.709530675744643,0.0022185565526474994,0.0013571506329120566,0.019110892220174487,0.0,0.0,-0.002128618698238342,0.0
109.555638642,9.709664789620229,-0.0006509164735209796,-0.001869450099917072,0.0,9.73259005314194,-0.021102721282342203,-0.012812579794954392,0.017582579943352626,9.71502454022729,-0.0027340546976285,-0.0016202836695033847,0.017582579943352626,0.0,0.0,-0.004634385976312225,0.0
109.606736405,9.709664789620494,-0.0006509164735214861,-0.0018694501000290596,0.0,9.72736553346083,-0.012104007078226344,-0.008726790772407109,0.004946030014380842,9.717815821966624,-0.004724218660665574,-0.0031758903618050037,0.004946030014380842,0.0,0.0,0.006010423047851542,0.0
109.657812079,9.709664789620494,-0.0006509164735214861,-0.0018694501000290596,0.0,9.679251421952834,-0.010582318375239336,-0.006647379407223233,0.01676954022763158,9.710181196233014,-0.0059699177664730724,-0.0034710146849906373,0.01676954022763158,0.0,0.0,0.011743901165006516,0.0
109.706538279,9.709664789620494,-0.0006509164735214861,-0.0018694501000290596,0.0,9.71800922697497,-0.007212520430590852,0.005231287412595749,0.0,9.711842114868704,-0.006232350126775998,-0.0009559754485549603,0.0,0.0,0.0,0.012466513149093413,0.0
109.756275683,9.709664789620494,-0.0006509164735214861,-0.0018694501000290596,0.0,9.690845272843328,0.011260789038947271,0.0006319072806268869,0.0,9.707387095157948,-0.002520530469733444,-0.0009670405436143343,0.0,0.0,0.0,0.007663234229034855,0.0
109.807025705,9.709664789620494,-0.0006509164735214861,-0.0018694501000290596,0.0,9.724695303685545,0.02415691138984741,-0.004019461455095405,0.0,9.712218356264914,-0.0013093585988119888,-0.0030092256862909715,0.0,0.0,0.0,0.012722996054728736,0.0
109.856555379,9.709664789620494,-0.0006509164735214861,-0.0018694501000290596,0.0,9.696682955195328,-0.009436110113677763,0.01665659966060183,0.0,9.708922122074693,-0.0030329247365353893,0.0016774349945411664,0.0,0.0,0.0,0.0057434698005173306,0.0
109.905993173,9.709664789620494,-0.0006509164735214861,-0.0018694501000290596,0.0,9.713567067510537,-0.014092828526675918,0.0015154710515246632,0.0,9.709907666666426,-0.005379559552979824,0.001232095167163069,0.0,0.0,0.0,0.004134843863764458,0.0
109.955654369,9.709664789620494,-0.0006509164735214861,-0.0018694501000290596,0.0,9.707814612699346,0.006052144689063012,-0.009850131662276747,0.0,9.708529557399878,5.5093048960438984e-05,-0.003716467601025482,0.0,0.0,0.0,0.00591057197484637,0.0
110.009114888,9.709664789620494,-0.0006509164735214861,-0.0018694501000290596,0.0,9.70357578905559,0.0012705528753701179,0.003279878550396272,0.0,9.707478487881275,0.0003132313636031284,-0.0031197623266025027,0.0,0.0,0.0,0.0058870042637550754,0.0
110.056657099,9.709664789620494,-0.0006509164735214861,-0.0018694501000290596,0.0,9.713696247253582,-0.011289028197440302,-0.008977443728164392,0.023902364619554528,9.709440458732244,-0.0021512008282381133,-0.004562648385094193,0.023902364619554528,0.0,0.0,0.009083359025600913,0.0
110.107032001,9.709664789620494,-0.0006509164735214861,-0.0018694501000290596,0.0,9.712027640115773,-0.0321490448397655,-0.013025561907389268,0.02018860907167861,9.710811082797997,-0.008521283073952694,-0.007519016256585421,0.02018860907167861,0.0,0.0,0.01654448286466729,0.0
110.162063138,9.709664789620494,-0.0006509164735214861,-0.0018694501000290596,0.0,9.688531382046147,0.01025058228752768,-0.010362288601455782,0.022062722933564673,9.707064232290024,-0.004546683992795565,-0.00777781875365987,0.022062722933564673,0.0,0.0,0.02290509093747137,0.0
110.205928639,9.709664789620494,-0.0006509164735214861,-0.0018694501000290596,0.0,9.687560281766709,-0.007247064721505842,0.009385077527359745,0.008103659459200793,9.703289643683435,-0.00511822463120707,-0.004229956471595712,0.008103659459200793,0.0,0.0,0.018106173081764897,0.0
110.261012343,9.709664789620494,-0.0006509164735214861,-0.0018694501000290596,0.0,9.692316713581645,-0.018860145013470605,0.0033924261767852557,0.00017638566226336718,9.700967803906014,-0.008032876666199285,-0.002154842629699472,0.00017638566226336718,0.0,0.0,0.016689003214684323,0.0
110.311986186,9.709664789620494,-0.0006509164735214861,-0.0018694501000290596,0.0,9.734259357434366,-0.007499511945544091,-0.0007801500145562369,0.0,9.708031463343238,-0.007919629937065159,-0.0014380350087073725,0.0,0.0,0.0,0.016085097340842975,0.0
110.356414693,9.709664789620494,-0.0006509164735214861,-0.0018694501000290596,0.0,9.69627801122121,-0.00013672642477576729,-0.010497224477461618,0.0,9.705537663417184,-0.0062687463332789,-0.004365376583542976,0.0,0.0,0.0,0.01607604982249473,0.0
110.408073141,9.709664789620494,-0.0006509164735214861,-0.0018694501000290596,0.0,9.7142597740121,-0.0028444767339478494,-0.0014665936365831807,0.0,9.707388283807708,-0.0055421359424841785,-0.002826417281704424,0.0,0.0,0.0,0.014202148365421486,0.0
110.459808955,9.709664789620494,-0.0006509164735214861,-0.0018694501000290596,0.0,9.7075340219397,-0.018824810497247827,0.0023406829913289753,0.0,9.707419206687035,-0.008360272111852056,-0.0019892001823597445,0.0,0.0,0.0,0.015061300512009487,0.0
110.506785709,9.709664789620494,-0.0006509164735214861,-0.0018694501000290596,0.0,9.717198917583092,-0.017603463467243678,-0.011840529505998832,0.0009850981971757714,9.709540428618135,-0.01032176800422397,-0.003801635016792471,0.0009850981971757714,0.0,0.0,0.018822411644980473,0.0
110.555642022,9.709664789620494,-0.0006509164735214861,-0.0018694501000290596,0.0,9.717604895005522,0.004175428482751695,0.00874647113766817,0.0,9.71125151334436,-0.007245635018546865,-0.001694966848801785,0.0,0.0,0.0,0.01772327523089805,0.0
110.60679798,9.709664789620494,-0.0006509164735214861,-0.0018694501000290596,0.0,9.68661319452287,-0.004212728648943168,-0.002049145864086381,0.0,9.71125151334436,-0.007245635018546865,-0.001694966848801785,0.0,0.0,0.0,0.016184801028568202,0.0
110.655677632,9.709664789620494,-0.0006509164735214861,-0.0018694501000290596,0.0,9.721210264875294,-0.02041785583088677,0.004046181743232693,0.0,9.709246046767776,-0.009533470601688186,-0.00011797082348732522,0.0,0.0,0.0,0.014546491316805589,0.0
110.706455747,9.709664789620494,-0.0006509164735214861,-0.0018694501000290596,0.0,9.717524732157312,0.01659342344044191,0.004007674054501709,0.007302944443782776,9.711245877321508,-0.003989876202925601,0.0016683444720643169,0.007302944443782776,0.0,0.0,0.00989345549470513,0.0
110.755908877,9.709664789620494,-0.0006509164735214861,-0.0018694501000290596,0.0,9.691817850612889,0.0037833511009225233,0.0013221972956140794,0.006970831486772327,9.707385736231991,-0.0023401167102833874,0.0009670822375631528,0.006970831486772327,0.0,0.0,0.004900652337007124,0.0
110.805809078,9.709664789620494,-0.0006509164735214861,-0.0018694501000290596,0.0,9.693045341027394,-0.017506680696599754,-0.007858434053911664,0.0042293742896179634,9.704518266597196,-0.005558547755323075,-0.001167219161860508,0.0042293742896179634,0.0,0.0,0.0068686113180647535,0.0
110.856086849,9.709664789620494,-0.0006509164735214861,-0.0018694501000290596,0.0,9.717876178369089,0.01999929253302804,-0.002494727523813145,0.002139646592087644,9.707442242421363,-0.00013603240178252773,-0.0007550884670320665,0.002139646592087644,0.0,0.0,0.005382707613613471,0.0
110.906069506,9.709664789620494,-0.0006509164735214861,-0.0018694501000290596,0.0,9.726143282855022,-0.0224852440254595,0.016260884173772375,0.012156652614345582,9.711862462914567,-0.004876362133115642,0.00252151668927936,0.012156652614345582,0.0,0.0,0.003676570395997481,0.0
110.959065076,9.709664789620494,-0.0006509164735214861,-0.0018694501000290596,0.0,9.708875854350438,-0.007615377674345945,-0.0059120203087598185,0.005017701728540369,9.711386927340834,-0.005457845919656016,3.4041840948705916e-05,0.005017701728540369,0.0,0.0,0.005949681211460771,0.0
111.007356118,9.709664789620494,-0.0006509164735214861,-0.0018694501000290596,0.0,9.719098473106213,0.007919274976975053,0.005220629594823217,0.007767204616791933,9.713363883866027,-0.0026187729273220634,0.00010440611058658355,0.007767204616791933,0.0,0.0,0.005757883119400306,0.0
111.055794411,9.709664789620494,-0.0006509164735214861,-0.0018694501000290596,0.0,9.690621481965886,-0.010867411779032495,-0.0037419452450373255,0.013273906174917657,9.708977675049972,-0.004369481389580053,-0.0005478837110956877,0.013273906174917657,0.0,0.0,0.0072294596522016535,0.0
111.106414447,9.709664789620494,-0.0006509164735214861,-0.0018694501000290596,0.0,9.724462314809694,0.0152373397027305,-0.00785765576570464,0.0025474964932434177,9.712331758736486,-0.00021010234231233754,-0.0026350952588687897,0.0025474964932434177,0.0,0.0,0.005362152058876805,0.0
111.156578812,9.709664789620494,-0.0006509164735214861,-0.0018694501000290596,0.0,9.686615370625145,-0.022071247805884826,-0.007070539517958452,0.0,9.706875365906788,-0.004848737132091849,-0.004218860877486658,0.0,0.0,0.0,0.011741381820672258,0.0
111.205638936,9.709664789620494,-0.0006509164735214861,-0.0018694501000290596,0.0,9.714147749211959,-0.007284938211820123,-0.002233888522078958,0.0,9.701742758672701,-0.005128929711847545,-0.006162454214100919,0.005643010652611096,0.0,0.0,0.01615282397913216,0.0
111.255750338,9.709664789620494,-0.0006509164735214861,-0.0018694501000290596,0.0,9.71970343934681,-0.008457066921617047,-0.00720706636390632,0.0,9.707627162184188,-0.006195385216896949,-0.005855718406880873,0.0,0.0,0.0,0.016779179068492484,0.0
111.3064022,9.709664789620494,-0.0006509164735214861,-0.0018694501000290596,0.0,9.71767348645473,-0.024057180808462753,0.00045227110554944654,0.0037002454254847876,9.709871595925083,-0.009985614027297394,-0.005217034461535348,0.0037002454254847876,0.0,0.0,0.0207931536053209,0.0
111.355518635,9.709664789620494,-0.0006509164735214861,-0.0018694501000290596,0.0,9.710698047804799,0.023244515098917447,-0.0189867313202789,0.017821892083421664,9.710590963372935,-0.00293946047203134,-0.007702207583662156,0.017821892083421664,0.0,0.0,0.0199718267506602,0.0
111.406760214,9.709664789620494,-0.0006509164735214861,-0.0018694501000290596,0.0,9.69884218916721,0.0281746174769441,-0.0024500997284213014,0.008449755821696481,9.708350086849636,0.0036608436790555123,-0.006556691851449677,0.008449755821696481,0.0,0.0,0.009273290874046377,0.0
111.455769538,9.709664789620494,-0.0006509164735214861,-0.0018694501000290596,0.0,9.719414867367037,0.0331566659750511,-0.008819275623361447,0.0,9.710697763129255,0.009918913669515188,-0.00625117636529764,0.0,0.0,0.0,-0.0012870951412268165,0.0
111.510340004,9.709664789620494,-0.0006509164735214861,-0.0018694501000290596,0.0,9.695659831617167,-0.022955474217906096,-0.012536252722457727,0.003972312323975606,9.70671390695333,0.002361836306949374,-0.007329218384871353,0.003972312323975606,0.0,0.0,-0.003529703385691389,0.0
111.557496824,9.709664789620494,-0.0006509164735214861,-0.0018694501000290596,0.0,9.70156166759188,-0.003259206573966862,-0.004709178971800351,0.0,9.705620727725336,0.0011693229212142726,-0.006512078213095012,0.0,0.0,0.0,0.006308516411779777,0.0
111.607571215,9.709664789620494,-0.0006509164735214861,-0.0018694501000290596,0.0,9.697299392799659,-0.012268681481297375,-0.003109228174076907,0.0026478357297635164,9.703936455588945,-0.0016822271273605359,-0.006206464134733741,0.0026478357297635164,0.0,0.0,0.009703912634285482,0.0
111.658390438,9.709664789620494,-0.0006509164735214861,-0.0018694501000290596,0.0,9.743664093928933,0.00915997999669944,0.0007214961802433323,0.0,9.713036937586258,0.0042840844997915056,-0.004027088057784316,0.0,0.0,0.0,0.004415027992781935,0.0
111.705719119,9.709664789620494,-0.0006509164735214861,-0.0018694501000290596,0.0,9.720454502817951,-0.02096595133667539,-0.009512720111141102,0.0015126731828842177,9.714659601272427,-0.001073661848149587,-0.00616875019218096,0.0015126731828842177,0.0,0.0,0.006448337854433023,0.0
111.756278246,9.709664789620494,-0.0006509164735214861,-0.0018694501000290596,0.0,9.679418104126924,-0.006143552943103597,-0.013461472129521661,0.005518958865841818,9.707341440205159,-0.002150658703161975,-0.007706156463805029,0.005518958865841818,0.0,0.0,0.011915517759214464,0.0
111.80784081,9.709664789620494,-0.0006509164735214861,-0.0018694501000290596,0.0,9.695410138170645,-0.012642744440032013,-0.009284691411976291,0.0,9.704809907593043,-0.004376851180897156,-0.008479032749455053,0.0,0.0,0.0,0.016763924482873883,0.0
111.857807836,9.709664789620494,-0.0006509164735214861,-0.0018694501000290596,0.0,9.711703539422322,0.012309219246476724,-0.00033333671688730743,0.0,9.706272569557438,-0.0008363449939920967,-0.0065325357423502714,0.0,0.0,0.0,0.01546758263062945,0.0
111.906119588,9.709664789620494,-0.0006509164735214861,-0.0018694501000290596,0.0,9.691562948135374,-0.021074475066120122,0.001635166020903349,0.0,9.70315154578581,-0.005130288793689642,-0.005885366022600576,0.0,0.0,0.0,0.01381276421758866,0.0
111.95553628,9.709664789620494,-0.0006509164735214861,-0.0018694501000290596,0.0,9.71060989298269,-0.00898135744435537,-0.01692235217546247,0.0016106468585247596,9.704801697306472,-0.005947958763727887,-0.009357483888802816,0.0016106468585247596,0.0,0.0,0.020079226280901308,0.0
112.006888805,9.709664789620494,-0.0006509164735214861,-0.0018694501000290596,0.0,9.71212148679266,-0.021693567223285984,0.002981808020716036,0.043659120798605705,9.708087706555517,-0.009301543850457282,-0.0061330890464043955,0.043659120798605705,0.0,0.0,0.023247291444694708,0.0
112.055640603,9.709664789620494,-0.0006509164735214861,-0.0018694501000290596,0.0,9.74866929854522,-0.005870484511676858,-0.0015367241977124132,0.014411061357184918,9.717236446063295,-0.008575664290679585,-0.004930125112748938,0.014411061357184918,0.0,0.0,0.02286792931117267,0.0
112.106895258,9.709664789620494,-0.0006509164735214861,-0.0018694501000290596,0.0,9.713552146926407,-0.013743926674258744,-0.0007176434409921726,0.0,9.716454733384401,-0.00967150244487747,-0.004130173544742778,0.0,0.0,0.0,0.022202279101700965,0.0
112.155659605,9.709664789620494,-0.0006509164735214861,-0.0018694501000290596,0.0,9.737059832479444,-0.008031049857679641,-0.011580220729082555,0.003189486064163679,9.720947368140264,-0.009325019460351325,-0.004846878928275568,0.003189486064163679,0.0,0.0,0.022384616173959662,0.0
112.206015676,9.709664789620494,-0.0006509164735214861,-0.0018694501000290596,0.0,9.722135491699943,-0.03234220594280193,0.0162264070008329,0.0,9.721199471774945,-0.01420703277260769,-0.0005789708469895061,0.0,0.0,0.0,0.022955700228533646,0.0
112.255566948,9.709664789620494,-0.0006509164735214861,-0.0018694501000290596,0.0,9.717591883118038,-0.01458665834353158,0.0006390683857104641,0.0,9.72043402969716,-0.014287500989175483,-0.0006382545974562868,0.0,0.0,0.0,0.02363815481998094,0.0
112.311037801,9.709664789620494,-0.0006509164735214861,-0.0018694501000290596,0.0,9.716060959934063,-0.00036498638067398314,-0.01327825221160841,0.006396614343547997,9.719716394409303,-0.011334451531389336,-0.003204169875739893,0.006396614343547997,0.0,0.0,0.02346789809150813,0.0
112.355849532,9.709664789620494,-0.0006509164735214861,-0.0018694501000290596,0.0,9.709534500275362,-0.007379319423670653,0.006326671841791312,0.019944183973939923,9.71823554915615,-0.010496032052615758,-0.0008923421238979136,0.019944183973939923,0.0,0.0,0.02105476037848273,0.0
112.406900075,9.709664789620494,-0.0006509164735214861,-0.0018694501000290596,0.0,9.71277851407586,-0.02104435023639404,0.009346160807478127,0.0,9.717077701972926,-0.012733210613119456,0.0017771321066884782,0.0,0.0,0.0,0.018208176825331327,0.0
112.45611908,9.709664789620494,-0.0006509164735214861,-0.0018694501000290596,0.0,9.698696850361339,-0.0006266411980481029,-0.0009313947959495645,0.012868395962997346,9.71376669986738,-0.01016391549768876,0.0014353227102693329,0.012868395962997346,0.0,0.0,0.015248083277244716,0.0
112.505914894,9.709664789620494,-0.0006509164735214861,-0.0018694501000290596,0.0,9.722895800688205,0.013090225339664582,-0.005496742591915121,0.0,9.711905603211349,-0.00498589670050676,0.003112266036908968,0.0,0.0,0.0,0.0067033989809239325,0.0
112.556216954,9.709664789620494,-0.0006509164735214861,-0.0018694501000290596,0.0,9.716325942960582,-0.008205485564465544,-0.01753164018484808,0.007685339504774222,9.714999617759391,-0.0026491392934148428,-0.0027968961082727923,0.007685339504774222,0.0,0.0,0.0017579970512472626,0.0
112.605915565,9.709664789620494,-0.0006509164735214861,-0.0018694501000290596,0.0,9.699202350088738,0.014552927073436634,-0.0040947439536608635,0.0028048116480435662,9.711749969158756,0.0010004356592457015,-0.004082953906507935,0.0028048116480435662,0.0,0.0,0.004888032444907878,0.0
112.655784726,9.709664789620494,-0.0006509164735214861,-0.0018694501000290596,0.0,9.70451612529673,-0.0014368821093641328,-0.00740049664543958,0.044774220181593966,9.711696940306233,0.0004764876658517762,-0.005369086141502886,0.044774220181593966,0.0,0.0,0.0067427379864178835,0.0
112.706468103,9.709664789620494,-0.0006509164735214861,-0.0018694501000290596,0.0,9.71118684516346,-0.007272332691243232,0.006156185883432732,0.0,9.711588717848471,-0.001165501630864371,-0.003037215458224089,0.0,0.0,0.0,0.007003102605227298,0.0
112.755715475,9.709664789620494,-0.0006509164735214861,-0.0018694501000290596,0.0,9.713601121484025,-0.008294450093942038,0.004648310906548711,0.007774486341231119,9.712378495245948,-0.002677824181184215,-0.0015727925233297217,0.007774486341231119,0.0,0.0,0.006808669301784119,0.0
112.805781657,9.709664789620494,-0.0006509164735214861,-0.0018694501000290596,0.0,9.733631220610885,0.009841911378660842,0.006282133560588923,0.009465980414489142,9.717180494315695,-2.0642616213547606e-05,-2.550943729685276e-05,0.009465980414489142,0.0,0.0,0.003776089668635236,0.0
112.856633669,9.709664789620494,-0.0006509164735214861,-0.0018694501000290596,0.0,9.731581677033253,0.02296180082081537,-0.005672578710996408,0.03068807035981327,9.721099969118503,0.004853965948481509,-0.00013842731733635857,0.03068807035981327,0.0,0.0,-0.004120165080202197,0.0
112.907045052,9.709664789620494,-0.0006509164735214861,-0.0018694501000290596,0.0,9.703947684457514,0.035868104001124834,0.007889644246136744,0.0,9.71746067243779,0.011435700486324654,0.0011709022187560026,0.0,0.0,0.0,-0.012189499883099423,0.0
112.956020886,9.709664789620494,-0.0006509164735214861,-0.0018694501000290596,0.0,9.699082309506059,-0.010345355748075763,-0.02223537444342873,0.0,9.71356122780451,0.006812103976271839,-0.0037697747078823344,0.0,0.0,0.0,-0.0070822621578800204,0.0
113.006494538,9.709664789620494,-0.0006509164735214861,-0.0018694501000290596,0.0,9.71330780800252,0.023487624825917847,0.009148357513711364,0.02286550329249668,9.714438472380305,0.010349271755012568,-0.00019226326499359415,0.02286550329249668,0.0,0.0,-0.013476550319908302,0.0
113.055805574,9.709664789620494,-0.0006509164735214861,-0.0018694501000290596,0.0,9.70753888718228,-0.008054871380864772,-0.01033011529477961,0.0,9.712974543606647,0.006442918801982184,-0.0017840374652341334,0.0,0.0,0.0,-0.00927571335868735,0.0
113.105762011,9.709664789620494,-0.0006509164735214861,-0.0018694501000290596,0.0,9.698490928444658,-0.005720416643925688,0.0016412530541288818,0.0,9.709901473243411,0.0038624605366897264,-0.0013058120145526466,0.0,0.0,0.0,-0.0056590681678974075,0.0
113.15864699,9.709664789620494,-0.0006509164735214861,-0.0018694501000290596,0.0,9.704269051982902,-0.002441708671162349,0.005199257522291536,0.011846974403990386,9.70836981004516,0.002563299159346509,-0.004305266882738659,0.011846974403990386,0.0,0.0,0.0018030328979687783,0.0
113.205662654,9.709664789620494,-0.0006509164735214861,-0.0018694501000290596,0.0,9.694330820400918,-0.0006362299292286076,0.0021385361855488392,0.01763798279820762,9.706024076506285,0.0018829130155978498,-0.003565361337715625,0.01763798279820762,0.0,0.0,0.0024466092547408905,0.0
113.255988696,9.709664789620494,-0.0006509164735214861,-0.0018694501000290596,0.0,9.714721925533551,0.007147500382941045,-0.0024925753213618593,0.0,9.707869549695221,0.003000120023550438,-0.00393566746116412,0.0,0.0,0.0,0.0025570019835029984,0.0
113.305691651,9.709664789620494,-0.0006509164735214861,-0.0018694501000290596,0.0,9.715114463908057,-0.008695446228489235,0.006895328742406044,0.004671273606935427,9.709572950090777,0.0005189900576910576,-0.0020383727378689258,0.004671273606935427,0.0,0.0,0.0020936299812816966,0.0
113.355807563,9.709664789620494,-0.0006509164735214861,-0.0018694501000290596,0.0,9.711457238642476,0.0015543149573889617,-0.01984623117848836,0.000983094045197718,9.710001372892453,0.0007374770476504466,-0.005482081984938458,0.000983094045197718,0.0,0.0,0.005928302561320091,0.0
113.409054622,9.709664789620494,-0.0006509164735214861,-0.0018694501000290596,0.0,9.694428775034513,0.01038776106039913,-0.013090217363693868,0.0,9.706697244484364,0.002784704051004782,-0.006321612690803737,0.0,0.0,0.0,0.005807153896700376,0.0
113.456065029,9.709664789620494,-0.0006509164735214861,-0.0018694501000290596,0.0,9.698219762704475,-0.005409569048731846,-0.0008608590552747665,0.0,9.7048985293031,0.0010461965343895032,-0.004781689794139497,0.0,0.0,0.0,0.005905319513047552,0.0
113.506839365,9.709664789620494,-0.0006509164735214861,-0.0018694501000290596,0.0,9.699965948103571,0.005598506602402431,0.004603373214440615,0.009137493502134589,9.704193140361227,0.002011172145896259,-0.00326724530245521,0.009137493502134589,0.0,0.0,0.003188144542316561,0.0
113.561011476,9.709664789620494,-0.0006509164735214861,-0.0018694501000290596,0.0,9.70234979257607,0.005419460724179332,-0.008946440620159417,0.0004571467464599516,9.702119108138819,0.0028066753234598845,-0.004531996918394823,0.0004571467464599516,0.0,0.0,0.001998478042514477,0.0
113.605897498,9.709664789620494,-0.0006509164735214861,-0.0018694501000290596,0.0,9.71320735736014,-0.0028855701849357512,5.527739828154886e-05,0.00461618827088557,9.704629030066997,0.001598437260673409,-0.003982504662892132,0.00461618827088557,0.0,0.0,0.003004305469368855,0.0
113.655812376,9.709664789620494,-0.0006509164735214861,-0.0018694501000290596,0.0,9.717422558328304,0.0028759236995824287,-0.01606067911620876,0.009413598254837707,9.707675163304017,0.0018671696095628279,-0.006630442740388496,0.009413598254837707,0.0,0.0,0.005282455129469639,0.0
113.709279658,9.709664789620494,-0.0006509164735214861,-0.0018694501000290596,0.0,9.70327155738949,0.004012169969573144,-0.007549168623344814,0.0077662436406168815,9.706959385583307,0.002320730677825484,-0.006595710822639945,0.0077662436406168815,0.0,0.0,0.00636883242119826,0.0
113.755664886,9.709664789620494,-0.0006509164735214861,-0.0018694501000290596,0.0,9.70980835937907,-0.01904138487177351,-0.017357120811255986,0.011740037186953295,9.707953051316284,-0.0022157003992247185,-0.008553620582786393,0.011740037186953295,0.0,0.0,0.013945123664458402,0.0
113.805937663,9.709664789620494,-0.0006509164735214861,-0.0018694501000290596,0.0,9.673138146232292,-0.005468277472609302,-0.0021266715948054706,0.0,9.700566177139432,-0.002905322360403662,-0.007380234675487962,0.0,0.0,0.0,0.015697058206608654,0.0
113.856331938,9.709664789620494,-0.0006509164735214861,-0.0018694501000290596,0.0,9.720622517167351,0.0006515400994348517,0.006330930876405788,0.0,9.704821648768121,-0.0021500566418598223,-0.00366332964233139,0.0,0.0,0.0,0.012819014031675582,0.0
113.90600427,9.709664789620494,-0.0006509164735214861,-0.0018694501000290596,0.0,9.70747852983609,-0.0034336824354956217,-0.001949508628397148,0.0,9.705385374679937,-0.0024223620188598555,-0.0032926462807589905,0.0,0.0,0.0,0.009815811997605731,0.0
113.956382153,9.709664789620494,-0.0006509164735214861,-0.0018694501000290596,0.0,9.732308686360804,0.030490057811937497,-0.0067936350179684845,0.0,9.711097846992308,0.004560786768185168,-0.00380002031543966,0.0,0.0,0.0,0.004684728051765056,0.0
114.007571961,9.709664789620494,-0.0006509164735214861,-0.0018694501000290596,0.0,9.693741980757022,-0.008593108861990708,-0.0012823417931632389,0.0,9.707415353961528,0.0017698785909991206,-0.0033543061519464004,0.0,0.0,0.0,0.0020289068674718535,0.0
114.057984783,9.709664789620494,-0.0006509164735214861,-0.0018694501000290596,0.0,9.71100189072733,-0.02276640329708781,-0.017184168887253378,0.015203316529240861,9.708876668646733,-0.0034404080859990038,-0.004904262879054853,0.015203316529240861,0.0,0.0,0.0023819707651516826,0.0
114.106109479,9.709664789620494,-0.0006509164735214861,-0.0018694501000290596,0.0,9.733031864054771,0.0009699457719775612,-0.0023190179117886355,0.0,9.714001814751922,-0.002504517408835466,-0.003552720791650267,0.0,0.0,0.0,0.009879439947853466,0.0
114.157169004,9.709664789620494,-0.0006509164735214861,-0.0018694501000290596,0.0,9.695849283686572,0.019114792281952304,-0.009342025065050044,0.012569887833961521,9.710538495917705,0.0020805014955876415,-0.004468948320591808,0.012569887833961521,0.0,0.0,0.007153379218217255,0.0
114.206213125,9.709664789620494,-0.0006509164735214861,-0.0018694501000290596,0.0,9.724136227428643,0.007894489288398863,0.005722378767593597,0.009974337593195612,9.714214266597663,-0.0011544402198071708,0.003429104012907604,0.009974337593195612,0.0,0.0,0.00027605364964610976,0.0
114.256742302,9.709664789620494,-0.0006509164735214861,-0.0018694501000290596,0.0,9.717926031937468,-0.012728223732848229,-0.0038377973930467193,0.004118439113958201,9.715160090900334,-0.003610317124982855,0.001849209888711945,0.004118439113958201,0.0,0.0,0.00045070714512750903,0.0
114.305603556,9.709664789620494,-0.0006509164735214861,-0.0018694501000290596,0.0,9.721095489524084,-0.008153539760377335,-0.001660840686791905,0.007671985365443166,9.716706746014037,-0.004574207263433847,0.0015740051308997618,0.007671985365443166,0.0,0.0,0.0021016897734349215,0.0
114.355797317,9.709664789620494,-0.0006509164735214861,-0.0018694501000290596,0.0,9.696500143942737,-0.006002579413898181,-0.003086475306225797,0.01270473847840442,9.712877826881407,-0.004877374875414695,0.001352579540455587,0.01270473847840442,0.0,0.0,0.004361590217287043,0.0
114.406729754,9.709664789620494,-0.0006509164735214861,-0.0018694501000290596,0.0,9.701985649713277,0.004016887540034306,-0.004435106091544805,0.02227222254845603,9.711411500790362,-0.0029904079219462724,7.049900401015041e-05,0.02227222254845603,0.0,0.0,0.0048174787779733386,0.0
114.456582563,9.709664789620494,-0.0006509164735214861,-0.0018694501000290596,0.0,9.675218264383076,0.009026688254035381,-0.006716032783694047,0.0,9.703732176497454,-0.00044163591759370686,-0.0014236989765626085,0.0,0.0,0.0,0.003956603296230397,0.0
114.510844508,9.709664789620494,-0.0006509164735214861,-0.0018694501000290596,0.0,9.703260647698325,-0.01642267344603966,-0.004640937604091331,0.0,9.703632129860006,-0.003832668421002666,-0.0025022907258308537,0.0,0.0,0.0,0.006737267809077628,0.0
114.555748747,9.709664789620494,-0.0006509164735214861,-0.0018694501000290596,0.0,9.714697368484934,-0.016828682977691734,0.0038472428997283242,0.0,9.70597990422928,-0.0065897488795406585,-0.0012559057964161638,0.0,0.0,0.0,0.011256134692686486,0.0
114.605619128,9.709664789620494,-0.0006509164735214861,-0.0018694501000290596,0.0,9.701338163865953,-0.010214954898814516,0.007385836475808535,0.012218733180446608,9.70540632149258,-0.0073586108213874275,0.001003777989803207,0.012218733180446608,0.0,0.0,0.010496594752292995,0.0
114.655790542,9.709664789620494,-0.0006509164735214861,-0.0018694501000290596,0.0,9.710157320922763,-0.029086923147648575,-0.011543155045097791,0.017367307093909507,9.707080039931267,-0.011970439762193918,-0.0013354378499618887,0.017367307093909507,0.0,0.0,0.0180229462094171,0.0
114.705760762,9.709664789620494,-0.0006509164735214861,-0.0018694501000290596,0.0,9.707849158503064,0.00928922919656721,0.0027369869430641557,0.0,9.70711292989833,0.001040685756015371,7.208865853101336e-05,0.0,0.0,0.0,0.00812540156849935,0.0
114.756083132,9.709664789620494,-0.0006509164735214861,-0.0018694501000290596,0.0,9.68436984879715,-0.015192770661086397,-0.002749747828819777,0.006371160547066374,9.702516359662127,-0.002403813227769748,-0.0010885243640130242,0.006371160547066374,0.0,0.0,0.003667773976684564,0.0
114.80653469,9.709664789620494,-0.0006509164735214861,-0.0018694501000290596,0.0,9.719165541088115,-0.0006227362031027206,-0.005625601163211463,0.0,9.706048911588699,-0.0020261634384692935,-0.0016433276919163124,0.0,0.0,0.0,0.005395843937302117,0.0
114.855806809,9.709664789620494,-0.0006509164735214861,-0.0018694501000290596,0.0,9.689888704975296,0.010428695321060758,-0.0030163329127822188,0.0,9.702620108327654,0.0006164018643568464,-0.0016520469160686646,0.0,0.0,0.0,0.0038310230489631268,0.0
114.905578169,9.709664789620494,-0.0006509164735214861,-0.0018694501000290596,0.0,9.699418169319523,-0.007435831299284188,-0.00731855165199572,0.0,9.701940734686424,-0.0010922038339647709,-0.002498280577741984,0.0,0.0,0.0,0.004154147967859504,0.0
114.956259076,9.709664789620494,-0.0006509164735214861,-0.0018694501000290596,0.0,9.693963356443387,0.0004504144136938407,0.010515636308312922,0.010632078857713926,9.700631609955597,-0.0007646989242704528,-0.0014752498337842375,0.010632078857713926,0.0,0.0,0.004291223978097356,0.0
115.009530015,9.709664789620494,-0.0006509164735214861,-0.0018694501000290596,0.0,9.72244308417513,0.001223041648837095,-0.00012085587245085419,0.006434688569073007,9.705532745439758,-0.0003432390546328448,-0.0010762078248173026,0.006434688569073007,0.0,0.0,0.0032071165388159618,0.0
115.055955867,9.709664789620494,-0.0006509164735214861,-0.0018694501000290596,0.0,9.696828427111027,0.004957799997951835,0.006554290066397774,0.0,9.703685901320448,0.0007819542950621065,0.000519784658009607,0.0,0.0,0.0,-0.00048258746330584695,0.0
115.105580792,9.709664789620494,-0.0006509164735214861,-0.0018694501000290596,0.0,9.704286609520263,0.019490979129456822,-0.00024997023593439135,0.0,9.70600170964147,0.0030260114368866574,-0.0005401878305023224,0.0,0.0,0.0,0.0026100572198796317,0.0
115.156935533,9.709664789620494,-0.0006509164735214861,-0.0018694501000290596,0.0,9.731861333162879,0.00535154550381741,0.003688102970073239,0.0,9.70600170964147,0.0030260114368866574,-0.0005401878305023224,0.0,0.0,0.0,-0.0019846104488039683,0.0
115.20558143,9.709664789620494,-0.0006509164735214861,-0.0018694501000290596,0.0,9.72405680781924,0.013298174382406094,0.0006063319949657585,0.0,9.714155184513555,0.0055945118163917285,0.00019502705900549395,0.0,0.0,0.0,-0.006325316268688614,0.0
115.256734326,9.709664789620494,-0.0006509164735214861,-0.0018694501000290596,0.0,9.68781898073507,-0.006794145112392034,0.0003657427226711184,0.0,9.708567281836995,0.002965928195965277,0.000675724113537499,0.0,0.0,0.0,-0.007647284361687301,0.0
115.305721979,9.709664789620494,-0.0006509164735214861,-0.0018694501000290596,0.0,9.699337538543158,-0.008493639837018192,-0.0059576815563643784,0.005747085191766043,9.70683080770454,0.0005342614577054745,-0.0005757618764971779,0.005747085191766043,0.0,0.0,-0.0034776690626471076,0.0
115.357754078,9.709664789620494,-0.0006509164735214861,-0.0018694501000290596,0.0,9.701518613811503,0.00501185131713813,-0.004562277190782127,0.0,9.705703689255909,0.0014841934487701137,-0.0021550898217869486,0.0,0.0,0.0,-0.0005525132767766984,0.0
115.410000687,9.709664789620494,-0.0006509164735214861,-0.0018694501000290596,0.0,9.709451408307608,0.000455515504443835,-0.004450014464987904,0.0,9.70649886422246,0.0012658835245263611,-0.0026044604696394058,0.0,0.0,0.0,0.0013267185363252867,0.0
115.455969583,9.709664789620494,-0.0006509164735214861,-0.0018694501000290596,0.0,9.706480816416956,0.007454612491989356,-0.0014497499024171635,0.0,9.70649503490505,0.0025790050952176997,-0.002867787893148737,0.0,0.0,0.0,0.0007236302953286181,0.0
115.505792884,9.709664789620494,-0.0006509164735214861,-0.0018694501000290596,0.0,9.699866531902124,-0.01735453812809452,0.011654745518770828,0.0,9.70309164309643,-0.007922355813822623,-0.0028450429577084654,0.0,0.0,0.0,0.012516098398882618,0.0
115.557403856,9.709664789620494,-0.0006509164735214861,-0.0018694501000290596,0.0,9.71835844831396,0.017670370102500332,-0.009735851477866417,0.0,9.706330888310227,-0.0024922233055553068,-0.004134569936081693,0.0,0.0,0.0,0.012821123292593606,0.0
115.607520208,9.709664789620494,-0.0006509164735214861,-0.0018694501000290596,0.0,9.706943550714636,0.00011700130346272992,0.0049856360652447505,0.0,9.70646088038058,-0.001938590872157548,-0.0024521477602766975,0.0,0.0,0.0,0.011822899434304989,0.0
115.656812417,9.709664789620494,-0.0006509164735214861,-0.0018694501000290596,0.0,9.709920277631518,0.011468904567693977,0.002208723340377629,0.010646227225653917,9.707581243400217,0.0009054486512828064,-0.0006851159447578142,0.010646227225653917,0.0,0.0,0.008476484454600497,0.0
115.70757501,9.709664789620494,-0.0006509164735214861,-0.0018694501000290596,0.0,9.695759301718214,0.004063311368564547,-0.007955680566412741,0.0,9.705072913811348,0.0015751598242897639,-0.0019623604978565297,0.0,0.0,0.0,0.0017944064491360516,0.0
115.756468062,9.709664789620494,-0.0006509164735214861,-0.0018694501000290596,0.0,9.698633117233266,0.02638367921583777,0.007120179759257961,0.006961677621998769,9.707131254596735,0.0024196882299802524,-0.001271718711527146,0.006961677621998769,0.0,0.0,0.0029238828581033063,0.0
115.805849804,9.709664789620494,-0.0006509164735214861,-0.0018694501000290596,0.0,9.686924032231891,0.005596257548585666,-0.005231125912509902,0.0,9.702843772347249,0.0030934920232922195,-0.002287544447539297,0.0,0.0,0.0,-0.0001503806437118206,0.0
115.85569931,9.709664789620494,-0.0006509164735214861,-0.0018694501000290596,0.0,9.717303848646152,-0.014569996741842759,-0.008105828695481203,0.008842555272139056,9.706246473976769,-0.0006555521492380852,-0.0034500485847769307,0.008842555272139056,0.0,0.0,0.002591396974238017,0.0
115.906245948,9.709664789620494,-0.0006509164735214861,-0.0018694501000290596,0.0,9.70136362535931,-0.0011737423350698549,0.0006599673884831014,0.0,9.70521045255835,-0.0007653225931009351,-0.00192094015590685,0.0,0.0,0.0,0.004343824284049914,0.0
115.955606372,9.709664789620494,-0.0006509164735214861,-0.0018694501000290596,0.0,9.702693276420657,0.0169082286187935,-0.014027256203693328,0.0,9.704676367893061,0.002984161730959568,-0.004291793981064118,0.0,0.0,0.0,0.0027733497442381343,0.0
116.00633363,9.709664789620494,-0.0006509164735214861,-0.0018694501000290596,0.0,9.71431191905106,-0.015504769166386389,0.006479425763174307,0.018582283781875528,9.708742339009484,-0.0029572270792754696,-0.00010699024468312138,0.018582283781875528,0.0,0.0,0.0038066838045047995,0.0
116.055595195,9.709664789620494,-0.0006509164735214861,-0.0018694501000290596,0.0,9.69286533164403,-0.020224430493833902,0.0014888093489006703,0.0,9.705373623907256,-0.006620834878625845,0.0005984343977195158,0.0,0.0,0.0,0.00670089321474433,0.0
116.107941954,9.709664789620494,-0.0006509164735214861,-0.0018694501000290596,0.0,9.732992382024163,-0.005038828009818852,-0.004524358626505401,0.004510496447553478,9.711362975465304,-0.006285477463842282,0.00032295021030513877,0.004510496447553478,0.0,0.0,0.008680964144955072,0.0
116.155775423,9.709664789620494,-0.0006509164735214861,-0.0018694501000290596,0.0,9.714386293071268,-0.010232927560120085,-0.010108656516302567,0.004745078326492787,9.712209096463098,-0.007123861973463404,-0.0004096550233471651,0.004745078326492787,0.0,0.0,0.010410978668330278,0.0
116.206115981,9.709664789620494,-0.0006509164735214861,-0.0018694501000290596,0.0,9.732223864147906,0.0037356466278884036,-0.007334334817741226,0.027500174821963055,9.717289648377442,-0.004821445743628029,-0.0014927458796103856,0.027500174821963055,0.0,0.0,0.01019585216557279,0.0
116.256553721,9.709664789620494,-0.0006509164735214861,-0.0018694501000290596,0.0,9.704446609737264,0.01769167329240293,-0.010821625515026374,0.0,9.712310383818274,-0.0005067631585285179,-0.0016383955107960493,0.0,0.0,0.0,0.007330696649012501,0.0
116.306343242,9.709664789620494,-0.0006509164735214861,-0.0018694501000290596,0.0,9.699790815806027,0.010418782859517594,-0.01393223287349427,0.0,9.709654034043618,0.0018099020575860283,-0.003269603359142716,0.0,0.0,0.0,0.004118007105145448,0.0
116.355748339,9.709664789620494,-0.0006509164735214861,-0.0018694501000290596,0.0,9.709906275363629,-0.019628897635479686,0.009442695237355242,0.00884693031464338,9.710027909926707,-0.0027383608872688005,-0.0008448784063872757,0.00884693031464338,0.0,0.0,0.004403660543697585,0.0
116.407083208,9.709664789620494,-0.0006509164735214861,-0.0018694501000290596,0.0,9.733082080206996,0.0121454499919729,-0.005720820745246791,0.00964199252973492,9.715221189977308,0.00041868945072843925,-0.0014517438022525675,0.00964199252973492,0.0,0.0,0.0034948623142033123,0.0
116.457311731,9.709664789620494,-0.0006509164735214861,-0.0018694501000290596,0.0,9.711285373034082,-0.011616164531295568,-0.0003086249314249908,0.030966380800078994,9.715375077974574,-0.0021361064769506305,-0.0007928419315714032,0.030966380800078994,0.0,0.0,0.004325892991807743,0.0
116.507821038,9.709664789620494,-0.0006509164735214861,-0.0018694501000290596,0.0,9.711137757799495,-0.021529868876784784,0.01234880602179345,0.0207590968629862,9.713058324836627,-0.0025132832336984914,-0.002123018921827699,0.01675256626274287,0.0,0.0,0.006482680717287864,0.0
116.555847357,9.709664789620494,-0.0006509164735214861,-0.0018694501000290596,0.0,9.711650660674604,0.009136340674897226,-0.013455252490059988,0.0,9.713045492054832,-0.003220908783532117,-0.0020857257121294436,0.0,0.0,0.0,0.007956141402761362,0.0
116.605615919,9.709664789620494,-0.0006509164735214861,-0.0018694501000290596,0.0,9.710854386633235,-0.01757861366206621,0.0022757616728300498,0.012351208290664979,9.712999589054322,-0.006267610792892966,-7.569265722915796e-05,0.012351208290664979,0.0,0.0,0.009075175965022839,0.0
116.656147716,9.709664789620494,-0.0006509164735214861,-0.0018694501000290596,0.0,9.71166531173149,-0.012938942241335585,0.00019926387102697698,0.0,9.7127164876851,-0.0076831793362627104,0.0007157567314215727,0.0,0.0,0.0,0.010520452473093045,0.0
116.705972719,9.709664789620494,-0.0006509164735214861,-0.0018694501000290596,0.0,9.703544109132567,-0.010197086539796446,0.0060420266827186375,0.0,9.709144735867497,-0.006019977441949502,0.0017497673340592726,0.0,0.0,0.0,0.007960357970249616,0.0
116.755945845,9.709664789620494,-0.0006509164735214861,-0.0018694501000290596,0.0,9.69924458072139,-0.010666738659106077,0.010696629677242392,0.0,9.707044163862495,-0.007005674850568909,0.0037857077516275234,0.0,0.0,0.0,0.006417102845606213,0.0
116.806000458,9.709664789620494,-0.0006509164735214861,-0.0018694501000290596,0.0,9.730082361931775,0.007275901314439685,-0.004546118082274844,0.0,9.711932309614568,-0.003975598342767856,0.001550793742668695,0.0,0.0,0.0,0.004961985108714044,0.0
116.855710153,9.709664789620494,-0.0006509164735214861,-0.0018694501000290596,0.0,9.71164274567242,-0.0064067622043606125,-0.002404538214294129,0.02427918691397589,9.712604647803863,-0.004490824251020898,0.0007353885659568611,0.02427918691397589,0.0,0.0,0.0056919804721961165,0.0
116.906332671,9.709664789620494,-0.0006509164735214861,-0.0018694501000290596,0.0,9.716807583734019,0.0029200504782169014,0.012165329266479081,0.024487265217321648,9.71429991158142,-0.002915409386038431,0.003394029551562488,0.024487265217321648,0.0,0.0,0.0011876603900774483,0.0
116.956587208,9.709664789620494,-0.0006509164735214861,-0.0018694501000290596,0.0,9.688840746561928,-0.015605774893843152,-0.005322838787215354,0.009051307961503366,9.711237180075466,-0.0004276912912707133,0.0001491565790461282,0.009051307961503366,0.0,0.0,-0.0013263081386414733,0.0
117.006175705,9.709664789620494,-0.0006509164735214861,-0.0018694501000290596,0.0,9.728096776097352,0.0042029672090140024,-0.010947950771632914,0.0,9.714814377738627,0.0005538815805141482,-0.0018572930728264912,0.0,0.0,0.0,0.0006475478865305194,0.0
117.056276196,9.709664789620494,-0.0006509164735214861,-0.0018694501000290596,0.0,9.713062297258091,0.03711434763384443,-0.0035721696863861545,0.00013785926983571006,9.714447083298763,0.008311049339305833,-0.00251500860548061,0.00013785926983571006,0.0,0.0,-0.003460762410894708,0.0
117.1057626,9.709664789620494,-0.0006509164735214861,-0.0018694501000290596,0.0,9.719211878645826,-0.028559981015618456,0.010538759994283503,0.004545439368940046,9.715593770508793,0.0004882532103275654,0.0006618405603414546,0.004545439368940046,0.0,0.0,-0.0023303851665167756,0.0
117.156023379,9.709664789620494,-0.0006509164735214861,-0.0018694501000290596,0.0,9.695127925634333,-0.005603206659331171,-0.01142416547367665,0.008006987089213016,9.710916622355631,-0.001504240593604718,-0.001218719469120241,0.008006987089213016,0.0,0.0,-0.001974485802342308,0.0
117.205794784,9.709664789620494,-0.0006509164735214861,-0.0018694501000290596,0.0,9.697627952988103,-0.019217287807175434,6.337056251621643e-05,0.0,9.708097089491163,-0.005262478302122722,-0.0007480159779541101,0.0,0.0,0.0,0.004808475423872888,0.0
117.255817431,9.709664789620494,-0.0006509164735214861,-0.0018694501000290596,0.0,9.722787102635376,-0.018735511033596986,-0.010781577116326194,0.0,9.711213953652058,-0.00812138468683279,-0.0026320700918832486,0.0,0.0,0.0,0.01157682866888085,0.0
117.305735773,9.709664789620494,-0.0006509164735214861,-0.0018694501000290596,0.0,9.70881353465102,0.002576526620691847,-0.0014655502937417283,0.0,9.710704643046155,-0.005851541689012309,-0.0017736910988781851,0.0,0.0,0.0,0.012011559666871063,0.0
117.355892574,9.709664789620494,-0.0006509164735214861,-0.0018694501000290596,0.0,9.724390287369026,0.02062244157079829,-0.0034927198555968885,0.0,9.712978134155048,0.0031640098502326583,-0.0006862838119786317,0.0,0.0,0.0,0.0024291709564958994,0.0
117.407040943,9.709664789620494,-0.0006509164735214861,-0.0018694501000290596,0.0,9.720986399894306,0.016612525604888125,-0.013232024758277826,0.0,9.714677293651706,0.0060174066740595125,-0.0021712705301533087,0.0,0.0,0.0,-0.003015428755714592,0.0
117.456093667,9.709664789620494,-0.0006509164735214861,-0.0018694501000290596,0.0,9.725993595656384,-0.001352659286285549,-0.00019816514723306635,0.004730981416261572,9.717245723655514,0.004453321234674783,-0.0009017005643206808,0.004730981416261572,0.0,0.0,-0.004992276109230841,0.0
117.506416316,9.709664789620494,-0.0006509164735214861,-0.0018694501000290596,0.0,9.686570440106042,-0.013972506747378096,-0.005492750772002322,0.006893532237849299,9.710944643788292,0.0005433782769924287,-0.0019212470493436625,0.006893532237849299,0.0,0.0,2.7538179689745742e-05,0.0
117.556516342,9.709664789620494,-0.0006509164735214861,-0.0018694501000290596,0.0,9.696314123081528,0.0037742304003831498,0.0024804897800078394,0.0,9.70784040284699,0.001229001218940326,-0.0002396685861347353,0.0,0.0,0.0,-0.001095763151031653,0.0
117.605773761,9.709664789620494,-0.0006509164735214861,-0.0018694501000290596,0.0,9.703989501367458,0.007073057106427497,-0.0021260434416057595,0.0,9.705393748426289,0.0021636673209965915,-0.0031572646451355313,0.0,0.0,0.0,0.0011928726597568583,0.0
117.655653278,9.709664789620494,-0.0006509164735214861,-0.0018694501000290596,0.0,9.683718704845164,0.02130600042667801,0.004678358918277224,0.0,9.70079483077923,0.0062252578599784,-0.0005271016439831876,0.0,0.0,0.0,-0.0033482123159892926,0.0
117.705607242,9.709664789620494,-0.0006509164735214861,-0.0018694501000290596,0.0,9.692953770607408,-0.031193399726363782,0.00034210624852190445,0.0,9.699131148291473,-0.0017140690328504562,-0.00018843291305881043,0.0,0.12,0.0,-0.0018994242609325486,0.0
117.755707064,9.711224786907142,-0.0006538259225624306,-0.0018606149360238236,0.11999999999563471,9.72023502556049,0.0029273799082768876,-0.004617000086238285,0.13102151486531802,9.712467421860543,0.0013381000686775077,-0.004860174443514076,0.13102151486531802,0.0,0.0,0.002975958556514685,0.0
117.805866724,9.712304785044088,-0.0006558320825479864,-0.0018544982841509007,0.0,9.71761772542879,-0.002686990752666498,0.0005340976133459026,0.0,9.713560201358034,0.0004867228764744502,-0.0038709950232477,0.0,0.0,0.0,0.0048055365128128625,0.0
117.855809609,9.712304785044088,-0.0006558320825479864,-0.0018544982841509007,0.0,9.715637768171877,0.010816277477485314,-0.0014220649419992956,0.0,9.714001013165012,0.0026790786901185765,-0.0031901281459020044,0.0,0.0,0.0,0.0031618140265352356,0.0
117.905840676,9.712304785044088,-0.0006558320825479864,-0.0018544982841509007,0.0,9.731333161905496,0.033402579244279036,0.0013999297907474812,0.0,9.717678477854374,0.009198837217382693,-0.0027128660252584134,0.0,0.0,0.0,-0.00628115392470038,0.0
117.956170336,9.712304785044166,-0.0006558320825481346,-0.0018544982841817942,0.0,9.723226062679172,0.004491393254426291,-0.004074667466393857,0.009074595088830895,9.720530173031014,0.009212502188416623,-0.003369207846886082,0.009074595088830895,0.0,0.0,-0.008888302286739393,0.0
118.005847376,9.712304785044166,-0.0006558320825481346,-0.0018544982841817942,0.0,9.69702156489234,-0.00876995510268329,0.014940673504508494,0.0,9.71554222366037,0.0053988621945242465,0.0001830894011734907,0.0,0.0,0.0,-0.009021300295459288,0.0
118.055943303,9.712304785044166,-0.0006558320825481346,-0.0018544982841817942,0.0,9.705392855842975,-0.023810489660320067,0.00407038447555036,0.011374698098936646,9.713753729532273,-0.0007981323056910749,0.001069916925293211,0.011374698098936646,0.0,0.0,-0.005135028235534303,0.0
118.105919473,9.712304785044166,-0.0006558320825481346,-0.0018544982841817942,0.0,9.695030378261306,0.009083527755103607,-0.004606236505696113,0.001134129125643928,9.70982048427177,0.0012982145809882222,-0.0012758715964599871,0.001134129125643928,0.0,0.0,-0.0015782787283496287,0.0
118.156223823,9.712304785044166,-0.0006558320825481346,-0.0018544982841817942,0.0,9.723016755270493,0.00779432577011641,0.004111138298151512,0.0,9.712620412778405,0.0026767940703988106,3.4130576339953674e-05,0.0,0.0,0.0,-0.0035028029559460204,0.0
118.205901414,9.712304785044166,-0.0006558320825481346,-0.0018544982841817942,0.0,9.71698996898765,-0.0010301155484598703,0.007322586763706803,0.0,9.720494166549006,0.0006815629054052373,0.0013882131631838032,0.0,0.0,0.0,-0.0014591063271928483,0.0
118.25628662,9.712304785044166,-0.0006558320825481346,-0.0018544982841817942,0.0,9.72168871975626,0.010177215575097324,-0.009485209743430034,0.0,9.720747621536622,0.0026961772920256286,-0.0008547105068466522,0.0,0.0,0.0,-0.0025868549236708754,0.0
118.305744836,9.712304785044166,-0.0006558320825481346,-0.0018544982841817942,0.0,9.715670320105405,0.000710301922425638,0.01957758331790447,0.0,9.719670341718194,0.00227497071825786,0.004062020940446547,0.0,0.0,0.0,-0.00607436459866934,0.0
118.356251555,9.712304785044166,-0.0006558320825481346,-0.0018544982841817942,0.0,9.687645122967673,0.007515640330662048,-0.003161948248659888,0.0,9.712875368211328,0.0033868770313728314,0.0030056368206133758,0.0,0.0,0.0,-0.008971503752315181,0.0
118.405888187,9.712304785044166,-0.0006558320825481346,-0.0018544982841817942,0.0,9.71166313913882,0.010074177230366316,-0.00034531138397514026,0.0,9.71261816263517,0.00480574914307011,0.0025314710118525337,0.0,0.0,0.0,-0.010902111883857871,0.0
118.455716968,9.712304785044166,-0.0006558320825481346,-0.0018544982841817942,0.0,9.749049847463317,-0.019672533470207622,-0.012994954425911006,0.012070764889255618,9.716100991218756,0.0006884022586610148,-0.0021632736687491956,0.012070764889255618,0.0,0.0,-0.011655717641920301,0.0
118.506459382,9.712304785044166,-0.0006558320825481346,-0.0018544982841817942,0.0,9.689916722366661,-0.037797488045427034,-0.008355725137486787,0.0,9.710545325798764,-0.007477648780115574,-0.0035392380073171036,0.0,0.0,0.0,0.004653894187644258,0.0
118.556219112,9.712304785044166,-0.0006558320825481346,-0.0018544982841817942,0.0,9.692331605498664,-0.00804585072528355,-0.022123289309020487,0.007606233444165982,9.70692847446588,-0.007600394821771932,-0.007315261970649748,0.007606233444165982,0.0,0.0,0.01650935204806551,0.0
118.60647773,9.712304785044166,-0.0006558320825481346,-0.0018544982841817942,0.0,9.715903774534107,0.00598456354546439,0.003646682397078344,0.008473147322795048,9.70911646552796,-0.004719037730806671,-0.005325665745992452,0.008473147322795048,0.0,0.0,0.018132652673974414,0.0
118.655687868,9.712304785044166,-0.0006558320825481346,-0.0018544982841817942,0.0,9.720800921850136,0.02060144289786157,0.0019595016745172058,0.0,9.711595625421205,0.0006538124668285239,-0.004454976546962225,0.0,0.0,0.0,0.00972722681346612,0.0
118.705886913,9.712304785044166,-0.0006558320825481346,-0.0018544982841817942,0.0,9.744063900528458,-0.008134173137434818,0.0008793493996585701,0.0,9.714053455957336,-0.0021094379526591057,-0.0011812682345123783,0.0,0.0,0.0,0.006325689399308407,0.0
118.755649507,9.712304785044166,-0.0006558320825481346,-0.0018544982841817942,0.0,9.71244970361059,0.02126078539325212,-0.004385060620809845,0.010726546956894269,9.714038751094476,0.0028485217995984223,-0.0014802361507115097,0.010726546956894269,0.0,0.0,0.002231486054898861,0.0
118.806388739,9.712304785044166,-0.0006558320825481346,-0.0018544982841817942,0.0,9.709640137047067,-0.01009018090643941,-0.00553884693506419,0.025753656374389686,9.713886456009636,0.00010118745901917031,-0.0014470686222578467,0.025753656374389686,0.0,0.0,0.0011022256631054795,0.0
118.85616456,9.712304785044166,-0.0006558320825481346,-0.0018544982841817942,0.0,9.689083001286136,0.0034132536428709845,-0.0040852043629311776,0.014534400067911096,9.709146062284256,0.0008027579828816156,-0.0024052340001443646,0.014534400067911096,0.0,0.0,0.002121786991002239,0.0
118.906651629,9.712304785044166,-0.0006558320825481346,-0.0018544982841817942,0.0,9.717328513664068,0.017014325580690284,-0.00957127596122781,0.0,9.714773571255568,0.0032976289503876413,-0.004836847079803061,0.0,0.0,0.0,0.005369814684636672,0.0
118.956448315,9.712304785044166,-0.0006558320825481346,-0.0018544982841817942,0.0,9.717328513664068,0.017014325580690284,-0.00957127596122781,0.0,9.714773571255568,0.0032976289503876413,-0.004836847079803061,0.0,0.0,0.0,0.0033421705237678453,0.0
119.005570194,9.712304785044166,-0.0006558320825481346,-0.0018544982841817942,0.0,9.703592826067668,-0.023216369902372313,0.0003243224513208695,0.0,9.7124567778602,-0.007204487940758948,-0.0017320986024793833,0.0,0.0,0.0,0.009844235094595307,0.0
119.05576703,9.712304785044166,-0.0006558320825481346,-0.0018544982841817942,0.0,9.729835540801385,0.018165842126207952,0.006225654539213191,0.0,9.716144129406977,-0.0018213757595958802,-0.0001056071550165332,0.0,0.0,0.0,0.007904067019525294,0.0
119.105904673,9.712304785044166,-0.0006558320825481346,-0.0018544982841817942,0.0,9.720723061172718,-0.007040346778018427,0.010432269389713887,0.0,9.717115667668383,-0.0029286004810161774,0.0023394933816483833,0.0,0.0,0.0,0.003048399876499319,0.0
119.155564725,9.712304785044166,-0.0006558320825481346,-0.0018544982841817942,0.0,9.702899367178242,0.008601940051753024,0.015104641664654417,0.0,9.712857469293679,0.0029511801508094702,0.0012731614689236153,0.0,0.0,0.0,-0.0017029488382582284,0.0
119.206322398,9.712304785044166,-0.0006558320825481346,-0.0018544982841817942,0.0,9.72820596197872,-0.013546838137426914,0.0016031369269540448,0.0,9.716114046594038,-0.0005492977840533021,0.0013609381340196048,0.0,0.0,0.0,-0.002772353773284359,0.0
119.256315205,9.712304785044166,-0.0006558320825481346,-0.0018544982841817942,0.0,9.721983232706886,-0.002109054455155539,-0.004021093415644503,0.007648408415748942,9.717587828197408,-0.0008801058178054863,-0.0005313180534609216,0.007648408415748942,0.0,0.0,0.0007365113747020075,0.0
119.306402265,9.712304785044166,-0.0006558320825481346,-0.0018544982841817942,0.0,9.700196148652687,0.015632113393275346,0.008768454720775505,0.0040981765328526945,9.708811750358045,0.001080587314427831,0.0023249320861875454,0.0040981765328526945,0.0,0.0,-0.0013722359059045333,0.0
119.355547439,9.712304785044166,-0.0006558320825481346,-0.0018544982841817942,0.0,9.710922103794173,0.0035878110660380004,-0.01018739958926238,0.018185995524816114,9.709830122876618,0.0016122781647940686,-0.0005695314308839503,0.018185995524816114,0.0,0.0,-0.0025144616912656384,0.0
119.406558097,9.712304785044166,-0.0006558320825481346,-0.0018544982841817942,0.0,9.67664803787682,-0.01168515019848683,0.0036996743794701055,0.0017239100960185366,9.702836762243846,-0.0012087709954946596,0.0004471104452322584,0.0017239100960185366,0.0,0.0,-0.0008345594191385556,0.0
119.460262811,9.712304785044166,-0.0006558320825481346,-0.0018544982841817942,0.0,9.693423776937905,-0.003824488625696936,0.0009924674792022726,0.0,9.700839555316406,-0.0017636942995275418,2.1583255629422777e-05,0.0,0.0,0.0,0.0005975572678497828,0.0
119.505950867,9.712304785044166,-0.0006558320825481346,-0.0018544982841817942,0.0,9.698012586460074,-0.005880983611193753,0.009803827379207689,0.0047651160870356745,9.700487535974327,-0.0026365044791892955,0.0017800644283796992,0.0047651160870356745,0.0,0.0,0.001785349052414002,0.0
119.556938162,9.712304785044166,-0.0006558320825481346,-0.0018544982841817942,0.0,9.685827792963181,-0.008081584583817964,0.011056470602327123,0.0,9.697377094306955,-0.0037913807693921555,0.003742502460523732,0.0,0.12,0.0,0.0009143710542209801,0.0
119.60602014,9.712304785044166,-0.0006558320825481346,-0.0018544982841817942,0.0,9.74063563507995,0.010860848063877259,0.0036308167621156443,0.0,9.70655550581555,-0.0006825358731511631,0.0036954274649285395,0.0,0.0,0.0,-0.003085790075323917,0.12
119.656488081,9.714704780875557,-0.0006603051083456286,-0.0018749996584032542,0.11999999999945388,9.709719166834038,0.0033070522875702805,-1.7773248851331042e-05,0.09827040425373806,9.710506578402054,0.0001736413266538498,0.003385245500418285,0.09827040425373806,0.0,0.0,-0.004888108234671885,0.0
119.706130197,9.71698477679922,-0.0006646165623212912,-0.0019069797662791266,0.0,9.716941341345416,-0.004109385965748401,-0.013688890632763205,0.0,9.712686181333574,0.0016664543248080643,-0.0016530575825808352,0.0,0.0,0.0,-0.003324274909018821,0.0
119.755571411,9.71698477679922,-0.0006646165623212912,-0.0019069797662791266,0.0,9.730792256983452,-0.01687172191371339,-0.012350957268390292,0.015324023697429159,9.717011493362374,-0.00227114101930044,-0.003556329857896006,0.015324023697429159,0.0,0.0,0.0031848751280477393,0.0
119.805633216,9.71698477679922,-0.0006646165623212912,-0.0019069797662791266,0.0,9.67825653290596,0.001797293189233402,0.0008877377382565173,0.0,9.708788630452995,-0.001407108659592044,-0.0024514143261371493,0.0,0.0,0.0,0.005269533725141802,0.0
119.855598104,9.716984776799325,-0.0006646165623214929,-0.0019069797663293282,0.0,9.721438560661358,-0.013130551596408224,0.0032045364763381356,0.0,9.711472637266791,-0.0038940343670501977,-0.00018731985657204913,0.0,0.0,0.0,0.006148769034893848,0.0
119.905761752,9.716984776799325,-0.0006646165623214929,-0.0019069797663293282,0.0,9.730883305272794,0.0030268865127053785,-0.010501980612202696,0.029331895961506857,9.72110014534845,-0.002591651935030032,-0.002719667343009243,0.029331895961506857,0.0,0.0,0.007623750344941494,0.0
119.955683128,9.716984776799325,-0.0006646165623214929,-0.0019069797663293282,0.0,9.746461091859688,-0.003270467708799742,-0.0015229396719895643,0.0,9.726481122140436,-0.002735569240108449,-0.0022162617735114903,0.0,0.0,0.0,0.007974766783703523,0.0
120.005593877,9.716984776799325,-0.0006646165623214929,-0.0019069797663293282,0.0,9.734890210188787,0.0017761447606210994,0.003959028080251963,0.013038569194564094,9.7287166824578,-0.0017782833411261949,-0.0012094082414676414,0.013038569194564094,0.0,0.0,0.006524419600354398,0.0
120.056431093,9.716984776799325,-0.0006646165623214929,-0.0019069797663293282,0.0,9.719919302734265,-0.007673005846648889,-0.0024122251602720093,0.004246802031774008,9.726976073409434,-0.0030293321729074306,-0.0012053634325934655,0.004246802031774008,0.0,0.0,0.006699530750973554,0.0
120.106732354,9.716984776799325,-0.0006646165623214929,-0.0019069797663293282,0.0,9.70420492317096,-0.01425061771045355,0.009928666109971711,0.0,9.71639614591267,-0.0016423559379465176,-0.0034238073014214855,0.0,0.0,0.0,0.006691436837124834,0.0
120.155743742,9.716984776799325,-0.0006646165623214929,-0.0019069797663293282,0.0,9.708627541011351,0.01255723967737312,-0.003657311205537699,0.004612898502277038,9.714880545101199,0.0013699738234121295,-0.0033512540634729345,0.004612898502277038,0.0,0.0,0.005456882141634996,0.0
120.205684615,9.716984776799325,-0.0006646165623214929,-0.0019069797663293282,0.0,9.719187970984951,-0.017596775758911293,-0.0060436098932265545,0.011055337153230028,9.71613380164827,-0.0026557145143418608,-0.003918038639452469,0.011055337153230028,0.0,0.0,0.00716838545474338,0.0
120.255993496,9.716984776799325,-0.0006646165623214929,-0.0019069797663293282,0.0,9.725621321332492,0.014315351028152163,0.008340225898376496,0.0005077804592222465,9.718163578201438,0.0009458425188134151,-0.0011962629695797548,0.0005077804592222465,0.0,0.0,0.002447906628936529,0.0
120.305920791,9.716984776799325,-0.0006646165623214929,-0.0019069797663293282,0.0,9.733817213369319,-0.030051497320227598,0.010894294232505139,0.0,9.724226955620479,-0.002578884581672483,3.829143210778117e-05,0.0,0.0,0.0,0.0019399308476711443,0.0
120.356148766,9.716984776799325,-0.0006646165623214929,-0.0019069797663293282,0.0,9.718787008327563,0.021375638619900886,-0.0031993411273526376,0.0063183630324873735,9.723265097876581,0.0025035036232849907,-0.0012032379694654157,0.0063183630324873735,0.0,0.0,0.0006567165425331849,0.0
120.406125908,9.716984776799325,-0.0006646165623214929,-0.0019069797663293282,0.0,9.693003689596598,-0.00752212845903605,0.00782814107283312,0.01297052561947599,9.71724421737514,0.0003768329307851227,0.0008081762341923516,0.01297052561947599,0.0,0.0,-0.0011694497085235917,0.0
120.455931644,9.716984776799325,-0.0006646165623214929,-0.0019069797663293282,0.0,9.705326838325421,-0.00188202472186623,0.020047300716252287,0.0,9.714715640435381,-0.00010119226436703277,0.006013736406710408,0.0,0.0,0.0,-0.0069521578006703855,0.0
120.50605537,9.716984776799325,-0.0006646165623214929,-0.0019069797663293282,0.0,9.690600668070777,0.010802773191642237,-0.009776485636716603,0.0,9.711445813914008,-0.0020634710182176356,-5.346903986387955e-05,0.0,0.0,0.0,0.0006803063743538957,0.0
120.555818311,9.716984776799325,-0.0006646165623214929,-0.0019069797663293282,0.0,9.7324997356795,0.0034148363989493467,0.01116816442017417,0.0,9.715912941318125,-0.0009003462072864168,0.00308400008966983,0.0,0.0,0.0,-0.0005281332714603623,0.0
120.606152792,9.716984776799325,-0.0006646165623214929,-0.0019069797663293282,0.0,9.704145854548944,0.014596718972841215,-0.005788656159594786,0.03416344176166019,9.714398025656436,0.00238905272191507,0.0007180607640222263,0.03416344176166019,0.0,0.0,-0.0036272859794938546,0.0
120.655747851,9.716984776799325,-0.0006646165623214929,-0.0019069797663293282,0.0,9.729474239268557,0.002484229572677755,-0.01925914919734441,0.004432165845669762,9.720644311227067,-0.0014950218798529952,-0.0037844558496765894,0.004432165845669762,0.0,0.0,0.0009118567922589917,0.0
120.70592701,9.716984776799325,-0.0006646165623214929,-0.0019069797663293282,0.0,9.719518766422997,-0.01799498830875011,-0.0033105224134029354,0.02390467473296209,9.721141299683653,-0.004998582318726184,-0.003799880609540463,0.02390467473296209,0.0,0.0,0.008701325307998213,0.0
120.756301458,9.716984776799325,-0.0006646165623214929,-0.0019069797663293282,0.0,9.719112337811278,-0.03003557538005036,-0.0023735032321730823,0.0124813787130756,9.721123520851227,-0.010312046014228953,-0.0038391099206561536,0.0124813787130756,0.0,0.0,0.016304458676178548,0.0
120.805715459,9.716984776799325,-0.0006646165623214929,-0.0019069797663293282,0.0,9.699857185020148,0.026155350671859087,-0.010493149829782809,0.014677479865775039,9.717078730312837,-0.0025776598209106593,-0.005168311805825222,0.014677479865775039,0.0,0.0,0.013576586774931754,0.0
120.855690412,9.716984776799325,-0.0006646165623214929,-0.0019069797663293282,0.0,9.691900977840612,-0.004417513012699346,-6.459856858160792e-05,0.002237542144031013,9.715938016114835,-0.0014951344715201675,-0.004284423692933932,0.0014936506988507574,0.0,0.0,0.010556901228053616,0.0
120.906066671,9.716984776799325,-0.0006646165623214929,-0.0019069797663293282,0.0,9.756061695948285,0.030610480632659216,-0.014124166999384015,0.035486631925659984,9.721610775901613,0.0048212852086906115,-0.005943216437030536,0.035486631925659984,0.0,0.0,0.006510567747241355,0.0
120.955779407,9.716984776799325,-0.0006646165623214929,-0.0019069797663293282,0.0,9.70704506174023,0.007602509444995078,0.013341192818740277,0.008454143255365915,9.718805664797705,0.005413483520390746,-0.001592987601786936,0.008454143255365915,0.0,0.0,-0.00033689021415424366,0.0
121.006260118,9.716984776799325,-0.0006646165623214929,-0.0019069797663293282,0.0,9.712870158784941,0.003930845468670855,0.002035221739543312,0.004166472224052281,9.71768318243604,0.005099305886386061,-0.0012950549585612932,0.004166472224052281,0.0,0.0,-0.004353751269926786,0.0
121.05580131,9.716984776799325,-0.0006646165623214929,-0.0019069797663293282,0.0,9.703856815813564,0.0031414228921026353,-0.008320692362549969,0.0017926977389935508,9.71480730573336,0.004683068346018713,-0.002479010128012606,0.0017926977389935508,0.0,0.0,-0.0037766409257389663,0.0
121.106833349,9.716984776799325,-0.0006646165623214929,-0.0019069797663293282,0.0,9.714091730072761,-0.007270792530945854,-0.005948421247704809,0.0169110595488001,9.714384716621087,0.001566497393796914,-0.0045015403798654135,0.0169110595488001,0.0,0.0,-0.001078588018609596,0.0
121.155722726,9.716984776799325,-0.0006646165623214929,-0.0019069797663293282,0.0,9.688507480669722,0.016671923640052794,-0.0027632411623692275,0.0,9.708894196608453,0.00477173818342839,-0.004445243119318812,0.0,0.0,0.0,0.000600995751910492,0.0
121.206276621,9.716984776799325,-0.0006646165623214929,-0.0019069797663293282,0.0,9.707204143843901,-0.0021656443398189464,0.0019332796428045158,0.012820634356024764,9.708911699637383,0.0032989846098417735,-0.003265238585575995,0.012820634356024764,0.0,0.0,2.8270804774670704e-05,0.0
121.25565327,9.716984776799325,-0.0006646165623214929,-0.0019069797663293282,0.0,9.711403842239067,0.0055735398584782336,-0.0015148491580352415,0.0,9.70944047214496,0.0037816871130291045,-0.002454734306183602,0.0,0.0,0.0,-0.0014722759112775867,0.0
121.3061428,9.716984776799325,-0.0006646165623214929,-0.0019069797663293282,0.0,9.714653073270512,-0.025138650774885953,-0.002059059074547149,0.0,9.709567738218126,-0.0004809144671034473,-0.002324696887377858,0.0,0.0,0.0,0.002685698702517641,0.0
121.355661866,9.716984776799325,-0.0006646165623214929,-0.0019069797663293282,0.0,9.68911304604782,0.007853454390824618,-0.003356268052399048,0.0032529059442279796,9.70617867468869,-0.002834537955105898,-0.0028276976550261246,0.0032529059442279796,0.0,0.0,0.008104358097278924,0.0
121.405849549,9.716984776799325,-0.0006646165623214929,-0.0019069797663293282,0.0,9.71561486627762,-0.013435294401679013,-0.004877470610890367,0.005167125597958333,9.708349309656002,-0.005084371114530454,-0.0028049057602659924,0.005167125597958333,0.0,0.0,0.010374004529476757,0.0
121.455838303,9.716984776799325,-0.0006646165623214929,-0.0019069797663293282,0.0,9.702260207188324,0.00939320533626216,-0.002439883005390905,0.0,9.707057350016136,-0.0020125857142887175,-0.0023175979772883624,0.0,0.0,0.0,0.007970613606720526,0.0
121.505837628,9.716984776799325,-0.0006646165623214929,-0.0019069797663293282,0.0,9.700433908063074,0.00793919050628042,0.007073319071781811,0.0,9.705652017076343,9.912003483337605e-05,-0.00020887019733893366,0.0,0.0,0.0,0.002533591798316562,0.0
121.555630574,9.716984776799325,-0.0006646165623214929,-0.0019069797663293282,0.0,9.711302118014423,0.02385153009554576,-0.016122625788444204,0.009516195815384378,9.708932310662055,0.006492777220634708,-0.0036542561738149987,0.009516195815384378,0.0,0.0,-0.0019203256236405707,0.0
121.605801164,9.716984776799325,-0.0006646165623214929,-0.0019069797663293282,0.0,9.687437332196208,0.011761557201795536,0.002546236530591327,0.014607484032936944,9.704823880247584,0.007609677365570106,-0.002094477094062981,0.014607484032936944,0.0,0.0,-0.005675533830531352,0.0
121.655755398,9.716984776799325,-0.0006646165623214929,-0.0019069797663293282,0.0,9.719101053134358,0.006731492514736784,-0.010831950146006727,0.0,9.707853147965402,0.007422776240170394,-0.004208792499693647,0.0,0.0,0.0,-0.006214536437157284,0.0
121.706167129,9.716984776799325,-0.0006646165623214929,-0.0019069797663293282,0.0,9.723028951205691,0.013423629136991935,-0.002387574476747945,0.0045508578452774775,9.711231929276739,0.008695433677134582,-0.0034242802905229707,0.0045508578452774775,0.0,0.0,-0.007761878405746244,0.0
121.755676724,9.716984776799325,-0.0006646165623214929,-0.0019069797663293282,0.0,9.710173630752768,-0.003459881956000444,-0.007100682128660717,0.0,9.711412305539998,0.008053748028284787,-0.004874519643047907,0.0,0.0,0.0,-0.009831071762776849,0.0
121.806154523,9.716984776799325,-0.0006646165623214929,-0.0019069797663293282,0.0,9.72315647458564,-0.012071788928686393,-0.010626966692843007,0.0025965640628622523,9.713993768255348,0.0037829681066468635,-0.0057968420475182246,0.0025965640628622523,0.0,0.0,-0.0027826746418868923,0.0
121.855737444,9.716984776799325,-0.0006646165623214929,-0.0019069797663293282,0.0,9.708935820177535,-0.0002946485394363062,-0.01286824694328381,0.00037556765681512355,9.712932874771626,0.002917578064214421,-0.007472974489244132,0.00037556765681512355,0.0,0.0,0.003235653979711047,0.0
121.9066522,9.716984776799325,-0.0006646165623214929,-0.0019069797663293282,0.0,9.714984745112366,-0.0037031633689313783,0.0044309056983216225,0.0009696615720381766,9.713397809196731,0.001512827440089974,-0.005499131520716688,0.0009696615720381766,0.0,0.0,0.0054275039800744,0.0
121.955870897,9.716984776799325,-0.0006646165623214929,-0.0019069797663293282,0.0,9.711120130548215,-0.029346280028141623,-0.008202032348977277,0.03904586451621338,9.715632129018365,-0.0006759037330997262,-0.004585644641841447,0.03904586451621338,0.0,0.0,-0.0018391038452683806,0.0
122.006176165,9.716984776799325,-0.0006646165623214929,-0.0019069797663293282,0.0,9.719837123572868,0.007070614314357476,0.010318348023181068,0.0,9.716524338602266,0.0009703774279313142,-0.000627372531045649,0.0,0.0,0.0,0.0012802811745814804,0.0
122.056491064,9.716984776799325,-0.0006646165623214929,-0.0019069797663293282,0.0,9.726508739240964,-0.031543255141588136,-0.0026555592470372527,0.0,9.71864278469091,-0.005928490220631816,-0.0009440547355062473,0.0,0.0,0.0,0.005199559778562171,0.0
122.105721859,9.716984776799325,-0.0006646165623214929,-0.0019069797663293282,0.0,9.712522493815277,0.010402548127424378,0.012668653822587646,0.0,9.717344212115394,-0.0024624404297336707,0.001986860254136801,0.0,0.0,0.0,0.002103600089751807,0.0
122.156675406,9.716984776799325,-0.0006646165623214929,-0.0019069797663293282,0.0,9.73522492042253,0.008391368785852421,-0.0021260688955923365,0.0,9.721138063409931,-0.00015967036852788203,0.00038038415149372934,0.0,0.0,0.0,0.00039002244148339256,0.0
122.205623807,9.716984776799325,-0.0006646165623214929,-0.0019069797663293282,0.0,9.694381296093953,-0.013365143146112667,-0.008194883346502532,0.02116202967707054,9.7172002000145,-0.00649588442464964,-0.0037936358815802143,0.02116202967707054,0.0,0.0,0.010139964008385923,0.0
122.255552911,9.716984776799325,-0.0006646165623214929,-0.0019069797663293282,0.0,9.725428406544085,-0.009752181345558497,-0.004146703309129109,0.0,9.718946025548084,-0.007186798215887358,-0.0041019647885855645,0.0,0.0,0.0,0.015269577851570326,0.0
122.305987315,9.716984776799325,-0.0006646165623214929,-0.0019069797663293282,0.0,9.700712088898564,0.019943985984775668,-0.00584896305705292,0.003551422162407102,9.715192326819059,-0.0014309757634179852,-0.0040296468921244165,0.003551422162407102,0.0,0.0,0.013020918536066859,0.0
122.355781759,9.716984776799325,-0.0006646165623214929,-0.0019069797663293282,0.0,9.710097563968624,0.01498386486982116,0.0014320266857517031,0.0034364176601514628,9.714223563866742,0.002051772294955982,-0.0025504151111254507,0.0034364176601514628,0.0,0.0,0.004495321465605243,0.0
122.405641487,9.716984776799325,-0.0006646165623214929,-0.0019069797663293282,0.0,9.726739617280671,-0.007324325789155848,7.900350262545928e-05,0.017342825083445024,9.71707043905733,0.0035836872856511762,0.0004955256017943602,0.017342825083445024,0.0,0.0,-0.0042882862939986315,0.0
122.455744311,9.716984776799325,-0.0006646165623214929,-0.0019069797663293282,0.0,9.708678460060169,0.017677441052742566,-0.005074851749176421,0.0,9.715289864822209,0.006573673438500833,-0.0009274107503886881,0.0,0.0,0.0,-0.006977693969842362,0.0
122.506140519,9.716984776799325,-0.0006646165623214929,-0.0019069797663293282,0.0,9.725350009279003,-0.01188676876764456,0.009406437540857793,0.01460659667259225,9.717840415338324,0.002657596044838009,0.0012488421579939589,0.01460659667259225,0.0,0.0,-0.006470319585276907,0.0
122.555553339,9.716984776799325,-0.0006646165623214929,-0.0019069797663293282,0.0,9.69247954304516,0.039476257343498605,-0.0001617703404368617,0.013853240896914056,9.711917349947507,0.008010762375121166,0.001344737528700413,0.013853240896914056,0.0,0.0,-0.0031914545904248993,0.0
122.606448733,9.716984776799325,-0.0006646165623214929,-0.0019069797663293282,0.0,9.726754969633362,0.002825506244534117,-0.0030239517139338846,0.007378864997099655,9.715284781171498,0.006910440858921585,4.926506345016511e-05,0.007378864997099655,0.0,0.0,-0.009680804803814787,0.0
122.65597478,9.716984776799325,-0.0006646165623214929,-0.0019069797663293282,0.0,9.721208771288497,0.0018044331997515914,0.006008742194016114,0.0,9.716541707559237,0.005827507826880745,0.0009681265941470505,0.0,0.0,0.0,-0.010577110691076181,0.0
122.705986921,9.716984776799325,-0.0006646165623214929,-0.0019069797663293282,0.0,9.725647856560245,0.01836120921312946,-0.004954486949601934,0.003013032836881038,9.718572474153492,0.008486555885163243,0.0003213340816328209,0.003013032836881038,0.0,0.0,-0.013028599178543309,0.0
122.755729682,9.716984776799325,-0.0006646165623214929,-0.0019069797663293282,0.0,9.697055908968911,0.0007682719370970902,0.00883165019204012,0.0,9.713068003447283,0.0031771769008485575,0.002855430874234043,0.0,0.0,0.0,-0.010298464709802727,0.0
122.805636334,9.716984776799325,-0.0006646165623214929,-0.0019069797663293282,0.0,9.739332679614423,-0.005454269196431619,-0.008031497052339041,0.0,9.718640729937754,0.001345365193220941,0.0006610859604093476,0.0,0.0,0.0,-0.006948830750571665,0.0
122.855840138,9.716984776799325,-0.0006646165623214929,-0.0019069797663293282,0.0,9.704843910592833,-0.003559894365871883,0.005692583875624893,0.026968486933840782,9.716519457243265,0.0003058768867483517,0.0019391828565181863,0.026968486933840782,0.0,0.0,-0.004513018133580674,0.0
122.906209446,9.716984776799325,-0.0006646165623214929,-0.0019069797663293282,0.0,9.721005500140997,0.0053238194768466685,-0.011526518870983625,0.0015217718444335412,9.717517620368222,0.0013690988434723944,-1.2228286018346576e-05,0.0015217718444335412,0.0,0.0,-0.0028794530836120484,0.0
122.955714149,9.716984776799325,-0.0006646165623214929,-0.0019069797663293282,0.0,9.690614026209099,0.0019109492554201294,0.0018862653719677628,0.004595803852473965,9.70874333852001,0.0026999829937952844,0.0020517617186161896,0.004595803852473965,0.0,0.0,-0.006401534014100851,0.0
123.005749063,9.716984776799325,-0.0006646165623214929,-0.0019069797663293282,0.0,9.702236661354178,-0.016603323173370096,-0.0009285269686203105,0.0,9.707362779860071,-0.0013958401202602802,0.0016778626024289188,0.0,0.0,0.0,-0.004021206152387595,0.0
123.055711752,9.716984776799325,-0.0006646165623214929,-0.0019069797663293282,0.0,9.742508837146126,0.011948431196131233,0.0010792713113933513,0.023871965454223293,9.715573437400657,0.0014367499385007487,0.0011154868262263878,0.023871965454223293,0.0,0.0,-0.0031657053314593986,0.0
123.106161055,9.716984776799325,-0.0006646165623214929,-0.0019069797663293282,0.0,9.717549421386313,0.018749097000028404,-0.010340764564787207,0.0001878291756299543,9.715998976793394,0.005108899417463233,-0.000999357832335007,0.0001878291756299543,0.0,0.0,-0.005543747288193922,0.0
123.155841304,9.716984776799325,-0.0006646165623214929,-0.0019069797663293282,0.0,9.716216866268455,-0.009397986110853448,0.008215524388207395,0.020035053390262205,9.717571926385316,-0.0020187330886012214,0.00023201100642109763,0.020035053390262205,0.0,0.0,0.0005223373105574086,0.0
123.20663681,9.716984776799325,-0.0006646165623214929,-0.0019069797663293282,0.0,9.7231735688488,0.006031614204884416,0.012084597239886028,0.0,9.71876046016876,-0.000309567346893065,0.002024239753094795,0.0,0.0,0.0,-0.0003690179497251167,0.0
123.256379489,9.716984776799325,-0.0006646165623214929,-0.0019069797663293282,0.0,9.714448952130766,0.006007015578414349,9.971680198453575e-05,0.009654090082820631,9.71814725588218,0.001030952140556678,0.0025311827433687163,0.009654090082820631,0.0,0.0,-0.0033553746558649435,0.0
123.305996895,9.716984776799325,-0.0006646165623214929,-0.0019069797663293282,0.0,9.724069791390473,0.014532477060230616,-0.00014310646030087234,0.0,9.719403874093379,0.0038955173935797567,0.0014767744204715518,0.0,0.0,0.0,-0.007010422203087488,0.0
123.356003051,9.716984776799325,-0.0006646165623214929,-0.0019069797663293282,0.0,9.717928379108606,-0.0009882281390656649,-0.0042472335943509664,0.0004139972390776476,9.714212920031775,0.004536061433363846,-0.002278811397908,0.0004139972390776476,0.0,0.0,-0.005231678982593899,0.0
123.405811976,9.716984776799325,-0.0006646165623214929,-0.0019069797663293282,0.0,9.712885102495783,-0.010517605778509506,0.004245533254880367,0.012531880455151962,9.714321805461106,0.001341736719860832,-0.001151337993646852,0.012531880455151962,0.0,0.0,-0.0026135079668839233,0.0
123.456380193,9.716984776799325,-0.0006646165623214929,-0.0019069797663293282,0.0,9.716841506099945,0.024295268074294735,-0.0007610793176792607,0.0037520848456837593,9.71497541351155,0.006211846734979306,-0.0014493408498778295,0.0037520848456837593,0.0,0.0,-0.004294840215630197,0.0
123.50746873,9.716984776799325,-0.0006646165623214929,-0.0019069797663293282,0.0,9.711101300693073,-0.040907137572611246,0.002389516629660492,0.0,9.71412764381215,0.0010068524285862688,-0.0017332837357668,0.0,0.0,0.0,-0.0004884908543846038,0.0
123.556114152,9.716984776799325,-0.0006646165623214929,-0.0019069797663293282,0.0,9.718039304169249,0.023776123205430804,-0.011900377685361212,0.0,9.714451727981402,-0.0011683949252039366,-0.0030086458636232895,0.0,0.0,0.0,0.006280351202322518,0.0
123.605924998,9.716984776799325,-0.0006646165623214929,-0.0019069797663293282,0.0,9.730553969536402,-0.008723203634091745,-0.0014205152076220352,0.0,9.717868232527819,-0.0027713103247299724,-0.003705662727701012,0.0,0.0,0.0,0.00821732137303443,0.0
123.655647446,9.716984776799325,-0.0006646165623214929,-0.0019069797663293282,0.0,9.718260963609302,0.0065528548303525,-0.021441004117538923,0.0036759273106362115,9.718065543006368,-0.0007938288529196675,-0.007469059675449884,0.0036759273106362115,0.0,0.0,0.01099989328494158,0.0
123.706234215,9.716984776799325,-0.0006646165623214929,-0.0019069797663293282,0.0,9.732367372450316,-0.0008149130347280968,-0.0057985645371668604,0.018850833987425885,9.721771936787318,-0.0008031056905424731,-0.007119711188486074,0.018850833987425885,0.0,0.0,0.012169330862402648,0.0
123.755644745,9.716984776799325,-0.0006646165623214929,-0.0019069797663293282,0.0,9.716670617414723,0.00016658419124019653,0.007128541145893686,0.0,9.723989654798665,-0.0011085698093713826,-0.006068306412269702,0.0,0.0,0.0,0.011690615151836222,0.0
123.805741183,9.716984776799325,-0.0006646165623214929,-0.0019069797663293282,0.0,9.712188325682536,-0.01804456752108595,-0.008493813086770446,0.0,9.72026227257732,-0.004488427125730563,-0.005331246214462469,0.0,0.0,0.0,0.012299408254330842,0.0
123.856528859,9.716984776799325,-0.0006646165623214929,-0.0019069797663293282,0.0,9.710869830315042,-0.0014023749693702083,0.0016735781231058946,0.011940617052969352,9.718690637289074,-0.0038353679303946555,-0.0028998331926833047,0.011940617052969352,0.0,0.0,0.012458441230509786,0.0
123.905687708,9.716984776799325,-0.0006646165623214929,-0.0019069797663293282,0.0,9.738035395692233,-0.005994915590767439,0.005931051731238281,0.0,9.722795127940252,-0.0042930698762815795,-0.0011878344469683497,0.0,0.0,0.0,0.010382001553297333,0.0
123.955942085,9.716984776799325,-0.0006646165623214929,-0.0019069797663293282,0.0,9.73052632092119,-0.014693939699837946,-0.006073772669675147,0.0,9.724435498237085,-0.006500066242089287,-0.0018616873176167989,0.0,0.0,0.0,0.012472010920600362,0.0
124.005723575,9.716984776799325,-0.0006646165623214929,-0.0019069797663293282,0.0,9.711672579060462,0.008194953452805189,-0.005001324370137999,0.0,9.72172751647046,-0.0033822029344040758,-0.00267809168257064,0.0,0.0,0.0,0.010536035251390238,0.0
124.055963092,9.716984776799325,-0.0006646165623214929,-0.0019069797663293282,0.0,9.735251268674574,0.0019549841068441966,-0.0031919738399969954,0.0,9.724094437847322,-0.001846741167612431,-0.0013354582001432916,0.0,0.0,0.0,0.0072492797154128236,0.0
124.106827782,9.716984776799325,-0.0006646165623214929,-0.0019069797663293282,0.0,9.720068692581409,-0.015439276311789851,-2.195338083236836e-05,0.004256846469436864,9.723379016661903,-0.004730897126675685,-0.0010018811536607422,0.004256846469436864,0.0,0.0,0.0075805912441819345,0.0
124.155778166,9.716984776799325,-0.0006646165623214929,-0.0019069797663293282,0.0,9.700876724916894,-0.004102143670639209,-0.0030026397028390626,0.0,9.71860457692687,-0.004597517727217214,-0.0018002793964875354,0.0,0.0,0.0,0.009169627495801719,0.0
124.205736376,9.716984776799325,-0.0006646165623214929,-0.0019069797663293282,0.0,9.714784746254912,-0.048699970558406754,0.004152816762625815,0.007692303521095668,9.718036965225409,-0.013955146686650637,-0.00010555220317124336,0.007692303521095668,0.0,0.0,0.018462964922219376,0.0
124.256066719,9.716984776799325,-0.0006646165623214929,-0.0019069797663293282,0.0,9.705986070140638,0.0027221401145700003,-0.0007560492931466877,0.008220607808132167,9.720384329269788,-0.010049380464592379,0.0010537668312490718,0.008220607808132167,0.0,0.0,0.019706346933204028,0.0
124.306609007,9.716984776799325,-0.0006646165623214929,-0.0019069797663293282,0.0,9.718782166774263,-0.035699512056809164,-0.006100001312417313,0.0,9.720044389294566,-0.015492120715078257,-0.0009507585711606423,0.0,0.0,0.0,0.02135967951502031,0.0
124.355943532,9.716984776799325,-0.0006646165623214929,-0.0019069797663293282,0.0,9.732677507197264,0.006997053081149826,0.021746795797505436,0.0,9.722724830055093,-0.010719636524231647,0.004769797374353097,0.0,0.0,0.0,0.01725455476344235,0.0
124.406354938,9.716984776799325,-0.0006646165623214929,-0.0019069797663293282,0.0,9.750902088265525,-0.0005323696624572645,-0.004227693096204039,0.018388774291234627,9.729286024652156,-0.008556410413362907,0.0025628831905162197,0.018388774291234627,0.0,0.0,0.011890177706027839,0.0
124.45570778,9.716984776799325,-0.0006646165623214929,-0.0019069797663293282,0.0,9.7139373722009,0.007990367702314833,-0.010238062372805445,0.003826012782546219,9.726162915645462,-0.005046416516914349,-0.0007559086754833185,0.003826012782546219,0.0,0.0,0.010072051289451243,0.0
124.506104019,9.716984776799325,-0.0006646165623214929,-0.0019069797663293282,0.0,9.704571220086338,0.0069423659178876485,0.005772282694848564,0.014580543808819174,9.72205288990738,-0.0025021266262312152,0.0005943323426901392,0.014580543808819174,0.0,0.0,0.00517587901762895,0.0
124.556356565,9.716984776799325,-0.0006646165623214929,-0.0019069797663293282,0.0,9.732314481841126,-0.017984371049005066,0.004976798446131098,0.0,9.722200588145057,-0.005409377241414557,0.0025732708019221657,0.0,0.0,0.0,0.0018185035019549047,0.0
124.605748884,9.716984776799325,-0.0006646165623214929,-0.0019069797663293282,0.0,9.730152218006591,-0.022405007933816813,-0.011719437028754056,0.0,9.723887731375628,-0.009015920470414008,-0.0003013173609962912,0.0,0.0,0.0,0.008381102989971545,0.0
124.656663001,9.716984776799325,-0.0006646165623214929,-0.0019069797663293282,0.0,9.71208862275539,0.024918809889501917,0.001394118449447635,0.017140910805748172,9.721929820666707,-0.001815761408196886,2.5611925466746358e-05,0.017140910805748172,0.0,0.0,0.007513566162775379,0.0
124.706032686,9.716984776799325,-0.0006646165623214929,-0.0019069797663293282,0.0,9.696226403572432,-0.010931165386379732,0.001649006213184024,0.04420698414714948,9.717756631856806,-0.003749366565966538,0.0004397961696928024,0.04420698414714948,0.0,0.0,0.005966284133009397,0.0
124.755767613,9.716984776799325,-0.0006646165623214929,-0.0019069797663293282,0.0,9.734325694168625,-0.00029293531166335785,0.006458008805779412,0.0,9.71756140047456,-0.006261544246173641,0.0019928485061355833,0.0,0.0,0.0,0.006568431619477117,0.0
124.806127149,9.716984776799325,-0.0006646165623214929,-0.0019069797663293282,0.0,9.725575940681573,0.0030400295741849345,0.009965673128379388,0.0,9.722064163212478,-0.003289375779194301,0.004014104113436786,0.0,0.0,0.0,0.00230333307657177,0.0
124.855682736,9.716984776799325,-0.0006646165623214929,-0.0019069797663293282,0.0,9.725716624774707,-0.021409759134050434,0.0025846505333939856,0.011921321118131878,9.723238593852159,-0.007132617126706828,0.003577918819615755,0.011921321118131878,0.0,0.0,0.0029689136620039145,0.0
124.906044873,9.716984776799325,-0.0006646165623214929,-0.0019069797663293282,0.0,9.73097945778709,-0.007861126214977277,-0.006587356349112474,0.01637134286188855,9.72542593974029,-0.007286914994762044,0.0017330375162455385,0.01637134286188855,0.0,0.0,0.006304188376972216,0.0
124.956147856,9.716984776799325,-0.0006646165623214929,-0.0019069797663293282,0.0,9.70694534124212,0.003186346668513418,-0.008274637433778527,0.0,9.721504808804212,-0.005065751581564342,-0.00019663080587924324,0.0,0.0,0.0,0.00777971193503189,0.0
125.005640992,9.716984776799325,-0.0006646165623214929,-0.0019069797663293282,0.0,9.718308546368174,-0.002261800159450763,-0.01198678803029532,0.017922361674796206,9.720537003719905,-0.0006077515652716303,-0.0016620301638849938,0.017922361674796206,0.0,0.0,0.003588808719696312,0.0
125.055674064,9.716984776799325,-0.0006646165623214929,-0.0019069797663293282,0.0,9.701730151121302,0.026816767855875636,0.0017595187526747355,0.0023463083696402993,9.716622460635058,0.005211309495894748,-0.0005697519670738966,0.0023463083696402993,0.0,0.0,-0.001357386343331531,0.0
125.106897897,9.716984776799325,-0.0006646165623214929,-0.0019069797663293282,0.0,9.725163995230167,-0.02500647281548918,0.00847363629540791,0.005908065989032544,9.718611381270335,-0.0011993491306992957,0.0016102964466996395,0.005908065989032544,0.0,0.0,-0.002544501454793428,0.0
125.156195218,9.716984776799325,-0.0006646165623214929,-0.0019069797663293282,0.0,9.731062560498737,-0.004338449058933077,0.008168297899833631,0.001643033543904145,9.721307854273665,-0.0018648466936419797,0.0033883091808711904,0.001643033543904145,0.0,0.0,-0.002469902001861246,0.0
125.205675829,9.716984776799325,-0.0006646165623214929,-0.0019069797663293282,0.0,9.714792873799084,-0.007846868953472879,-0.005934452571295372,0.0,9.716963015733,-0.001874427863497122,-0.001428866811977642,0.0,0.0,0.0,0.0019175648384348915,0.0
125.256021255,9.716984776799325,-0.0006646165623214929,-0.0019069797663293282,0.0,9.741458443682,0.003988941329243993,-0.012352930203490018,0.026591817263070944,9.723034590001532,-0.0006331788512518675,-0.0048263227051148746,0.026591817263070944,0.0,0.0,0.005819006794283025,0.0
125.306259573,9.716984776799325,-0.0006646165623214929,-0.0019069797663293282,0.0,9.73138441489443,-0.013787355570794623,-0.004239602311347618,0.0,9.724806220132567,-0.003424072399589085,-0.0050496705974063735,0.0,0.0,0.0,0.010023282379153644,0.0
125.356233263,9.716984776799325,-0.0006646165623214929,-0.0019069797663293282,0.0,9.717311813492529,-0.019507644483674445,-0.0018844074411213203,0.0,9.723216089316432,-0.0068364351047868616,-0.004147813244973557,0.0,0.0,0.0,0.015290159820860079,0.0
125.406033399,9.716984776799325,-0.0006646165623214929,-0.0019069797663293282,0.0,9.722082638273168,0.01978997810761255,-0.0025691714683319347,0.0,9.723926176931384,0.004987801536868032,-0.005534589606780169,0.0,0.0,0.0,0.010404185783088802,0.0
125.455593884,9.716984776799325,-0.0006646165623214929,-0.0019069797663293282,0.0,9.711100372930943,0.012594085090838418,-0.0007702498285054259,0.0,9.721204853621378,0.006601892527891023,-0.004132801554698583,0.0,0.0,0.0,0.0015862674820666886,0.0
125.505912697,9.716984776799325,-0.0006646165623214929,-0.0019069797663293282,0.0,9.703206371265571,-0.01856039202030771,-0.0017290175156248519,0.0,9.717386013252948,0.001263177709323762,-0.00444766177874204,0.0,0.0,0.0,0.0017950128840085733,0.0
125.55565288,9.716984776799325,-0.0006646165623214929,-0.0019069797663293282,0.0,9.73081286735035,-0.0070631573063017275,-0.013034165629481823,0.0,9.718735062138485,-0.00022182713222249572,-0.002534763473096169,0.0,0.0,0.0,-0.0013000458807162789,0.0
125.606174538,9.716984776799325,-0.0006646165623214929,-0.0019069797663293282,0.0,9.737549390090267,-0.00526531516110271,-0.01101995005784512,0.0,9.72272700529218,-0.001291992423834037,-0.004935643479191936,0.0,0.0,0.0,0.0051822425222365805,0.0
125.656584234,9.716984776799325,-0.0006646165623214929,-0.0019069797663293282,0.0,9.718274846143863,0.006363987008976315,-0.002988379471115936,0.012328466987493144,9.722208342789894,0.0003304135320645982,-0.003975558634529004,0.012328466987493144,0.0,0.0,0.006658275947738336,0.0
125.705707484,9.716984776799325,-0.0006646165623214929,-0.0019069797663293282,0.0,9.714907911616724,0.002305840408668623,-0.013359849140694866,0.005967829511840176,9.72084443806799,0.0007481030956001651,-0.006174373850169679,0.005967829511840176,0.0,0.0,0.0073645211474843795,0.0
125.755969905,9.716984776799325,-0.0006646165623214929,-0.0019069797663293282,0.0,9.726185964075903,0.006973672703904954,-0.01230824873937184,0.026586642086955953,9.723972368554069,-0.005927181400521011,-0.00492558620193821,0.0,0.0,0.0,0.01433925799994504,0.0
125.805670809,9.716984776799325,-0.0006646165623214929,-0.0019069797663293282,0.0,9.703983854135666,-0.0006669991230784503,0.003356346869441667,0.0,9.720755212973964,-0.002657856417651514,-0.004405473915566763,0.0,0.0,0.0,0.0131177330703377,0.0
125.856269412,9.716984776799325,-0.0006646165623214929,-0.0019069797663293282,0.0,9.727747050766148,0.007057330413511615,-0.009448102966039639,0.02666315951155043,9.72308349986468,-0.0006011548003066972,-0.005984559376698286,0.02666315951155043,0.0,0.0,0.011506900795104635,0.0
125.907984607,9.716984776799325,-0.0006646165623214929,-0.0019069797663293282,0.0,9.696641952659302,0.016948260655811925,-0.008109675954057309,0.0,9.717473244456995,0.0031220937448381827,-0.006175033355551626,0.0,0.0,0.0,0.006887947077132316,0.0
125.956003118,9.716984776799325,-0.0006646165623214929,-0.0019069797663293282,0.0,9.72497161892763,-0.015153728606725942,-0.022590816108550228,0.0031685728639845524,9.719178840246876,-0.0007578868531161439,-0.009929668929687382,0.0031685728639845524,0.0,0.0,0.014010915829873391,0.0
126.005736129,9.716984776799325,-0.0006646165623214929,-0.0019069797663293282,0.0,9.730768510869042,-0.015981381585436796,-0.0004380903338154884,0.0,9.721936312702447,-0.006594094055579175,-0.00704315541929689,0.0,0.0,0.0,0.01920465200212158,0.0
126.056408619,9.716984776799325,-0.0006646165623214929,-0.0019069797663293282,0.0,9.713575402290882,0.021959747234899588,0.01210753936497269,0.0,9.720162332835983,-0.0005352063473358128,-0.0031122639122675394,0.0,0.0,0.0,0.013835839631806825,0.0
126.105961107,9.716984776799325,-0.0006646165623214929,-0.0019069797663293282,0.0,9.710900885840205,0.019841747403623686,0.0005895093255375547,0.0,9.71819727897927,0.003788332450483718,-0.0017741535767408772,0.0,0.0,0.0,0.0019375696402237298,0.0
126.15641232,9.716984776799325,-0.0006646165623214929,-0.0019069797663293282,0.0,9.731014966862329,0.022375561646260093,-0.004558308497425849,0.0,9.719747588192,0.006823634885312794,-0.0053345939418331404,0.0,0.0,0.0,0.003696706259150792,0.0
126.205943644,9.716984776799325,-0.0006646165623214929,-0.0019069797663293282,0.0,9.719437620425468,-0.0245053425124415,0.0013829533334471442,0.0,9.719681820971871,0.00017658459861048977,-0.0029859850567797957,0.0,0.0,0.0,0.002551469119993939,0.0
126.256371732,9.716984776799325,-0.0006646165623214929,-0.0019069797663293282,0.0,9.747911769363487,-0.0002928777601823301,-0.0048384365929748235,0.005855121688207235,9.725852421105579,7.631335624544422e-05,-0.0029967121726317825,0.005855121688207235,0.0,0.0,0.003987029140165115,0.0
126.305761594,9.716984776799325,-0.0006646165623214929,-0.0019069797663293282,0.0,9.705881518365675,-0.01166840807782198,-0.009626603675769934,0.0,9.72161508020788,-0.00241581322546755,-0.0052256262021933945,0.0,0.0,0.0,0.009733909289476048,0.0
126.356398982,9.716984776799325,-0.0006646165623214929,-0.0019069797663293282,0.0,9.71787750838422,-0.004327095302225161,-0.008378923836745785,0.002377757509832781,9.72277514289874,-0.001486252995683688,-0.004832594735126983,0.002377757509832781,0.0,0.0,0.009821633322276736,0.0
126.406225029,9.716984776799325,-0.0006646165623214929,-0.0019069797663293282,0.0,9.708779558199799,0.01857788315945594,0.009180453847967118,0.0,9.719805620674876,0.002771091277832153,-0.001862713250375327,0.0,0.0,0.0,0.004819287565916379,0.0
126.455979972,9.716984776799325,-0.0006646165623214929,-0.0019069797663293282,0.0,9.696923139716155,-0.006465396751264124,0.005584781557258656,0.0,9.714950514362322,0.0008114049804262865,-0.00019813972955872372,0.0,0.0,0.0,0.0006565733279472543,0.0
126.505798039,9.716984776799325,-0.0006646165623214929,-0.0019069797663293282,0.0,9.720287317329914,0.023246655077478477,-0.013980111228394092,0.0,9.716082853971614,0.005571533459279524,-0.0027875673241112343,0.0,0.0,0.0,-0.0029081280778635275,0.0
126.555567053,9.716984776799325,-0.0006646165623214929,-0.0019069797663293282,0.0,9.72247421373449,0.0026831906612127107,0.020737070309263077,0.0,9.716494862773908,0.0004744978989670431,0.0043388918073810345,0.0,0.0,0.0,-0.004348158509845363,0.0
126.60622695,9.716984776799325,-0.0006646165623214929,-0.0019069797663293282,0.0,9.73073808348695,0.014515065067253193,-0.0018506172548467207,0.002072906198689496,9.719583093585618,0.0034536039484465513,0.0038273985086451833,0.002072906198689496,0.0,0.0,-0.00846371669777126,0.0
126.656456609,9.716984776799325,-0.0006646165623214929,-0.0019069797663293282,0.0,9.72179194309377,0.0007407450316420831,0.00025335238234549433,0.0,9.720051757754101,0.002877929506929315,0.00289149031557147,0.0,0.0,0.0,-0.009597504981897056,0.0
126.705973154,9.716984776799325,-0.0006646165623214929,-0.0019069797663293282,0.0,9.713847226845127,0.03102943849144744,0.005377736015317435,0.012257317892369658,9.719112265498921,0.008852359064183048,0.0025699075284827738,0.012257317892369658,0.0,0.0,-0.015649834221394945,0.0
126.755731767,9.716984776799325,-0.0006646165623214929,-0.0019069797663293282,0.0,9.70304550242781,0.0011050773821599802,-0.004713978997563715,0.001242134968619735,9.717389712164124,0.007782080424346869,0.0006508847119434631,0.001242134968619735,0.0,0.0,-0.015384124367717158,0.0
126.80590071,9.716984776799325,-0.0006646165623214929,-0.0019069797663293282,0.0,9.718986825201801,0.007653994767646404,-0.009000587331541786,0.012561231706673854,9.718105720969556,0.007753946190643007,-0.000901631086876178,0.012561231706673854,0.0,0.0,-0.012926373042564509,0.0
126.85620531,9.716984776799325,-0.0006646165623214929,-0.0019069797663293282,0.0,9.691094413352971,0.010278317637312302,0.006125906093846752,0.02566493275493324,9.713144950366207,0.00829032159101498,0.00041945095584259564,0.02566493275493324,0.0,0.0,-0.012894273296402773,0.0
126.905976154,9.716984776799325,-0.0006646165623214929,-0.0019069797663293282,0.0,9.713754830370954,-0.013864898346436356,0.0026957274460821874,0.004424115367441841,9.713415130733877,0.0035898904506752255,0.0010289437274991528,0.004424115367441841,0.0,0.0,-0.009055092557702664,0.0
126.955696958,9.716984776799325,-0.0006646165623214929,-0.0019069797663293282,0.0,9.72291218105473,-0.008615786381136541,0.006641840461054565,0.004509641868911826,9.718771466104828,0.0016351672679416071,0.0012642487603867544,0.004509641868911826,0.0,0.0,-0.007035589947231149,0.0
127.005849958,9.716984776799325,-0.0006646165623214929,-0.0019069797663293282,0.0,9.724004526551441,-0.013566805559517257,0.003833783894170615,0.022399261760424134,9.72058026109359,-0.0015888794919291997,0.0013305189914850528,0.022399261760424134,0.0,0.0,-0.003090416132997281,0.0
127.05595294,9.716984776799325,-0.0006646165623214929,-0.0019069797663293282,0.0,9.740421785742557,0.022383510173347273,-0.008880086344229746,0.0,9.724790151700814,0.003496404883863055,-0.001169017217633795,0.0,0.0,0.0,-0.002508234336380424,0.0
127.106431723,9.716984776799325,-0.0006646165623214929,-0.0019069797663293282,0.0,9.719732034512338,-0.011799793878506649,-0.00419149238875483,0.005565292229857552,9.723878887917422,0.0002504794734214549,-0.002106742770974022,0.005565292229857552,0.0,0.0,0.0013128489682793642,0.0
127.155957573,9.716984776799325,-0.0006646165623214929,-0.0019069797663293282,0.0,9.720596733962378,0.007863340649670904,0.006704342375417786,0.005454741050720763,9.730626613609155,0.0017738888517768094,-0.001075126302262835,0.005454741050720763,0.0,0.0,0.0009771277238088873,0.0
127.205945984,9.716984776799325,-0.0006646165623214929,-0.0019069797663293282,0.0,9.72129688957527,-0.0018722359228678632,0.0005780747092409316,0.0072312893265034425,9.72888305565314,0.0010002588137365028,-0.0009922776136520944,0.0072312893265034425,0.0,0.0,1.312720387430669e-05,0.0
127.255687551,9.716984776799325,-0.0006646165623214929,-0.0019069797663293282,0.0,9.697387411079713,-0.005748910897564076,0.0022096937352262505,0.011751613710628446,9.722579191307691,-0.00043158604872925595,-0.0008609433989174173,0.011751613710628446,0.0,0.0,0.0009314319150344596,0.0
127.305908696,9.716984776799325,-0.0006646165623214929,-0.0019069797663293282,0.0,9.699880426242265,-0.024767205741718767,-0.007874005319451734,0.021987138266541393,9.71846704207214,-0.005596961190149136,-0.002726806221871637,0.021987138266541393,0.0,0.0,0.00957091562362982,0.0
127.355715115,9.716984776799325,-0.0006646165623214929,-0.0019069797663293282,0.0,9.717054171165723,-0.00974322251634253,0.011189746310604633,0.0,9.718741573726156,-0.008612989361057692,-0.0005419436534289784,0.0,0.0,0.0,0.014018908870457359,0.0
127.405685866,9.716984776799325,-0.0006646165623214929,-0.0019069797663293282,0.0,9.674566900611852,-0.005903909332647168,-0.013731781537731823,0.01688517135809166,9.70988045806594,-0.00804063813915457,-0.003421461952395347,0.01688517135809166,0.0,0.0,0.016118250226787915,0.0
127.45626999,9.716984776799325,-0.0006646165623214929,-0.0019069797663293282,0.0,9.728233704784284,0.014303298782969027,-0.008517357153403012,0.0,9.713774570768674,-0.003300171311440339,-0.005633951789560829,0.0,0.0,0.0,0.015847133232173544,0.0
127.505861992,9.716984776799325,-0.0006646165623214929,-0.0019069797663293282,0.0,9.714003171350672,0.0004508021408117978,0.004118155263096821,0.0206047695865416,9.71453085860023,-0.0025065348359865763,-0.0034778724195765874,0.0206047695865416,0.0,0.0,0.011472341303094404,0.0
127.555659022,9.716984776799325,-0.0006646165623214929,-0.0019069797663293282,0.0,9.731780763195776,0.012722520329462509,-0.0052949743795250095,0.022364601038873427,9.717634476442273,0.0013205174759189913,-0.0037485801503297,0.022364601038873427,0.0,0.0,0.007246921897247065,0.0
127.605809143,9.716984776799325,-0.0006646165623214929,-0.0019069797663293282,0.0,9.74298101990401,-0.023188066570830324,-0.015445554109703755,0.014689867721966121,9.723488136660121,-0.003883629395242758,-0.006447787130916739,0.014689867721966121,0.0,0.0,0.010592291382203642,0.0
127.656678751,9.716984776799325,-0.0006646165623214929,-0.0019069797663293282,0.0,9.711980521848202,-0.017878150128734803,0.0024118928693889915,0.009847398555591998,9.721350784239908,-0.006853474977640644,-0.004084066722565624,0.009847398555591998,0.0,0.0,0.015170221552034029,0.0
127.705678144,9.716984776799325,-0.0006646165623214929,-0.0019069797663293282,0.0,9.750473501574316,0.01614337183386272,-0.009924450179546261,0.010463403780594101,9.7278632361456,-0.0019763287975309157,-0.005699447665036991,0.010463403780594101,0.0,0.0,0.01315515120052187,0.0
127.756566646,9.716984776799325,-0.0006646165623214929,-0.0019069797663293282,0.0,9.738051100270079,0.012333799708903193,-0.006558900885098462,0.021826521130137378,9.729134637721897,-0.0026280475371770256,-0.0065447960295972165,0.021826521130137378,0.0,0.0,0.01580818449970008,0.0
127.806268887,9.716984776799325,-0.0006646165623214929,-0.0019069797663293282,0.0,9.714075176276747,-0.027422170445018698,-0.004456587257196425,0.007403450098972939,9.72614719949241,-0.007889777968349393,-0.006352031708106761,0.007403450098972939,0.0,0.0,0.018668216977190226,0.0
127.855755612,9.716984776799325,-0.0006646165623214929,-0.0019069797663293282,0.0,9.702712908170074,-0.009617069617952908,-0.005164655346629413,0.025557363972281123,9.72198418925218,-0.00826118485772607,-0.005948199917889608,0.025557363972281123,0.0,0.0,0.021504272181038113,0.0
127.90569653,9.716984776799325,-0.0006646165623214929,-0.0019069797663293282,0.0,9.697627636690859,0.018113635062164724,0.00753575560111049,0.0,9.715181788175128,-0.0005149413401245246,-0.002946303876997617,0.0,0.0,0.0,0.01942145479918265,0.0
127.955642161,9.716984776799325,-0.0006646165623214929,-0.0019069797663293282,0.0,9.69796481788,0.0038927970592693463,0.004888109544728299,0.0,9.711528768693746,0.0004208230555907261,-0.001676840644066336,0.0,0.0,0.0,0.008149975846082349,0.0
128.005658644,9.716984776799325,-0.0006646165623214929,-0.0019069797663293282,0.0,9.695017411724578,0.0025395091639788367,0.00015165794608665683,0.004338339158549301,9.708145897577142,0.0008702700680814229,-0.0013343229713894513,0.004338339158549301,0.0,0.0,0.0032968691790019825,0.0
128.056096116,9.716984776799325,-0.0006646165623214929,-0.0019069797663293282,0.0,9.715929575577054,0.0021668187905547185,-0.0025992293258410427,0.004720861663006856,9.709955941063827,0.001145094454228706,-0.0018612491942094642,0.004720861663006856,0.0,0.0,0.0017965330463676089,0.0
128.106318045,9.716984776799325,-0.0006646165623214929,-0.0019069797663293282,0.0,9.72553653911076,0.014386701227970708,0.0011719410756866652,0.0,9.716487084652059,0.0033686090386264023,0.0005116186113500716,0.0,0.0,0.0,-4.3017095095355e-06,0.0
128.156665267,9.716984776799325,-0.0006646165623214929,-0.0019069797663293282,0.0,9.712943922210915,0.006033757066212458,-0.012202959964415762,0.029238751841519785,9.716667431585316,0.003932533883154239,-0.0028507181870436084,0.029238751841519785,0.0,0.0,-0.0023167284363955474,0.0
128.206352712,9.716984776799325,-0.0006646165623214929,-0.0019069797663293282,0.0,9.743621510731515,-0.006303752389666313,-0.002224851838471907,0.02933087436732132,9.723217057743213,0.0017584818344771264,-0.002906712810472476,0.02933087436732132,0.0,0.0,-0.0003024591736238908,0.0
128.255699079,9.716984776799325,-0.0006646165623214929,-0.0019069797663293282,0.0,9.69372546988185,-0.009060913038639987,-0.011820085070277,0.0,9.716959656945948,-0.0005386026079347663,-0.0042132452182176774,0.0,0.0,0.0,0.005211568125169993,0.0
128.306467216,9.716984776799325,-0.0006646165623214929,-0.0019069797663293282,0.0,9.70419195717327,-0.006435949166384777,-0.0061771969865637025,0.016834390302382447,9.717294719709821,-0.0005866357058854424,-0.0031955422149506254,0.016834390302382447,0.0,0.0,0.0027696983926490458,0.0
128.355732238,9.716984776799325,-0.0006646165623214929,-0.0019069797663293282,0.0,9.73543496752297,0.0030033353385050003,-0.006986041977615426,0.0,9.721143638024945,0.00017445773920127272,-0.00347731601602955,0.0,0.0,0.0,0.004713634114784896,0.0
128.405728157,9.716984776799325,-0.0006646165623214929,-0.0019069797663293282,0.0,9.72052357104361,0.018798258428977557,-0.0015162024930677894,0.009207428508341109,9.721319010357288,0.004125249088543816,-0.003455994547868621,0.009207428508341109,0.0,0.0,0.0022519860609398275,0.0
128.455689467,9.716984776799325,-0.0006646165623214929,-0.0019069797663293282,0.0,9.696301999098276,0.01217904016989216,-0.006816230771396861,0.0,9.716011007466124,0.005833789505640261,-0.004220084850036738,0.0,0.0,0.0,-0.001119479546640682,0.0
128.505629121,9.716984776799325,-0.0006646165623214929,-0.0019069797663293282,0.0,9.71195140155343,0.014125472615544749,0.010121931612772696,0.005620624600592142,9.716276411566135,0.005777062396736933,-0.0014764889054853351,0.005620624600592142,0.0,0.0,0.000931317988741031,0.0
128.555709414,9.716984776799325,-0.0006646165623214929,-0.0019069797663293282,0.0,9.72894431974614,0.018032327675346217,-0.006882049232506659,0.006250535082407381,9.719148064951593,0.008376609814350408,-0.0018196516428974241,0.006250535082407381,0.0,0.0,-0.006141887059783359,0.0
128.606134497,9.716984776799325,-0.0006646165623214929,-0.0019069797663293282,0.0,9.710685145940095,0.005489881813953571,0.0039475866410661736,0.0,9.717352439900136,0.007764397328268933,-0.0011316585880190167,0.0,0.0,0.0,-0.009229562003971459,0.0
128.656757677,9.716984776799325,-0.0006646165623214929,-0.0019069797663293282,0.0,9.73202812594433,-0.018097539840990818,0.007296824718887981,0.0,9.720466264573485,0.0022773385265586416,0.0009942106694377378,0.0,0.0,0.0,-0.0064429801612721415,0.0
128.705960806,9.716984776799325,-0.0006646165623214929,-0.0019069797663293282,0.0,9.711941193139898,0.011091564805567498,-0.002883138626090554,0.0,9.717514118504637,0.005155224000009201,-0.0016386381531821254,0.0,0.0,0.0,-0.005704982377373385,0.0
128.75574804,9.716984776799325,-0.0006646165623214929,-0.0019069797663293282,0.0,9.725745648917272,-0.0041462292949088235,0.004048083824352394,0.0038231033736147277,9.71937666487702,0.0031819151160774476,-0.0005312622406004901,0.0038231033736147277,0.0,0.0,-0.005026729146405061,0.0
128.806107316,9.716984776799325,-0.0006646165623214929,-0.0019069797663293282,0.0,9.726637602215122,-0.005849604602317506,-0.005700467640132709,0.0,9.720917259388115,0.0012654449826948345,-0.0022096948463096113,0.0,0.0,0.0,-0.0018903720725285467,0.0
128.855753413,9.716984776799325,-0.0006646165623214929,-0.0019069797663293282,0.0,9.71949597428603,0.007442024717115775,-0.00329719140911321,0.03516678051573027,9.714397478008477,0.0049294092659548355,-0.000964494206254301,0.0,0.0,0.0,-0.0049965686938486095,0.0
128.90584961,9.716984776799325,-0.0006646165623214929,-0.0019069797663293282,0.0,9.743377301189659,0.0010751639608828053,0.0028105967289182424,0.02185001781044145,9.722915861501601,0.004530806937504188,-0.0007247134768868943,0.02185001781044145,0.0,0.0,-0.0060568173764392495,0.0
128.956576581,9.716984776799325,-0.0006646165623214929,-0.0019069797663293282,0.0,9.709029743749072,0.003930458743613907,0.006929673215845364,0.02829818962053746,9.720834653435768,0.004404982704662064,0.0010131880770732201,0.02829818962053746,0.0,0.0,-0.007240399287403238,0.0
129.005555844,9.716984776799325,-0.0006646165623214929,-0.0019069797663293282,0.0,9.702666625340836,-0.016191275865215654,0.0054149440012341305,0.0,9.71697983973104,3.559492991821785e-05,0.0025940283457126117,0.0,0.0,0.0,-0.006229116290013371,0.0
129.056437092,9.716984776799325,-0.0006646165623214929,-0.0019069797663293282,0.0,9.724910332735528,0.009054861476871559,-0.004966024917828325,0.03155994995582749,9.7195539199093,0.0003775229068363455,-0.0017718736901597854,0.03155994995582749,0.0,0.0,0.00033788886487583843,0.0
129.105665566,9.716984776799325,-0.0006646165623214929,-0.0019069797663293282,0.0,9.725011746431964,-0.0060825981602614125,-0.00437023984755956,0.0,9.720711938000413,-0.0009936454883267105,-0.0017748212539992383,0.0,0.0,0.0,0.0026476697617170727,0.0
129.155950033,9.716984776799325,-0.0006646165623214929,-0.0019069797663293282,0.0,9.721358510299078,-0.0210747131754909,0.0015474074891383945,0.0071164294751402905,9.721071480731366,-0.005254289653241687,-0.0013268370292896024,0.0071164294751402905,0.0,0.0,0.006635554692857517,0.0
129.205710329,9.716984776799325,-0.0006646165623214929,-0.0019069797663293282,0.0,9.72315578073747,0.026913706110026272,-0.010929869866923481,0.0031893138952068527,9.721617384059263,0.0015699519347633414,-0.003694640477937566,0.0031893138952068527,0.0,0.0,0.004378411393795915,0.0
129.255599663,9.716984776799325,-0.0006646165623214929,-0.0019069797663293282,0.0,9.722801422965688,0.006198835152967644,-0.0022381836253826657,0.0,9.721784565998384,0.001515446817244712,-6.734213436699785e-05,0.0,0.0,0.0,0.0007264128573339019,0.0
129.306584757,9.716984776799325,-0.0006646165623214929,-0.0019069797663293282,0.0,9.72025348016345,-0.0016048633353435058,0.012669367867899003,0.0,9.721459708435402,0.0008540919962244887,0.001847873560612822,0.0,0.0,0.0,-0.0022991232071318257,0.0
129.355815435,9.716984776799325,-0.0006646165623214929,-0.0019069797663293282,0.0,9.71301145458775,0.016584436312048194,-0.012929308941007684,0.0,9.719667193050418,0.004191206069286258,-0.0008782287496819426,0.0,0.0,0.0,-0.004150761357124869,0.0
129.405997738,9.716984776799325,-0.0006646165623214929,-0.0019069797663293282,0.0,9.70933695135715,0.0016466226635410684,-0.005605385790923312,0.002485255493931732,9.717547731832838,0.0036510767707060403,-0.0014589930721673446,0.002485255493931732,0.0,0.0,-0.0037019243694688068,0.0
129.456152114,9.716984776799325,-0.0006646165623214929,-0.0019069797663293282,0.0,9.72073448147611,0.006420317020590425,0.009767306352655594,0.0,9.716713951558189,-0.0015968517249265587,-0.0006787396312417963,0.0,0.0,0.0,0.00141972395401267,0.0
129.506265057,9.716984776799325,-0.0006646165623214929,-0.0019069797663293282,0.0,9.751612138257208,0.00657381323422456,0.002777638637313452,0.005621676948477551,9.724960346547938,0.001477311532580726,0.001885254079121772,0.005621676948477551,0.0,0.0,-0.0026841475870282875,0.0
129.556792375,9.716984776799325,-0.0006646165623214929,-0.0019069797663293282,0.0,9.723880326312933,-0.0031736102739763246,-0.019746254025809085,0.0,9.724731192908765,0.000490042880288808,-0.0036521170019827224,0.0,0.0,0.0,0.00013316390211555798,0.0
129.605824714,9.716984776799325,-0.0006646165623214929,-0.0019069797663293282,0.0,9.693764430726578,-0.010747193130107918,-0.0035841321947664537,0.0,9.718160798229892,-0.0018942317423820193,-0.0032391827410568996,0.0,0.0,0.0,0.005769166171291803,0.0
129.656481343,9.716984776799325,-0.0006646165623214929,-0.0019069797663293282,0.0,9.70416890507266,0.007538350952355737,-0.004425461487484151,0.003575547429594128,9.711470572080913,0.0022181479889568324,-0.0012322814734238114,0.003575547429594128,0.0,0.0,0.0009712217284759935,0.0
129.705570218,9.716984776799325,-0.0006646165623214929,-0.0019069797663293282,0.0,9.73970844431575,-0.02234581530569929,0.0008271949115863868,0.007826907869494215,9.717698427802368,-0.0029938921945501574,-0.0007908744267880007,0.007826907869494215,0.0,0.0,0.0026284106005441416,0.0
129.756081394,9.716984776799325,-0.0006646165623214929,-0.0019069797663293282,0.0,9.716356790514581,-0.011507512231083133,-0.00011393705826225154,0.040174278173406255,9.718611188504504,-0.00480116105211521,-0.0003290873253513921,0.040174278173406255,0.0,0.0,0.005987563557752507,0.0
129.806386618,9.716984776799325,-0.0006646165623214929,-0.0019069797663293282,0.0,9.728205275466594,0.00023994995178078368,-0.016272018020091282,0.0,9.72064681851204,-0.003734078622928263,-0.0028844011047240103,0.0,0.0,0.0,0.009197411770287258,0.0
129.856130487,9.716984776799325,-0.0006646165623214929,-0.0019069797663293282,0.0,9.708040144153134,0.004788999249314011,-0.0005827263323410445,0.03372668180066432,9.71494636575722,0.0023559331803576673,-0.004624853923689997,0.03372668180066432,0.0,0.0,0.0056446178034192385,0.0
129.906458218,9.716984776799325,-0.0006646165623214929,-0.0019069797663293282,0.0,9.734775454532512,-0.01615148850374732,0.007937129618201345,0.0,9.719153623868959,-0.0015690414180480174,-0.001870438044149442,0.0,0.0,0.0,0.00508241675812191,0.0
129.956579822,9.716984776799325,-0.0006646165623214929,-0.0019069797663293282,0.0,9.70320571070636,-0.0023261332982097544,0.0012065152971515887,0.0,9.715769864785315,-0.0017295023633539758,-0.00028963738851774465,0.0,0.0,0.0,0.004353241073963971,0.0
130.006049991,9.716984776799325,-0.0006646165623214929,-0.0019069797663293282,0.0,9.72716102144577,-0.025391376417483933,-0.008686401914741017,0.035727650203399464,9.719339379302891,-0.006752517957014495,-0.001773526040393703,0.035727650203399464,0.0,0.0,0.010831627335589974,0.0
130.055813736,9.716984776799325,-0.0006646165623214929,-0.0019069797663293282,0.0,9.70492232629197,-0.0018322792881132425,-0.0020058381296976513,0.00208634653781248,9.713380870683093,-0.008759184066895295,-0.001548148794835554,0.00208634653781248,0.0,0.0,0.017271934861454036,0.0
130.105559457,9.716984776799325,-0.0006646165623214929,-0.0019069797663293282,0.0,9.71116894642448,0.0080029071819289,0.010553929370599981,0.0,9.7129115557296,-0.005201496160295683,0.0013757278455381614,0.0,0.0,0.0,0.012060703768087795,0.0
130.155901774,9.716984776799325,-0.0006646165623214929,-0.0019069797663293282,0.0,9.73483475756875,-0.009383595202778785,-0.007068712361786302,0.005909510572825256,9.717734380149558,-0.0060894535510344445,0.0002885638075670518,0.005909510572825256,0.0,0.0,0.009339821477341543,0.0
130.206338607,9.716984776799325,-0.0006646165623214929,-0.0019069797663293282,0.0,9.725142279088432,-0.008104268852888301,-0.001972812148169902,0.026938364547267845,9.720116456538658,-0.006517117674324672,-0.0003225828030536374,0.026938364547267845,0.0,0.0,0.010458138144303932,0.0
130.25612679,9.716984776799325,-0.0006646165623214929,-0.0019069797663293282,0.0,9.726727749753413,-0.009406606929689686,0.01260198574588351,0.005386549158997934,9.71909483111762,-0.005516364775041451,0.0034277836118925386,0.005386549158997934,0.0,0.0,0.006148058386907768,0.0
130.306398142,9.716984776799325,-0.0006646165623214929,-0.0019069797663293282,0.0,9.71275671084939,0.017946710466917294,-0.0023646925655089364,0.0,9.717750036058385,-0.0005384729425473057,0.002690424666142725,0.0,0.0,0.0,0.0011374037436008883,0.0
130.355647119,9.716984776799325,-0.0006646165623214929,-0.0019069797663293282,0.0,9.706528420962202,-0.032373675383116904,0.013373345859804318,0.0,9.715369081834593,-0.00729271266551338,0.004952047188096003,0.0,0.0,0.0,0.0029558779751083005,0.0
130.405695706,9.716984776799325,-0.0006646165623214929,-0.0019069797663293282,0.0,9.724657399301206,0.00732710364845883,0.011382126279987397,0.018306450435255202,9.717052533071223,-0.00375023914227119,0.005463482451267275,0.018306450435255202,0.0,0.0,0.003099364518520285,0.0
130.456336105,9.716984776799325,-0.0006646165623214929,-0.0019069797663293282,0.0,9.725163377776363,-0.010577345910309222,-0.0017702333302142225,0.003026955877389792,9.718860826352232,-0.005199019791775039,0.003397881522526046,0.003026955877389792,0.0,0.0,0.0015558288101985992,0.0
130.505813259,9.716984776799325,-0.0006646165623214929,-0.0019069797663293282,0.0,9.712126458372456,0.01815477396393558,0.002321594766392102,0.0,9.717431957445184,-0.00024399744419758423,0.003340316846079653,0.0,0.0,0.0,-0.001045508493991801,0.0
130.556010876,9.716984776799325,-0.0006646165623214929,-0.0019069797663293282,0.0,9.749835062140104,0.0046008150612055175,0.007767821003001674,0.01456840075765942,9.72480934372073,0.0007862688960675289,0.003778593781743118,0.01456840075765942,0.0,0.0,-0.004829109636859147,0.0
130.606051842,9.716984776799325,-0.0006646165623214929,-0.0019069797663293282,0.0,9.721551028978158,0.0308572026186302,-0.010408083822109948,0.010325230361364677,9.723669529853026,0.004281573927443648,0.0033864853578487713,0.0,0.0,0.0,-0.010018285082730397,0.0
130.655698345,9.716984776799325,-0.0006646165623214929,-0.0019069797663293282,0.0,9.700484792661063,-0.006088659256220091,-0.017235833760413554,0.0016828238798135993,9.71870439050072,0.006522044669218276,-0.00341165270366716,0.0016828238798135993,0.0,0.0,-0.00960379159078801,0.0
130.705565508,9.716984776799325,-0.0006646165623214929,-0.0019069797663293282,0.0,9.692419438619824,-0.0027610275607225874,-0.014728878155838161,0.02118871462692133,9.71385042596833,0.004547910204027751,-0.005118845704358017,0.02118871462692133,0.0,0.0,-0.003725637079060403,0.0
130.755711326,9.716984776799325,-0.0006646165623214929,-0.0019069797663293282,0.0,9.740471349667171,-0.02288799655727352,0.006698385810146831,0.0,9.719498741192014,-0.0012721433689866493,-0.002353413255767433,0.0,0.0,0.0,0.0029191140162052563,0.0
130.805782854,9.716984776799325,-0.0006646165623214929,-0.0019069797663293282,0.0,9.704501212377856,-0.028930960509487267,-0.013657802409462442,0.0,9.713520709682976,-0.0018095723840387996,-0.005486686550126199,0.0,0.0,0.0,-0.0019314034384983437,0.0
130.856917536,9.716984776799325,-0.0006646165623214929,-0.0019069797663293282,0.0,9.718454925594703,0.004380713812289429,0.0003542199542672414,0.0,9.714567630685261,-0.0004959890334078256,-0.004602715777801418,0.0,0.0,0.0,0.005976134384539587,0.0
130.905614906,9.716984776799325,-0.0006646165623214929,-0.0019069797663293282,0.0,9.721802102755351,0.01650232073558599,-0.008155061010381824,0.0,9.716102609829209,0.0031105845988291126,-0.005318260128174153,0.0,0.0,0.0,0.005416412587902008,0.0
130.955632895,9.716984776799325,-0.0006646165623214929,-0.0019069797663293282,0.0,9.691446746768277,0.00735042447107861,0.007252205274889231,0.005385153878460579,9.711036669177522,0.004009781953558187,-0.003060120448654101,0.005385153878460579,0.0,0.0,0.001828997814033129,0.0
131.006041337,9.716984776799325,-0.0006646165623214929,-0.0019069797663293282,0.0,9.734673677749871,-0.01710648760736214,0.00046786085819343565,0.0,9.716051868505419,-0.00047050808602830917,-0.001911643131533174,0.0,0.0,0.0,0.0032117524983499507,0.0
131.056083391,9.716984776799325,-0.0006646165623214929,-0.0019069797663293282,0.0,9.739550666956713,-0.008957949501874701,-0.0014781405630956298,0.0,9.720856156013902,-0.0014470215460520809,-0.004638078628273741,0.0,0.0,0.0,0.006899018550206917,0.0
131.105567069,9.716984776799325,-0.0006646165623214929,-0.0019069797663293282,0.0,9.718239402037923,-0.008411553520703908,-0.001890582086035193,0.0,9.72030094459242,-0.0029246390570108415,-0.004173856237303889,0.0,0.0,0.0,0.009607552998932893,0.0
131.155796277,9.716984776799325,-0.0006646165623214929,-0.0019069797663293282,0.0,9.698977174247151,0.015476591140815081,0.004035929659241208,0.0,9.715776558896353,0.0009798116048243496,-0.0025731513207452638,0.0,0.0,0.0,0.004684452800942761,0.0
131.206466971,9.716984776799325,-0.0006646165623214929,-0.0019069797663293282,0.0,9.722239228211167,0.002504319941968743,-0.006743241405967558,0.0019715038718542063,9.724299634101435,0.0016164610032939467,-0.002491831810090393,0.0019715038718542063,0.0,0.0,0.0011443160559165726,0.0
131.255675536,9.716984776799325,-0.0006646165623214929,-0.0019069797663293282,0.0,9.705115565863997,-0.02628591073095701,0.0062298955008481816,0.0,9.720229242053206,-0.004303244018342443,-9.583925863017099e-05,0.0,0.0,0.0,0.0038600948747517377,0.0
131.306285997,9.716984776799325,-0.0006646165623214929,-0.0019069797663293282,0.0,9.70341788099085,-0.006391254036583267,-0.010396243490777952,0.0,9.716662278562396,-0.004746707182733448,-0.0015014134960932228,0.0,0.0,0.0,0.007408269931674205,0.0
131.356233929,9.716984776799325,-0.0006646165623214929,-0.0019069797663293282,0.0,9.70943467374184,0.006523170655952959,-0.002174628414464234,0.0,9.715128756328262,-0.002355540038779204,-0.0012794539577304384,0.0,0.0,0.0,0.006297642507837839,0.0
131.405731504,9.716984776799325,-0.0006646165623214929,-0.0019069797663293282,0.0,9.739475191246134,-0.0021649603390330877,-0.014318475017809902,0.0,9.720827777868445,-0.004387165938292839,-0.004537542054300958,0.0,0.0,0.0,0.010851041898304745,0.0
131.455552661,9.716984776799325,-0.0006646165623214929,-0.0019069797663293282,0.0,9.723561312555434,-0.00909412008848051,-0.01666069917422992,0.0016834617277410437,9.721460605276627,-0.005386291230313814,-0.006715839297889931,0.0016834617277410437,0.0,0.0,0.015530033979572384,0.0
131.506494419,9.716984776799325,-0.0006646165623214929,-0.0019069797663293282,0.0,9.738636604983952,0.001735052230316256,-0.004331665499033014,0.007288861004603349,9.725331061148408,-0.0038766782800938593,-0.006944018412060957,0.007288861004603349,0.0,0.0,0.017281091987836044,0.0
131.55566573,9.716984776799325,-0.0006646165623214929,-0.0019069797663293282,0.0,9.7164791677939,0.010981398864697787,0.00011241762301293602,0.0,9.72345290572123,-0.0007239415147972561,-0.005673618473406907,0.0,0.0,0.0,0.012367206911835418,0.0
131.606112812,9.716984776799325,-0.0006646165623214929,-0.0019069797663293282,0.0,9.717753087756842,-0.006515933274157611,-0.0015232612258144651,0.0,9.71802659363338,-0.00045252739718097267,-0.004886012645253254,0.0,0.0,0.0,0.009716936917653393,0.0
131.655772123,9.716984776799325,-0.0006646165623214929,-0.0019069797663293282,0.0,9.716765229499638,0.009451127897799784,0.0003794457342056563,0.0,9.717758963044158,0.0016488265901529909,-0.004027653438877832,0.0,0.0,0.0,0.006766193328227266,0.0
131.706496266,9.716984776799325,-0.0006646165623214929,-0.0019069797663293282,0.0,9.687346029501892,-0.02325350534520283,-0.0064294240805979445,0.0,9.711306077280648,-0.003634853549479922,-0.0045662300193060525,0.0,0.0,0.0,0.011199137011011238,0.0
131.755675853,9.716984776799325,-0.0006646165623214929,-0.0019069797663293282,0.0,9.695303728587616,0.012263414897419677,-0.01131829055619583,0.012838001161363735,9.709399419053677,0.000898899768913749,-0.005201450152225527,0.012838001161363735,0.0,0.0,0.009267295091764886,0.0
131.806318268,9.716984776799325,-0.0006646165623214929,-0.0019069797663293282,0.0,9.680626822269458,0.010947318954112644,0.0026132156346841896,0.0,9.703294574179631,0.003031286596391551,-0.003155028126076757,0.0,0.0,0.0,0.004596277976861752,0.0
131.856470421,9.716984776799325,-0.0006646165623214929,-0.0019069797663293282,0.0,9.723866697229491,0.043905887317636304,0.005678516734417131,0.030793610047896245,9.708671830059476,0.011702371794455903,-0.0009161948535426247,0.030793610047896245,0.0,0.0,-0.0063256778290271005,0.0
131.906781385,9.716984776799325,-0.0006646165623214929,-0.0019069797663293282,0.0,9.73531123932027,0.010532876101158115,0.00927677987158683,0.0,9.71432406992039,0.011455594111011942,0.0006130841513482763,0.0,0.0,0.0,-0.015380731126208374,0.0
131.955901998,9.716984776799325,-0.0006646165623214929,-0.0019069797663293282,0.0,9.690150145675295,0.018932712244667468,-0.008332066330265899,0.0,9.7085499689352,0.009253167601715587,-0.00214264063178853,0.0,0.0,0.0,-0.01123086847049146,0.0
132.006814911,9.716984776799325,-0.0006646165623214929,-0.0019069797663293282,0.0,9.697410030004137,-0.007051302982028665,0.005856930374147423,0.0,9.706186345301811,0.0057940037431931084,-0.0007774109354861882,0.0,0.0,0.0,-0.009824666027240348,0.0
132.056497426,9.716984776799325,-0.0006646165623214929,-0.0019069797663293282,0.0,9.716114919135132,-0.007824753467947735,-0.015025495140870971,0.014190745015170703,9.70875990035304,0.0029027616374451685,-0.004334442457671373,0.014190745015170703,0.0,0.0,-0.003927641282692679,0.0
132.106178709,9.716984776799325,-0.0006646165623214929,-0.0019069797663293282,0.0,9.695848251598566,-0.01202812806316394,0.00524408470753601,0.0006698867574458044,9.706041151774448,-0.0002646498942167593,-0.002860462620304736,0.0006698867574458044,0.0,0.0,0.002299514060539286,0.0
132.155822332,9.716984776799325,-0.0006646165623214929,-0.0019069797663293282,0.0,9.742923347386975,-0.008100962096309835,-0.007734671011971994,0.0,9.716815175643852,-0.005217967192559163,-0.005401049842985881,0.0,0.0,0.0,0.011877066259952407,0.0
132.205798854,9.716984776799325,-0.0006646165623214929,-0.0019069797663293282,0.0,9.696209780585836,0.0019191675860748634,-0.008033533132661105,0.0,9.712443211207125,-0.003703712204222948,-0.006266855846162478,0.0,0.0,0.0,0.014976673065208489,0.0
132.256421188,9.716984776799325,-0.0006646165623214929,-0.0019069797663293282,0.0,9.72535442858206,-0.013428005781226406,0.002816546757430662,0.0,9.715182658253129,-0.005766805038374682,-0.0037721324869241834,0.0,0.0,0.0,0.015175715252809713,0.0
132.306298019,9.716984776799325,-0.0006646165623214929,-0.0019069797663293282,0.0,9.709037874291353,-0.001834109258209584,0.0058947519474862355,0.0006232512530808023,9.715719019238438,-0.01265799622033495,-0.00312849471142418,0.0,0.0,0.0,0.022206446794272514,0.0
132.356106118,9.716984776799325,-0.0006646165623214929,-0.0019069797663293282,0.0,9.734289703153104,-0.010789707226938826,-0.0007369133710535777,0.016759273291501786,9.719116595692288,-0.010452944677804431,-0.0007532882702238108,0.016759273291501786,0.0,0.0,0.019366951315592525,0.0
132.406164314,9.716984776799325,-0.0006646165623214929,-0.0019069797663293282,0.0,9.712866382689203,-0.021225661309327293,-0.0035958226070433646,0.006987003501017919,9.71800528991024,-0.01273912802120602,-0.001091203203377821,0.006987003501017919,0.0,0.0,0.020252353739685737,0.0
132.455890895,9.716984776799325,-0.0006646165623214929,-0.0019069797663293282,0.0,9.715641267280109,0.01259168932264888,-0.005982081860500078,0.0,9.717503701334048,-0.0073649100684657,-0.0012289151494808198,0.0,0.0,0.0,0.017789758470897733,0.0
132.505626892,9.716984776799325,-0.0006646165623214929,-0.0019069797663293282,0.0,9.722068860347235,-0.009940136736576746,0.012344409870950685,0.0,9.717589120301042,-0.0035231261854747637,0.0010810047306586503,0.0,0.0,0.0,0.008755373766856294,0.0
132.556061466,9.716984776799325,-0.0006646165623214929,-0.0019069797663293282,0.0,9.717657617262761,-0.012767905747197661,-0.000439460940080148,0.01577837709673975,9.718058532983529,-0.0054842357065458276,0.000282003256202314,0.01577837709673975,0.0,0.0,0.007361071908025834,0.0
132.605790051,9.716984776799325,-0.0006646165623214929,-0.0019069797663293282,0.0,9.726422049025873,-0.002674849615983467,0.0018365959116751714,0.0069386865800574685,9.720060120985737,-0.004887909048190811,0.0003399080567318862,0.0069386865800574685,0.0,0.0,0.007561241532402423,0.0
132.655786571,9.716984776799325,-0.0006646165623214929,-0.0019069797663293282,0.0,9.724421235503844,-0.01336251668574137,0.001385785124215369,0.0,9.720985443515401,-0.006685960387983117,0.0006459420930446345,0.0,0.0,0.0,0.009027651374419304,0.0
132.70563366,9.716984776799325,-0.0006646165623214929,-0.0019069797663293282,0.0,9.72042860863489,-0.01317197003431323,-0.00757359309891253,0.014743169724873087,9.722935425361865,0.00016716633035857194,-0.0020888234831769716,0.014743169724873087,0.0,0.0,0.0029354560058598433,0.0
132.755870724,9.716984776799325,-0.0006646165623214929,-0.0019069797663293282,0.0,9.702053053100293,0.010913616558046535,-0.01583142196302863,0.0,9.718504693046292,0.0024461871795217454,-0.005172607386953314,0.0,0.0,0.0,0.00361198321845982,0.0
132.80622053,9.716984776799325,-0.0006646165623214929,-0.0019069797663293282,0.0,9.725014455362405,-0.0071966549113991,-0.016231844668814006,0.0053312261873400945,9.720057991874805,0.00039834608534221804,-0.00663982827335234,0.0053312261873400945,0.0,0.0,0.006666159486213146,0.0
132.855785783,9.716984776799325,-0.0006646165623214929,-0.0019069797663293282,0.0,9.707460128099589,-0.003196380075841389,-0.0007196976402314689,0.0,9.717385031773018,-0.0003640833694523595,-0.005232782181571733,0.0,0.0,0.0,0.008262615153561803,0.0
132.90638557,9.716984776799325,-0.0006646165623214929,-0.0019069797663293282,0.0,9.715724531001086,0.00856462241630894,0.0007653725839877517,0.024174890871117325,9.72143504137725,-0.004531844827983439,-0.0026996444523277336,0.024174890871117325,0.0,0.0,0.012601726197179211,0.0
132.95589569,9.716984776799325,-0.0006646165623214929,-0.0019069797663293282,0.0,9.70959657359302,0.0038153916064674167,-0.01740520543264021,0.0,9.71892319783498,-0.002762649732826792,-0.005750873279802491,0.0,0.0,0.0,0.012805384093819386,0.0
133.005746308,9.716984776799325,-0.0006646165623214929,-0.0019069797663293282,0.0,9.729755274082665,-0.03862397874605472,-0.012852449690987157,0.0,9.721221498691072,-0.010372143653579954,-0.007007642997559153,0.0,0.0,0.0,0.019757737600596806,0.0
133.056138471,9.716984776799325,-0.0006646165623214929,-0.0019069797663293282,0.0,9.735110872196394,-0.01997617897912614,-0.006159831537822753,0.019285397465041102,9.72482586442842,-0.012414491785565519,-0.006178707745426768,0.019285397465041102,0.0,0.0,0.026724904642334034,0.0
133.106134017,9.716984776799325,-0.0006646165623214929,-0.0019069797663293282,0.0,9.735058373868664,0.0055417876111408595,-6.582033891976015e-05,0.016959518881943126,9.725106800579388,-0.007688525864520968,-0.006275565153207129,0.016959518881943126,0.0,0.0,0.025491894705331607,0.0
133.155816814,9.716984776799325,-0.0006646165623214929,-0.0019069797663293282,0.0,9.72817718310161,-0.0034141846228757594,-0.009788551593198832,0.0004305952075646534,9.725771418496363,-0.0067820896717006906,-0.006702249375935164,0.0004305952075646534,0.0,0.0,0.02294945708562025,0.0
133.206269811,9.716984776799325,-0.0006646165623214929,-0.0019069797663293282,0.0,9.707783069729832,0.0016372619669289211,0.002696599156516701,0.012651306984295016,9.722327372976082,-0.004997023759619662,-0.004767195600324207,0.012651306984295016,0.0,0.0,0.019312064902372784,0.0
133.255926641,9.716984776799325,-0.0006646165623214929,-0.0019069797663293282,0.0,9.738435500459294,0.004008334388537792,-0.0020169725848468542,0.01446947459590139,9.716210601812818,-0.0050403693374348885,-0.0011358470055824604,0.028531751913494285,0.0,0.0,0.012734435129851673,0.0
133.305636183,9.716984776799325,-0.0006646165623214929,-0.0019069797663293282,0.0,9.699913169917721,0.0081851418234258,-0.008107785861639934,0.016387280782172338,9.717325984293709,-0.0007246255490061253,-0.001794689527480167,0.016387280782172338,0.0,0.0,0.007407501152027069,0.0
133.356679379,9.716984776799325,-0.0006646165623214929,-0.0019069797663293282,0.0,9.690166741001212,0.009799071761631339,-0.007454760881634474,0.0,9.711563450373664,0.001507474174644548,-0.002938612211344391,0.0,0.0,0.0,0.004268839231370516,0.0
133.406481511,9.716984776799325,-0.0006646165623214929,-0.0019069797663293282,0.0,9.705896189126769,-0.003916460823325161,-0.009236025466733345,0.015294208693499452,9.710891376484495,0.00035422359953910226,-0.005297870314203251,0.015294208693499452,0.0,0.0,0.006808433643381559,0.0
133.455844028,9.716984776799325,-0.0006646165623214929,-0.0019069797663293282,0.0,9.713903023366766,0.010344715838281587,-0.005448881681989069,0.017120437813120414,9.712054219618762,0.002471043353048387,-0.004848404235302049,0.017120437813120414,0.0,0.0,0.00471270029049905,0.0
133.505597807,9.716984776799325,-0.0006646165623214929,-0.0019069797663293282,0.0,9.70594884400164,0.008503843339431412,0.007692610530784932,0.01034130251661669,9.714386409571203,0.002715391093885233,0.0006909998149094204,0.01034130251661669,0.0,0.0,-0.0007743334688008123,0.0
133.555795221,9.716984776799325,-0.0006646165623214929,-0.0019069797663293282,0.0,9.72077786430956,0.030791121901532593,0.0024460294853429084,0.0,9.715742521460243,0.008672523888473505,0.0011349175213924475,0.0,0.0,0.0,-0.008644117006899044,0.0
133.605612031,9.716984776799325,-0.0006646165623214929,-0.0019069797663293282,0.0,9.728539640759447,-0.0010387408179248145,-0.017328483738405513,0.009656688115509906,9.718748472100092,0.006610356966148223,-0.0017700728572713688,0.009656688115509906,0.0,0.0,-0.00801632739942459,0.0
133.656453714,9.716984776799325,-0.0006646165623214929,-0.0019069797663293282,0.0,9.723782816146683,0.02679001820307609,-0.009276279366467908,0.0,9.719816637099154,0.010891520649039237,-0.003368651804794586,0.0,0.0,0.0,-0.010819230486580924,0.0
133.705788561,9.716984776799325,-0.0006646165623214929,-0.0019069797663293282,0.0,9.72008171645708,4.383552263193956e-05,0.006328458204434308,0.005347475335797793,9.716336752868774,0.008565319512406725,-0.0018778510478839195,0.005347475335797793,0.0,0.0,-0.010585324770397336,0.0
133.755826155,9.716984776799325,-0.0006646165623214929,-0.0019069797663293282,0.0,9.717815237453165,0.0038334661454282517,-0.0059427405703529525,0.01188783194939559,9.716984838611822,0.00756024989057175,-0.002755976501695078,0.01188783194939559,0.0,0.0,-0.00930889729894239,0.0
133.806233699,9.716984776799325,-0.0006646165623214929,-0.0019069797663293282,0.0,9.707566405276014,-0.012048261391600165,0.007448922387345604,0.0,9.71498647763985,0.0034005243243757383,-0.0007061295439537737,0.0,0.0,0.0,-0.0066582277671617856,0.0
133.855785326,9.716984776799325,-0.0006646165623214929,-0.0019069797663293282,0.0,9.700333377700119,-0.017073436780435065,-0.0038536962146986497,0.014327536192536138,9.712328764309229,-0.0009442896235320772,-0.0011022594502440653,0.014327536192536138,0.0,0.0,0.0002698340649088188,0.0
133.906088653,9.716984776799325,-0.0006646165623214929,-0.0019069797663293282,0.0,9.721075429219521,0.003057554848000398,-0.007595463282549513,0.0,9.715248053361812,0.0034636758933329296,-0.002469431374764892,0.0,0.0,0.0,-0.001668716027892273,0.0
133.956052198,9.716984776799325,-0.0006646165623214929,-0.0019069797663293282,0.0,9.740644818197675,-0.012680443663210826,0.003448765235794662,0.002154466844022179,9.72069996287126,3.848964519998811e-05,-0.0012211074711782164,0.002154466844022179,0.0,0.0,-4.70085514174555e-05,0.0
134.005629918,9.716984776799325,-0.0006646165623214929,-0.0019069797663293282,0.0,9.724997819143892,-0.015073580837324393,-0.00470016439807582,0.0,9.721611863306078,-0.0031681044696485103,-0.0009620059755739852,0.0,0.0,0.0,0.003427756556532535,0.0
134.056070058,9.716984776799325,-0.0006646165623214929,-0.0019069797663293282,0.0,9.707011512935933,0.007005801319263625,0.008391237187993705,0.000246207693971682,9.718521773908165,-0.0010092003076409622,0.0002532225517345669,0.000246207693971682,0.0,0.0,0.0018805665550966789,0.0
134.106600236,9.716984776799325,-0.0006646165623214929,-0.0019069797663293282,0.0,9.715245194903105,-0.011244747770974794,-0.00993792925528109,0.0,9.719426370446033,-0.004714497405449019,-0.0006865743380154947,0.0,0.0,0.0,0.004972473148570286,0.0
134.156078712,9.716984776799325,-0.0006646165623214929,-0.0019069797663293282,0.0,9.697987860678188,-0.008690525507511522,0.004746373133367008,0.025410810053056333,9.715682697616781,-0.005558021367246706,0.0011240527506040277,0.025410810053056333,0.0,0.0,0.006835314048392492,0.0
134.20582345,9.716984776799325,-0.0006646165623214929,-0.0019069797663293282,0.0,9.683782406441303,0.0011340859440817537,0.008053050381252239,0.0,9.708914231140884,-0.004137584656084193,0.003232292247483191,0.0,0.0,0.0,0.004475243070045112,0.0
134.255676446,9.716984776799325,-0.0006646165623214929,-0.0019069797663293282,0.0,9.723841388744846,-0.006482486293906221,0.003075491362971336,0.0,9.712081411355372,-0.004635137616209957,0.0033912785282137277,0.0,0.0,0.0,0.0027418129385513262,0.0
134.306017073,9.716984776799325,-0.0006646165623214929,-0.0019069797663293282,0.0,9.68536901982478,0.029569592042445376,-0.0016882057397148303,0.0,9.703838991988297,0.00850918923160678,0.0006054596920672418,0.0,0.0,0.0,-0.007677230452657235,0.0
134.356467914,9.716984776799325,-0.0006646165623214929,-0.0019069797663293282,0.0,9.7260505751331,-0.004548141410212595,0.011033254353738524,0.0,9.708551749831416,0.005739061342732869,0.002804548742545777,0.0,0.0,0.0,-0.012082838139369266,0.0
134.406616175,9.716984776799325,-0.0006646165623214929,-0.0019069797663293282,0.0,9.717108151852525,0.008992667391297525,-0.00573615151008044,0.0,9.710367210753326,0.006429236765457232,0.0009097390382622629,0.0,0.0,0.0,-0.012322163568709243,0.0
134.455708052,9.716984776799325,-0.0006646165623214929,-0.0019069797663293282,0.0,9.700261286642405,-0.014520192737444515,-0.005817443384998637,0.005991134476703377,9.708416189230292,0.0019841747184869184,-0.0008655853300065634,0.005991134476703377,0.0,0.0,-0.004975792797985177,0.0
134.505810635,9.716984776799325,-0.0006646165623214929,-0.0019069797663293282,0.0,9.716573662457165,-0.009359977785534048,0.0005190779094474706,0.0,9.714521949432234,-0.00037649881882417455,-0.0004524995287092975,0.0,0.0,0.0,-0.0012143344824044485,0.0
134.556297491,9.716984776799325,-0.0006646165623214929,-0.0019069797663293282,0.0,9.729353715834664,-0.006026959582985298,-0.0005461762138838102,0.0023041121899399796,9.717738339890184,-0.0015754344583341529,-6.190095433238041e-05,0.0023041121899399796,0.0,0.0,0.001139826241352233,0.0
134.60567756,9.716984776799325,-0.0006646165623214929,-0.0019069797663293282,0.0,9.717091130177613,-0.0030785192630818914,-0.0073370932930919095,0.01925207634363676,9.718198190954958,-0.001895256375876802,-0.0013272953751843522,0.01925207634363676,0.0,0.0,0.0033134140181916337,0.0
134.655561521,9.716984776799325,-0.0006646165623214929,-0.0019069797663293282,0.0,9.717120308135032,0.0002938229355410843,-0.006754210303050426,0.0,9.717969490397033,-0.0014311827498001296,-0.0023308466726923408,0.0,0.0,0.0,0.005200729784316965,0.0
134.705588543,9.716984776799325,-0.0006646165623214929,-0.0019069797663293282,0.0,9.70053581963919,0.014624080183514984,-0.0072576152248679995,0.0,9.718229123741258,0.0018291180242405573,-0.004316106932633757,0.0,0.0,0.0,0.0055070275171263516,0.0
134.755554762,9.716984776799325,-0.0006646165623214929,-0.0019069797663293282,0.0,9.701629326786163,-0.010972664598728964,-0.0025771900568814458,0.0,9.71470705011023,-0.0008870826655378952,-0.0030850243715409044,0.0,0.0,0.0,0.00551064213739894,0.0
134.80642059,9.716984776799325,-0.0006646165623214929,-0.0019069797663293282,0.0,9.722362931489489,-0.011350046949501287,-0.012175433580132332,0.0,9.716331441802545,-0.0031073253961544653,-0.004424293984250599,0.0,0.0,0.0,0.008662670917870407,0.0
134.855549367,9.716984776799325,-0.0006646165623214929,-0.0019069797663293282,0.0,9.702933132669063,-0.008634246710871178,-0.0038699248128617157,0.007282791997847207,9.714686238203436,-0.006980937998674352,-0.0043478029101867025,0.007282791997847207,0.0,0.0,0.015252493165444643,0.0
134.906083129,9.716984776799325,-0.0006646165623214929,-0.0019069797663293282,0.0,9.737160582388944,-0.009510229444894864,-0.0018020373280891613,0.0,9.719454748641537,-0.0075174605681601996,-0.003988773708978384,0.0,0.0,0.0,0.01738417331647963,0.0
134.955585514,9.716984776799325,-0.0006646165623214929,-0.0019069797663293282,0.0,9.721020869079211,0.002534206844760661,0.01369022795312365,0.0,9.719787043536535,-0.0053842214157215525,-0.00020272420135098237,0.0,0.0,0.0,0.013837542604718572,0.0
135.005599824,9.716984776799325,-0.0006646165623214929,-0.0019069797663293282,0.0,9.731567034088648,-0.009704001938759676,-0.006001025611627314,0.01875190940579916,9.722923906784827,-0.006301617082104,-0.0014985735153173366,0.01875190940579916,0.0,0.0,0.012014217851787818,0.0
135.05556279,9.716984776799325,-0.0006646165623214929,-0.0019069797663293282,0.0,9.73510860634404,0.01167347834810472,-0.0025306472216316553,0.0,9.725509203916856,-0.0024878926823994354,-0.0009507808204879158,0.0,0.0,0.0,0.007471845864670491,0.0
135.105981384,9.716984776799325,-0.0006646165623214929,-0.0019069797663293282,0.0,9.727041596043131,-0.02348656613794404,-0.0075006495768413246,0.0,9.729360869518176,-0.004994144816555753,-0.001725209670485113,0.0,0.0,0.0,0.0021801990723739314,0.0
135.156226038,9.716984776799325,-0.0006646165623214929,-0.0019069797663293282,0.0,9.716996369396478,-0.0019333543049546102,6.373591340182389e-05,0.008413988429838022,9.726981412810856,-0.004345013444355961,-0.0010990216887510533,0.008413988429838022,0.0,0.0,0.007239987404083478,0.0
135.205605485,9.716984776799325,-0.0006646165623214929,-0.0019069797663293282,0.0,9.72929196950691,-0.00626429722515619,0.008897004225602535,0.009814998029335276,9.727821810127073,-0.0047515186263895216,0.0011087555583995227,0.009814998029335276,0.0,0.0,0.006968629885292276,0.0
135.255575344,9.716984776799325,-0.0006646165623214929,-0.0019069797663293282,0.0,9.724739057056052,-0.010260667236560826,-0.015408419618160753,0.0,9.727167723407103,-0.005921609895283009,-0.0019728078258828196,0.0,0.0,0.0,0.010917982984240522,0.0
135.306032787,9.716984776799325,-0.0006646165623214929,-0.0019069797663293282,0.0,9.72697577989992,-0.0011191827430043063,-0.0058641871809589855,0.0,9.724782600467343,-0.0040172103090122275,-0.0031886062157058404,0.0,0.0,0.0,0.011340705382380113,0.0
135.355690337,9.716984776799325,-0.0006646165623214929,-0.0019069797663293282,0.0,9.724583769613448,0.00598422253037493,-0.0006941593981180368,0.0,9.724740413441864,-0.0018951056765029338,-0.002756011224030855,0.0,0.0,0.0,0.009632844801985162,0.0
135.406483591,9.716984776799325,-0.0006646165623214929,-0.0019069797663293282,0.0,9.719548353673297,0.01620268146200595,0.00018575907102171604,0.01202658290748864,9.724027469529856,0.0019440063366099527,-0.0026564485261089082,0.01202658290748864,0.0,0.0,0.005268738435529864,0.0
135.455600222,9.716984776799325,-0.0006646165623214929,-0.0019069797663293282,0.0,9.710087449204776,0.0021475770245943954,-0.0056129684011025196,0.00021424278116194696,9.721076530095907,0.0019870679608130952,-0.0037511837375802095,0.00021424278116194696,0.0,0.0,0.0035625540553028186,0.0
135.505889413,9.716984776799325,-0.0006646165623214929,-0.0019069797663293282,0.0,9.730505027320698,0.0059773176137078495,-0.005350801907123718,0.0,9.72303891753618,-0.0009146180525779976,-0.0028305747937162075,0.0,0.0,0.0,0.005450256529980373,0.0
135.555692115,9.716984776799325,-0.0006646165623214929,-0.0019069797663293282,0.0,9.711613323511594,0.0180142927700401,0.012437225657117894,0.01134128687135569,9.720968625472509,0.0031017502194770506,0.0004122152211003954,0.01134128687135569,0.0,0.0,0.0006017619260317623,0.0
135.606301773,9.716984776799325,-0.0006646165623214929,-0.0019069797663293282,0.0,9.727943971856725,0.013802693994220402,0.003598507910134248,0.00229599573964061,9.72252096254396,0.005372405619962742,0.0016096233953862178,0.00229599573964061,0.0,0.0,-0.006236452872919522,0.0
135.655534571,9.716984776799325,-0.0006646165623214929,-0.0019069797663293282,0.0,9.72900127121405,-0.013170362178249548,0.003614948443088284,0.0199139298034189,9.724518095705422,0.0014394199158372922,0.0016930452417456819,0.0199139298034189,0.0,0.0,-0.005382355269752658,0.0
135.706633897,9.716984776799325,-0.0006646165623214929,-0.0019069797663293282,0.0,9.709505635475182,-0.017190443624940238,-0.0020886191726756354,0.009678031330609434,9.72357541732662,-0.0038025306646865594,-0.0017414169642544078,0.009678031330609434,0.0,0.0,0.0027753653150819693,0.0
135.755960768,9.716984776799325,-0.0006646165623214929,-0.0019069797663293282,0.0,9.708766946130504,0.01204918540100427,-0.00020238989986810394,0.0,9.720433419469478,-0.00043917388043630953,-0.0002866077162848235,0.0,0.0,0.0,0.003557495387465427,0.0
135.806100198,9.716984776799325,-0.0006646165623214929,-0.0019069797663293282,0.0,9.70552766601139,-0.009438717947940453,-0.0026459279192184277,0.026530399627821243,9.71810004973664,-0.0023493550194485023,-0.0006283222667845798,0.026530399627821243,0.0,0.0,0.0043992178573326116,0.0
135.855668752,9.716984776799325,-0.0006646165623214929,-0.0019069797663293282,0.0,9.715718601574494,0.0028912179549318677,-0.026303396610050895,0.02624113102828603,9.71967981404735,-0.002352621809841171,-0.004811459646436404,0.02624113102828603,0.0,0.0,0.0038528853463322167,0.0
135.906898503,9.716984776799325,-0.0006646165623214929,-0.0019069797663293282,0.0,9.735385776679296,-0.02246167699656441,-0.009658949015179507,0.019004589421753943,9.723648758919484,-0.00662361791486719,-0.005331100695405083,0.019004589421753943,0.0,0.0,0.012609688544623548,0.0
135.956108847,9.716984776799325,-0.0006646165623214929,-0.0019069797663293282,0.0,9.710910146606679,-0.006811280016157039,-0.006366961804965333,0.006642854242457524,9.721147525115715,-0.006664744452530657,-0.005325331325227473,0.006642854242457524,0.0,0.0,0.017181073849068113,0.0
136.00569565,9.716984776799325,-0.0006646165623214929,-0.0019069797663293282,0.0,9.69688552095812,0.006276156482628439,-0.013837123446066883,0.0,9.715999714879478,-0.00391996712138248,-0.006893911714634225,0.0,0.0,0.0,0.017265506258913217,0.0
136.055727831,9.716984776799325,-0.0006646165623214929,-0.0019069797663293282,0.0,9.698708439115633,-0.016279791583069456,-0.013902784663940427,0.0,9.716657446207785,-0.005576486573742049,-0.007831477765208495,0.0,0.0,0.0,0.014831577914402382,0.0
136.10574576,9.716984776799325,-0.0006646165623214929,-0.0019069797663293282,0.0,9.71970630955601,0.00015998005645672232,-0.01194685584864941,0.0,9.717304340687754,-0.004359455167800221,-0.008722972048206268,0.0,0.0,0.0,0.019215344293850318,0.0
136.156012463,9.716984776799325,-0.0006646165623214929,-0.0019069797663293282,0.0,9.69007534326731,-0.006002478307005518,0.008398482164467223,0.009435064228065851,9.711848000595479,-0.004709624591493309,-0.005563291465084849,0.009435064228065851,0.0,0.0,0.01838969021169794,0.0
136.206104388,9.716984776799325,-0.0006646165623214929,-0.0019069797663293282,0.0,9.71982604479989,0.03284350872538374,0.0006039548659360789,0.012540823994704695,9.713952297620477,0.003256697218601717,-0.004622194943745484,0.012540823994704695,0.0,0.0,0.007086809643639514,0.0
136.255686767,9.716984776799325,-0.0006646165623214929,-0.0019069797663293282,0.0,9.725972417775193,-0.004033103933022997,-0.0023183740266511338,0.0012860561543424243,9.715527250301772,-0.0045662265747344775,-0.002945131527654674,0.0012860561543424243,0.0,0.0,0.01146308811428728,0.0
136.306172128,9.716984776799325,-0.0006646165623214929,-0.0019069797663293282,0.0,9.714041322031004,-0.011424410529015551,0.005532337120513455,0.0,9.71521197384658,-0.0060211231775384065,-0.0006398275016924599,0.0,0.0,0.0,0.011237800171081495,0.0
136.356814811,9.716984776799325,-0.0006646165623214929,-0.0019069797663293282,0.0,9.69004442323679,0.003956788375310185,0.0023913884829696733,0.0038677442002876357,9.709992181055815,-0.0039040174447721025,0.00015187190263392993,0.0038677442002876357,0.0,0.0,0.008738605493356129,0.0
136.405553945,9.716984776799325,-0.0006646165623214929,-0.0019069797663293282,0.0,9.712698082408696,0.014059075785415685,-0.018552299778860044,0.0,9.712198659403239,0.002613054428013551,-0.004406899806791036,0.0,0.0,0.0,0.003848902345957343,0.0
136.455926454,9.716984776799325,-0.0006646165623214929,-0.0019069797663293282,0.0,9.72612668687494,-0.01810535873549804,-0.011396048930878292,0.0,9.715153848277366,-0.0017829560925363228,-0.00583580898884817,0.0,0.0,0.0,0.007360169135036788,0.0
136.505974575,9.716984776799325,-0.0006646165623214929,-0.0019069797663293282,0.0,9.729110416630766,0.00847293634259465,-0.010253641548123188,0.0,9.718115092956506,0.0003930670752509916,-0.0064662503901462805,0.0,0.0,0.0,0.009616172244327335,0.0
136.555588197,9.716984776799325,-0.0006646165623214929,-0.0019069797663293282,0.0,9.709213263736718,0.010920318092918326,-0.0038195129342097557,0.0,9.715440067891274,0.0016716713122617967,-0.0025775683948639078,0.0,0.0,0.0,0.005120068647328062,0.0
136.606015759,9.716984776799325,-0.0006646165623214929,-0.0019069797663293282,0.0,9.700457389522523,-0.015707466910208877,0.0005495097298721624,0.0,9.712261108306553,-0.0020156335048845233,-0.0016468912735850055,0.0,0.0,0.0,0.004544570398263713,0.0
136.655615057,9.716984776799325,-0.0006646165623214929,-0.0019069797663293282,0.0,9.715605153747527,0.023726343241115715,-0.0011533874330602863,0.02124599320346297,9.71367307980229,0.0034449596369824777,-0.0007391128949103784,0.02124599320346297,0.0,0.0,0.0008769050548385869,0.0
136.706935738,9.716984776799325,-0.0006646165623214929,-0.0019069797663293282,0.0,9.72672880416736,0.007985509068461127,-0.010171003941892777,0.003497892414031252,9.718234248470575,0.009966652203359903,-0.002471855995973824,0.003497892414031252,0.0,0.0,-0.012406381691163912,0.0
136.756091992,9.716984776799325,-0.0006646165623214929,-0.0019069797663293282,0.0,9.727369249146317,0.0045296136478749985,0.0005219247856109938,0.0069217375500703416,9.720414839780064,0.008812699451431472,-0.0017899413864515136,0.0069217375500703416,0.0,0.0,-0.011776500605383619,0.0
136.806338269,9.716984776799325,-0.0006646165623214929,-0.0019069797663293282,0.0,9.716871380181832,-0.008963265846821361,0.004562654688034652,0.007991475888048553,9.719908513377504,0.005041240236108524,-0.0005043048771100662,0.007991475888048553,0.0,0.0,-0.00960968711849532,0.0
136.855670016,9.716984776799325,-0.0006646165623214929,-0.0019069797663293282,0.0,9.723051945365823,0.009094144502607267,-0.006123444194091216,0.009513226059159005,9.720898415916116,0.005900225493374745,-0.0006759728089236167,0.009513226059159005,0.0,0.0,-0.008464849203587456,0.0
136.905591552,9.716984776799325,-0.0006646165623214929,-0.0019069797663293282,0.0,9.691681193946952,-0.005358085405179669,-0.015185767923865974,0.0,9.714699229882664,0.003510466916906409,-0.003736290948845906,0.0,0.0,0.0,-0.0023085560670853054,0.0
136.956208427,9.716984776799325,-0.0006646165623214929,-0.0019069797663293282,0.0,9.711631859410915,-0.015580567141660593,-0.0014415006935192612,0.007699495488900141,9.712708601806257,-0.004429532358632884,-0.0023663752680556636,0.007699495488900141,0.0,0.0,0.005691138538322751,0.0
137.006144482,9.716984776799325,-0.0006646165623214929,-0.0019069797663293282,0.0,9.696699177358237,0.009990103268589156,0.0030388568426537687,0.0,9.70931179131135,-0.0013698159492553188,-0.0006037038008071113,0.0,0.0,0.0,0.005833652100853239,0.0
137.055747367,9.716984776799325,-0.0006646165623214929,-0.0019069797663293282,0.0,9.724355448251751,0.026168682120056092,-0.011566421201815585,0.014278690751769404,9.712965723075703,0.0044717711738949196,-0.0031716564881172408,0.014278690751769404,0.0,0.0,0.0016101650776869439,0.0
137.105913831,9.716984776799325,-0.0006646165623214929,-0.0019069797663293282,0.0,9.707600935900432,-0.010140911554924475,-0.010587871357432367,0.009723012458006157,9.719633646304295,0.004564581660772668,-0.0028290774248019776,0.005533360365558011,0.0,0.0,-0.0014496572239326452,0.0
137.156090426,9.716984776799325,-0.0006646165623214929,-0.0019069797663293282,0.0,9.712304302882417,-0.028310856494620857,-0.006357747013893128,0.0,9.716291044831767,-0.004870392129811182,-0.004027128171149349,0.0,0.0,0.0,0.007166147136817862,0.0
137.205635165,9.716984776799325,-0.0006646165623214929,-0.0019069797663293282,0.0,9.720322480570562,-0.009422576241886655,0.004007690101179368,0.0,9.717146418245957,-0.005835942029799187,-0.0020603466809769643,0.0,0.0,0.0,0.011376344268761707,0.0
137.255660992,9.716984776799325,-0.0006646165623214929,-0.0019069797663293282,0.0,9.722099767574461,-0.01914188523792444,0.0015550810368507228,0.0025901282235746455,9.718285492531207,-0.008659170316573747,-0.001431448110078714,0.0025901282235746455,0.0,0.0,0.013833053707111584,0.0
137.305903681,9.716984776799325,-0.0006646165623214929,-0.0019069797663293282,0.0,9.732962409901381,-0.01628369275100095,0.003175496907494342,0.016496544236150847,9.721923195181015,-0.010277167641074215,-0.00027140037124278183,0.016496544236150847,0.0,0.0,0.015955667095083143,0.0
137.356373402,9.716984776799325,-0.0006646165623214929,-0.0019069797663293282,0.0,9.74138363132529,-0.005523070852135449,0.005121299157401471,0.0,9.72440525278395,-0.0035810606108756518,-0.0006606995294768762,0.0,0.0,0.0,0.010865823286888699,0.0
137.40599522,9.716984776799325,-0.0006646165623214929,-0.0019069797663293282,0.0,9.704256347149705,-0.040239766708928294,-0.005358042999910766,0.022716003767840907,9.72081993606174,-0.01136024753004087,-0.0018213532780639472,0.022716003767840907,0.0,0.0,0.014456485030647734,0.0
